#
# A fatal error has been detected by the Java Runtime Environment:
#
#  EXCEPTION_ACCESS_VIOLATION (0xc0000005) at pc=0x00007ff8a45779c5, pid=36912, tid=40864
#
# JRE version: OpenJDK Runtime Environment (21.0.6) (build 21.0.6+-13391695-b895.109)
# Java VM: OpenJDK 64-Bit Server VM (21.0.6+-13391695-b895.109, mixed mode, tiered, compressed oops, compressed class ptrs, g1 gc, windows-amd64)
# Problematic frame:
# V  [jvm.dll+0x3179c5]
#
# No core dump will be written. Minidumps are not enabled by default on client versions of Windows
#
# If you would like to submit a bug report, please visit:
#   https://youtrack.jetbrains.com/issues/JBR
#

---------------  S U M M A R Y ------------

Command Line: --add-opens=java.base/java.lang=ALL-UNNAMED --add-opens=java.base/java.lang.invoke=ALL-UNNAMED --add-opens=java.base/java.util=ALL-UNNAMED --add-opens=java.prefs/java.util.prefs=ALL-UNNAMED --add-exports=jdk.compiler/com.sun.tools.javac.api=ALL-UNNAMED --add-exports=jdk.compiler/com.sun.tools.javac.util=ALL-UNNAMED --add-opens=java.base/java.util=ALL-UNNAMED --add-opens=java.prefs/java.util.prefs=ALL-UNNAMED --add-opens=java.base/java.nio.charset=ALL-UNNAMED --add-opens=java.base/java.net=ALL-UNNAMED --add-opens=java.base/java.util.concurrent=ALL-UNNAMED --add-opens=java.base/java.util.concurrent.atomic=ALL-UNNAMED --add-opens=java.xml/javax.xml.namespace=ALL-UNNAMED --add-opens=java.base/java.time=ALL-UNNAMED -Xmx2048m -Dfile.encoding=UTF-8 -Duser.country=TR -Duser.language=tr -Duser.variant -javaagent:C:\Users\duygu\.gradle\wrapper\dists\gradle-9.3.1-bin\23ovyewtku6u96viwx3xl3oks\gradle-9.3.1\lib\agents\gradle-instrumentation-agent-9.3.1.jar org.gradle.launcher.daemon.bootstrap.GradleDaemon 9.3.1

Host: Intel(R) Core(TM) i5-1035G1 CPU @ 1.00GHz, 8 cores, 15G,  Windows 11 , 64 bit Build 26100 (10.0.26100.7920)
Time: Thu May 14 15:23:00 2026 Türkiye Standart Saati elapsed time: 695.263238 seconds (0d 0h 11m 35s)

---------------  T H R E A D  ---------------

Current thread (0x0000018305ee63b0):  WorkerThread "G1 Conc#0"      [id=40864, stack(0x0000005d3bb00000,0x0000005d3bc00000) (1024K)]

Stack: [0x0000005d3bb00000,0x0000005d3bc00000],  sp=0x0000005d3bbff960,  free space=1022k
Native frames: (J=compiled Java code, j=interpreted, Vv=VM code, C=native code)
V  [jvm.dll+0x3179c5]
V  [jvm.dll+0x31785f]
V  [jvm.dll+0x31519d]
V  [jvm.dll+0x314de2]
V  [jvm.dll+0x334930]
V  [jvm.dll+0x331181]
V  [jvm.dll+0x332d0c]
V  [jvm.dll+0x331a53]
V  [jvm.dll+0x3353b6]
V  [jvm.dll+0x88c7e4]
V  [jvm.dll+0x806ed8]
V  [jvm.dll+0x6cef0d]
C  [ucrtbase.dll+0x37b0]
C  [KERNEL32.DLL+0x2e8d7]
C  [ntdll.dll+0x8c48c]


siginfo: EXCEPTION_ACCESS_VIOLATION (0xc0000005), reading address 0x0000018b05ea3d80


Registers:
RAX=0x0000018305ea7580, RBX=0x0000018305eedf30, RCX=0x0000000000000014, RDX=0x0000000000000001
RSP=0x0000005d3bbff960, RBP=0x0000000000000001, RSI=0x0000018305ed2c90, RDI=0x0000000010000000
R8 =0x0000000010000000, R9 =0x00000000fffff900, R10=0x0000018305e8ccf0, R11=0x0000000000000003
R12=0x0000000000000000, R13=0xaaaaaaaaaaaaaaab, R14=0x000000010004a638, R15=0x000000008348d5b0
RIP=0x00007ff8a45779c5, EFLAGS=0x0000000000010a06

XMM[0]=0x0000000000000000 0x0000000000000000
XMM[1]=0x0000000000000000 0x0000000000000000
XMM[2]=0x0000000000000000 0x0000000000000000
XMM[3]=0x0000000000000000 0x0000000000000000
XMM[4]=0x0000000000000000 0x0000000000000000
XMM[5]=0x0000000000000000 0x0000000000000000
XMM[6]=0x0000000000000000 0x3ffa8e4e405e2160
XMM[7]=0x0000000000000000 0x408f400000000000
XMM[8]=0x0000000000000000 0x0000000000000000
XMM[9]=0x0000000000000000 0x0000000000000000
XMM[10]=0x0000000000000000 0x0000000000000000
XMM[11]=0x0000000000000000 0x0000000000000000
XMM[12]=0x0000000000000000 0x0000000000000000
XMM[13]=0x0000000000000000 0x0000000000000000
XMM[14]=0x0000000000000000 0x0000000000000000
XMM[15]=0x0000000000000000 0x0000000000000000
  MXCSR=0x00001fa0


Register to memory mapping:

RAX=0x0000018305ea7580 points into unknown readable memory: 0x0000018305e72110 | 10 21 e7 05 83 01 00 00
RBX=0x0000018305eedf30 points into unknown readable memory: 0x00007ff8a4bcad38 | 38 ad bc a4 f8 7f 00 00
RCX=0x0000000000000014 is an unknown value
RDX=0x0000000000000001 is an unknown value
RSP=0x0000005d3bbff960 points into unknown readable memory: 0x000000000010b076 | 76 b0 10 00 00 00 00 00
RBP=0x0000000000000001 is an unknown value
RSI=0x0000018305ed2c90 points into unknown readable memory: 0x0000018305ee43c0 | c0 43 ee 05 83 01 00 00
RDI=0x0000000010000000 is an unknown value
R8 =0x0000000010000000 is an unknown value
R9 =0x00000000fffff900 is pointing into object: java.lang.String 
{0x00000000fffff8f0} - klass: 'java/lang/String'
 - string: "Lorg/gradle/kotlin/dsl/provider/KotlinScriptEvaluator;"
 - ---- fields (total size 3 words):
 - private 'hash' 'I' @12  0 (0x00000000)
 - private final 'coder' 'B' @16  0 (0x00)
 - private 'hashIsZero' 'Z' @17  false (0x00)
 - injected 'flags' 'B' @18  0 (0x00)
 - private final 'value' '[B' @20  [B{0x00000000fffff908} (0xfffff908)
R10=0x0000018305e8ccf0 points into unknown readable memory: 0x00007ff8a4bc93c0 | c0 93 bc a4 f8 7f 00 00
R11=0x0000000000000003 is an unknown value
R12=0x0 is null
R13=0xaaaaaaaaaaaaaaab is an unknown value
R14=0x000000010004a638 is a pointer to class: 
java.lang.reflect.Parameter {0x000000010004a640}
 - instance size:     5
 - klass size:        78
 - access:            public final synchronized 
 - flags:             rewritten has_nonstatic_fields has_nonstatic_concrete_methods has_miranda_methods 
 - state:             fully_initialized
 - name:              'java/lang/reflect/Parameter'
 - super:             'java/lang/Object'
 - sub:               
 - arrays:            'java/lang/reflect/Parameter'[]
 - methods:           Array<T>(0x000001831e0753e8)
 - method ordering:   Array<T>(0x000001831e000018)
 - default_methods:   Array<T>(0x000001831e076708)
 - default vtable indices:   Array<T>(0x000001831e076718)
 - local interfaces:  Array<T>(0x000001831e0753d8)
 - trans. interfaces: Array<T>(0x000001831e0753d8)
 - constants:         constant pool [243] {0x000001831e074b70} for 'java/lang/reflect/Parameter' cache=0x0000018320bf0678
 - class loader data:  loader data: 0x000001831d445680 of 'bootstrap'
 - inner classes:     Array<T>(0x000001831e0766a8)
 - nest members:     Array<T>(0x000001831e000028)
 - permitted subclasses:     Array<T>(0x000001831e000028)
 - java mirror:       a 'java/lang/Class'{0x0000000084d0fb38} = 'java/lang/reflect/Parameter'
 - vtable length      6  (start addr: 0x000000010004a818)
 - itable length      11 (start addr: 0x000000010004a848)
 - ---- static fields (0 words):
 - ---- non-static fields (7 words):
 - private final 'modifiers' 'I' @12 
 - private final 'index' 'I' @16 
 - private final 'name' 'Ljava/lang/String;' @20 
 - private final 'executable' 'Ljava/lang/reflect/Executable;' @24 
 - private volatile transient 'parameterTypeCache' 'Ljava/lang/reflect/Type;' @28 
 - private volatile transient 'parameterClassCache' 'Ljava/lang/Class;' @32 
 - private transient 'declaredAnnotations' 'Ljava/util/Map;' @36 
 - non-static oop maps: 20-36 
R15=0x000000008348d5b0 is an oop: java.lang.reflect.Field 
{0x000000008348d5b0} - klass: 'java/lang/reflect/Field'
 - ---- fields (total size 9 words):
 - 'override' 'Z' @12  false (0x00)
 - volatile 'accessCheckCache' 'Ljava/lang/Object;' @16  null (0x00000000)
 - private final 'trustedFinal' 'Z' @13  false (0x00)
 - private final 'slot' 'I' @20  35 (0x00000023)
 - private final 'modifiers' 'I' @24  4 (0x00000004)
 - private final 'clazz' 'Ljava/lang/Class;' @28  a 'java/lang/Class'{0x0000000082d94990} = 'groovy/lang/MetaClassImpl' (0x82d94990)
 - private final 'name' 'Ljava/lang/String;' @32  "registry"{0x0000000082c3aee8} (0x82c3aee8)
 - private final 'type' 'Ljava/lang/Class;' @36  a 'java/lang/Class'{0x0000000081256bb8} = 'groovy/lang/MetaClassRegistry' (0x81256bb8)
 - private final transient 'signature' 'Ljava/lang/String;' @40  null (0x00000000)
 - private volatile transient 'genericInfo' 'Lsun/reflect/generics/repository/FieldRepository;' @44  null (0x00000000)
 - private final 'annotations' '[B' @48  null (0x00000000)
 - private 'fieldAccessor' 'Ljdk/internal/reflect/FieldAccessor;' @52  null (0x00000000)
 - private 'overrideFieldAccessor' 'Ljdk/internal/reflect/FieldAccessor;' @56  null (0x00000000)
 - private 'root' 'Ljava/lang/reflect/Field;' @60  a 'java/lang/reflect/Field'{0x000000008348d5f8} (0x8348d5f8)
 - private volatile transient 'declaredAnnotations' 'Ljava/util/Map;' @64  
[error occurred during error reporting (printing register info), id 0xc0000005, EXCEPTION_ACCESS_VIOLATION (0xc0000005) at pc=0x00007ff8a491b062]

Top of Stack: (sp=0x0000005d3bbff960)
0x0000005d3bbff960:   000000000010b076 0000000001b1ebfc
0x0000005d3bbff970:   0000d38b69424b72 0000005d3bbffb30
0x0000005d3bbff980:   0000000010000000 00007ff8a457785f
0x0000005d3bbff990:   0000018305eedf30 0000005d3bbffb30
0x0000005d3bbff9a0:   000000010004a630 00007ff8a4928fcc
0x0000005d3bbff9b0:   000000008348d5f4 00007ff8a457519d
0x0000005d3bbff9c0:   000000008348d5f0 00007ff8a4575a4d
0x0000005d3bbff9d0:   0000005d3bbffa00 0000000100046b78
0x0000005d3bbff9e0:   0000005d3bbffaf0 0000000000000001
0x0000005d3bbff9f0:   000000008348d5b0 00007ff8a4574de2
0x0000005d3bbffa00:   000000010004a328 0000000000000009
0x0000005d3bbffa10:   0000005d3bbffb30 0000000000000000
0x0000005d3bbffa20:   0000018305eedf30 00007ff8a4594930
0x0000005d3bbffa30:   000000008348d5b0 0000018305ed2ca0
0x0000005d3bbffa40:   0000005d3bbffaf0 0000018305ed2ca0
0x0000005d3bbffa50:   000000008348d5b0 00007ff8a4591181
0x0000005d3bbffa60:   0000000000691ab6 0000005d3baff930
0x0000005d3bbffa70:   0000000083371628 00007ff8a45927b4
0x0000005d3bbffa80:   00000000006a0000 00007ff8a4592d0c
0x0000005d3bbffa90:   000000008348d590 0000000000691ab6
0x0000005d3bbffaa0:   0000000001b1ebfc 000000000010b076
0x0000005d3bbffab0:   0000000000000001 0000000000000001
0x0000005d3bbffac0:   0000018305eedf30 00007ff8a4591a53
0x0000005d3bbffad0:   0000000000000555 0000000000000000
0x0000005d3bbffae0:   0000005d3baff901 0000000000000000
0x0000005d3bbffaf0:   0000018305ed2c90 0000018305eedf30
0x0000005d3bbffb00:   0000000083400000 0000000000020000
0x0000005d3bbffb10:   0000000083400000 0000000000020000
0x0000005d3bbffb20:   00007ff8a4e0bb28 0000018303930101
0x0000005d3bbffb30:   00007ff8a4bcad58 000001831d5433b0
0x0000005d3bbffb40:   0000000000000003 0000018305e8ccf0
0x0000005d3bbffb50:   0000018305eedf30 00007ff8a4900003 

Instructions: (pc=0x00007ff8a45779c5)
0x00007ff8a45778c5:   05 75 35 48 8b 83 a8 00 00 00 48 39 83 a0 00 00
0x00007ff8a45778d5:   00 73 10 48 8b 83 c0 00 00 00 48 39 83 b8 00 00
0x00007ff8a45778e5:   00 72 7f 48 8b cb e8 30 c2 01 00 b0 01 48 8b 5c
0x00007ff8a45778f5:   24 30 48 83 c4 20 5f c3 48 8b 53 30 44 8b 82 80
0x00007ff8a4577905:   00 00 00 8b 82 00 01 00 00 41 8b c8 2b c8 81 e1
0x00007ff8a4577915:   ff ff 01 00 81 f9 fe ff 01 00 72 2c 48 8b cb e8
0x00007ff8a4577925:   c7 b5 01 00 48 8b 53 30 44 8b 82 80 00 00 00 8b
0x00007ff8a4577935:   82 00 01 00 00 41 8b c8 2b c8 81 e1 ff ff 01 00
0x00007ff8a4577945:   81 f9 fe ff 01 00 73 1a 48 8b 82 80 01 00 00 4a
0x00007ff8a4577955:   89 3c c0 41 8d 40 01 25 ff ff 01 00 89 82 80 00
0x00007ff8a4577965:   00 00 48 8b 5c 24 30 b0 01 48 83 c4 20 5f c3 cc
0x00007ff8a4577975:   cc cc cc cc cc cc cc cc cc cc cc 48 89 6c 24 10
0x00007ff8a4577985:   48 89 74 24 18 57 48 83 ec 20 4c 8b 51 08 48 8b
0x00007ff8a4577995:   f1 4d 8b c8 8b ea 49 8b f8 41 8b 8a 18 02 00 00
0x00007ff8a45779a5:   49 8b 82 10 02 00 00 48 d3 e0 8b 0d db e6 87 00
0x00007ff8a45779b5:   4c 2b c8 49 8b 82 f8 01 00 00 49 d3 e9 45 8b c9
0x00007ff8a45779c5:   4a 8b 04 c8 48 8b 40 68 4c 3b c0 72 12 32 c0 48
0x00007ff8a45779d5:   8b 6c 24 38 48 8b 74 24 40 48 83 c4 20 5f c3 48
0x00007ff8a45779e5:   8b 46 10 48 8d 4e 10 48 8b d7 48 89 5c 24 30 ff
0x00007ff8a45779f5:   10 8b 4e 28 48 8b d7 48 2b 56 18 48 8b 46 30 48
0x00007ff8a4577a05:   c1 ea 03 48 d3 ea 48 8b ca 48 c1 e9 06 4c 8d 04
0x00007ff8a4577a15:   c8 0f b6 ca 49 8b 00 80 e1 3f ba 01 00 00 00 48
0x00007ff8a4577a25:   d3 e2 48 8b c8 48 0b ca 48 3b c8 74 12 f0 49 0f
0x00007ff8a4577a35:   b1 08 74 25 48 8b c8 48 0b ca 48 3b c8 75 ee 32
0x00007ff8a4577a45:   db 48 8b 6c 24 38 0f b6 c3 48 8b 5c 24 30 48 8b
0x00007ff8a4577a55:   74 24 40 48 83 c4 20 5f c3 80 3d ab b7 81 00 00
0x00007ff8a4577a65:   b3 01 74 15 8b 57 08 8b 0d a6 a4 81 00 48 d3 e2
0x00007ff8a4577a75:   48 03 15 94 a4 81 00 eb 04 48 8b 57 08 48 8b cf
0x00007ff8a4577a85:   e8 66 26 e2 ff 48 8b 8e b8 02 00 00 4c 8b d8 4c
0x00007ff8a4577a95:   8b 0c e9 49 8b 51 18 8b 8a 18 02 00 00 4c 8b 82
0x00007ff8a4577aa5:   10 02 00 00 41 8b 51 60 49 d3 e0 8b 0d da e5 87
0x00007ff8a4577ab5:   00 49 2b f8 48 d3 ef 44 8b d7 49 23 d2 48 c1 e2 


Stack slot to memory mapping:

stack at sp + 0 slots: 0x000000000010b076 is an unknown value
stack at sp + 1 slots: 0x0000000001b1ebfc is an unknown value
stack at sp + 2 slots: 0x0000d38b69424b72 is an unknown value
stack at sp + 3 slots: 0x0000005d3bbffb30 points into unknown readable memory: 0x00007ff8a4bcad58 | 58 ad bc a4 f8 7f 00 00
stack at sp + 4 slots: 0x0000000010000000 is an unknown value
stack at sp + 5 slots: 0x00007ff8a457785f jvm.dll
stack at sp + 6 slots: 0x0000018305eedf30 points into unknown readable memory: 0x00007ff8a4bcad38 | 38 ad bc a4 f8 7f 00 00
stack at sp + 7 slots: 0x0000005d3bbffb30 points into unknown readable memory: 0x00007ff8a4bcad58 | 58 ad bc a4 f8 7f 00 00


---------------  P R O C E S S  ---------------

Threads class SMR info:
_java_thread_list=0x000001832791c2d0, length=69, elements={
0x0000018305e7b280, 0x000001831d68c6e0, 0x000001831d68fcb0, 0x000001831d674ff0,
0x000001831d677660, 0x000001831d679230, 0x000001831d67a7f0, 0x000001831d69cb00,
0x000001831d6a2570, 0x000001831d7bc160, 0x0000018322090c20, 0x0000018323180d40,
0x0000018323bc28b0, 0x0000018323b97dc0, 0x0000018323d9e140, 0x0000018323d9d420,
0x0000018323d9fb80, 0x0000018324d8cfb0, 0x0000018324d8a1c0, 0x0000018324d8aee0,
0x0000018324d8dcd0, 0x0000018324d8a850, 0x0000018324d8e360, 0x0000018324d8f080,
0x0000018324d8e9f0, 0x0000018324d8bc00, 0x0000018324d8f710, 0x0000018324d90430,
0x000001832563edf0, 0x000001833ca487c0, 0x000001833568a0a0, 0x00000183350814a0,
0x000001833c2b5b20, 0x000001833c2b6ed0, 0x000001833c2b8910, 0x0000018335083570,
0x00000183350821c0, 0x0000018335082ee0, 0x0000018335082850, 0x0000018335080780,
0x0000018335080e10, 0x00000183351bb380, 0x00000183351b9fd0, 0x00000183351ba660,
0x00000183351bacf0, 0x000001833cbdc920, 0x000001833def23b0, 0x000001833def30d0,
0x000001833def1000, 0x000001833def3760, 0x000001833def2a40, 0x000001833def02e0,
0x000001833cbfeea0, 0x00000183359df3e0, 0x00000183359dd9a0, 0x00000183359ded50,
0x00000183359de030, 0x00000183359dfa70, 0x00000183359dc5f0, 0x00000183359dcc80,
0x000001833cbda1c0, 0x000001833cbd94a0, 0x000001833cbdcfb0, 0x000001833cbdaee0,
0x000001833cbe0430, 0x000001833cbe2500, 0x000001833cbdfda0, 0x000001833cbe0ac0,
0x000001833e761c90
}

Java Threads: ( => current thread )
  0x0000018305e7b280 JavaThread "main"                              [_thread_blocked, id=38392, stack(0x0000005d3b800000,0x0000005d3b900000) (1024K)]
  0x000001831d68c6e0 JavaThread "Reference Handler"          daemon [_thread_blocked, id=29812, stack(0x0000005d3c000000,0x0000005d3c100000) (1024K)]
  0x000001831d68fcb0 JavaThread "Finalizer"                  daemon [_thread_blocked, id=34196, stack(0x0000005d3c100000,0x0000005d3c200000) (1024K)]
  0x000001831d674ff0 JavaThread "Signal Dispatcher"          daemon [_thread_blocked, id=23760, stack(0x0000005d3c200000,0x0000005d3c300000) (1024K)]
  0x000001831d677660 JavaThread "Attach Listener"            daemon [_thread_blocked, id=32508, stack(0x0000005d3c300000,0x0000005d3c400000) (1024K)]
  0x000001831d679230 JavaThread "Service Thread"             daemon [_thread_blocked, id=35180, stack(0x0000005d3c400000,0x0000005d3c500000) (1024K)]
  0x000001831d67a7f0 JavaThread "Monitor Deflation Thread"   daemon [_thread_blocked, id=20760, stack(0x0000005d3c500000,0x0000005d3c600000) (1024K)]
  0x000001831d69cb00 JavaThread "C2 CompilerThread0"         daemon [_thread_blocked, id=39104, stack(0x0000005d3c600000,0x0000005d3c700000) (1024K)]
  0x000001831d6a2570 JavaThread "C1 CompilerThread0"         daemon [_thread_blocked, id=40572, stack(0x0000005d3c700000,0x0000005d3c800000) (1024K)]
  0x000001831d7bc160 JavaThread "Common-Cleaner"             daemon [_thread_blocked, id=36860, stack(0x0000005d3c800000,0x0000005d3c900000) (1024K)]
  0x0000018322090c20 JavaThread "Notification Thread"        daemon [_thread_blocked, id=36456, stack(0x0000005d3c900000,0x0000005d3ca00000) (1024K)]
  0x0000018323180d40 JavaThread "Daemon health stats"               [_thread_blocked, id=35744, stack(0x0000005d3d100000,0x0000005d3d200000) (1024K)]
  0x0000018323bc28b0 JavaThread "Incoming local TCP Connector on port 64992"        [_thread_in_native, id=37880, stack(0x0000005d3d200000,0x0000005d3d300000) (1024K)]
  0x0000018323b97dc0 JavaThread "Daemon periodic checks"            [_thread_blocked, id=8528, stack(0x0000005d3d300000,0x0000005d3d400000) (1024K)]
  0x0000018323d9e140 JavaThread "Cache worker for journal cache (C:\Users\duygu\.gradle\caches\journal-1)"        [_thread_blocked, id=35036, stack(0x0000005d3dd00000,0x0000005d3de00000) (1024K)]
  0x0000018323d9d420 JavaThread "File lock request listener"        [_thread_in_native, id=39148, stack(0x0000005d3de00000,0x0000005d3df00000) (1024K)]
  0x0000018323d9fb80 JavaThread "Cache worker for file hash cache (C:\Users\duygu\.gradle\caches\9.3.1\fileHashes)"        [_thread_blocked, id=39740, stack(0x0000005d3df00000,0x0000005d3e000000) (1024K)]
  0x0000018324d8cfb0 JavaThread "File watcher server"        daemon [_thread_in_native, id=37292, stack(0x0000005d3e300000,0x0000005d3e400000) (1024K)]
  0x0000018324d8a1c0 JavaThread "File watcher consumer"      daemon [_thread_blocked, id=37864, stack(0x0000005d3e400000,0x0000005d3e500000) (1024K)]
  0x0000018324d8aee0 JavaThread "jar transforms"                    [_thread_blocked, id=3496, stack(0x0000005d3e500000,0x0000005d3e600000) (1024K)]
  0x0000018324d8dcd0 JavaThread "jar transforms Thread 2"           [_thread_blocked, id=37220, stack(0x0000005d3e600000,0x0000005d3e700000) (1024K)]
  0x0000018324d8a850 JavaThread "jar transforms Thread 3"           [_thread_blocked, id=40060, stack(0x0000005d3e700000,0x0000005d3e800000) (1024K)]
  0x0000018324d8e360 JavaThread "jar transforms Thread 4"           [_thread_blocked, id=36184, stack(0x0000005d3e800000,0x0000005d3e900000) (1024K)]
  0x0000018324d8f080 JavaThread "jar transforms Thread 5"           [_thread_blocked, id=40100, stack(0x0000005d3e900000,0x0000005d3ea00000) (1024K)]
  0x0000018324d8e9f0 JavaThread "jar transforms Thread 6"           [_thread_blocked, id=19508, stack(0x0000005d3ea00000,0x0000005d3eb00000) (1024K)]
  0x0000018324d8bc00 JavaThread "jar transforms Thread 7"           [_thread_blocked, id=35132, stack(0x0000005d3eb00000,0x0000005d3ec00000) (1024K)]
  0x0000018324d8f710 JavaThread "jar transforms Thread 8"           [_thread_blocked, id=36072, stack(0x0000005d3ec00000,0x0000005d3ed00000) (1024K)]
  0x0000018324d90430 JavaThread "Cache worker for file content cache (C:\Users\duygu\.gradle\caches\9.3.1\fileContent)"        [_thread_blocked, id=32664, stack(0x0000005d3ee00000,0x0000005d3ef00000) (1024K)]
  0x000001832563edf0 JavaThread "Memory manager"                    [_thread_blocked, id=39160, stack(0x0000005d3f800000,0x0000005d3f900000) (1024K)]
  0x000001833ca487c0 JavaThread "pool-3-thread-1"                   [_thread_blocked, id=35360, stack(0x0000005d40600000,0x0000005d40700000) (1024K)]
  0x000001833568a0a0 JavaThread "Daemon Thread 9"                   [_thread_blocked, id=7276, stack(0x0000005d3b500000,0x0000005d3b600000) (1024K)]
  0x00000183350814a0 JavaThread "Daemon worker Thread 7"            [_thread_blocked, id=40540, stack(0x0000005d3ca00000,0x0000005d3cb00000) (1024K)]
  0x000001833c2b5b20 JavaThread "VFS cleanup Thread 7"              [_thread_blocked, id=24672, stack(0x0000005d3d000000,0x0000005d3d100000) (1024K)]
  0x000001833c2b6ed0 JavaThread "Handler for socket connection from /127.0.0.1:64992 to /127.0.0.1:62597"        [_thread_in_native, id=34004, stack(0x0000005d3b600000,0x0000005d3b700000) (1024K)]
  0x000001833c2b8910 JavaThread "Cancel handler"                    [_thread_blocked, id=15492, stack(0x0000005d3b700000,0x0000005d3b800000) (1024K)]
  0x0000018335083570 JavaThread "Asynchronous log dispatcher for DefaultDaemonConnection: socket connection from /127.0.0.1:64992 to /127.0.0.1:62597"        [_thread_blocked, id=36828, stack(0x0000005d3d400000,0x0000005d3d500000) (1024K)]
  0x00000183350821c0 JavaThread "Stdin handler"                     [_thread_blocked, id=16012, stack(0x0000005d3d500000,0x0000005d3d600000) (1024K)]
  0x0000018335082ee0 JavaThread "Daemon client event forwarder"        [_thread_blocked, id=18372, stack(0x0000005d3d900000,0x0000005d3da00000) (1024K)]
  0x0000018335082850 JavaThread "Cache worker for file hash cache (C:\Users\duygu\AndroidStudioProjects\TicketApp\.gradle\9.3.1\fileHashes)"        [_thread_blocked, id=38860, stack(0x0000005d3da00000,0x0000005d3db00000) (1024K)]
  0x0000018335080780 JavaThread "Cache worker for Build Output Cleanup Cache (C:\Users\duygu\AndroidStudioProjects\TicketApp\.gradle\buildOutputCleanup)"        [_thread_blocked, id=38848, stack(0x0000005d3db00000,0x0000005d3dc00000) (1024K)]
  0x0000018335080e10 JavaThread "Cache worker for checksums cache (C:\Users\duygu\AndroidStudioProjects\TicketApp\.gradle\9.3.1\checksums)"        [_thread_blocked, id=37552, stack(0x0000005d3dc00000,0x0000005d3dd00000) (1024K)]
  0x00000183351bb380 JavaThread "Cache worker for cache directory md-supplier (C:\Users\duygu\.gradle\caches\9.3.1\md-supplier)"        [_thread_blocked, id=38132, stack(0x0000005d3e000000,0x0000005d3e100000) (1024K)]
  0x00000183351b9fd0 JavaThread "Cache worker for cache directory md-rule (C:\Users\duygu\.gradle\caches\9.3.1\md-rule)"        [_thread_blocked, id=38724, stack(0x0000005d3e100000,0x0000005d3e200000) (1024K)]
  0x00000183351ba660 JavaThread "Unconstrained build operations"        [_thread_blocked, id=36104, stack(0x0000005d3e200000,0x0000005d3e300000) (1024K)]
  0x00000183351bacf0 JavaThread "Unconstrained build operations Thread 2"        [_thread_blocked, id=37160, stack(0x0000005d3ed00000,0x0000005d3ee00000) (1024K)]
  0x000001833cbdc920 JavaThread "Unconstrained build operations Thread 3"        [_thread_blocked, id=40300, stack(0x0000005d3ef00000,0x0000005d3f000000) (1024K)]
  0x000001833def23b0 JavaThread "Unconstrained build operations Thread 4"        [_thread_blocked, id=34360, stack(0x0000005d3f000000,0x0000005d3f100000) (1024K)]
  0x000001833def30d0 JavaThread "Unconstrained build operations Thread 5"        [_thread_blocked, id=40428, stack(0x0000005d3f100000,0x0000005d3f200000) (1024K)]
  0x000001833def1000 JavaThread "Unconstrained build operations Thread 6"        [_thread_blocked, id=15720, stack(0x0000005d3f200000,0x0000005d3f300000) (1024K)]
  0x000001833def3760 JavaThread "Unconstrained build operations Thread 7"        [_thread_blocked, id=38932, stack(0x0000005d3f300000,0x0000005d3f400000) (1024K)]
  0x000001833def2a40 JavaThread "Unconstrained build operations Thread 8"        [_thread_blocked, id=39284, stack(0x0000005d3f400000,0x0000005d3f500000) (1024K)]
  0x000001833def02e0 JavaThread "Unconstrained build operations Thread 9"        [_thread_blocked, id=37352, stack(0x0000005d3f500000,0x0000005d3f600000) (1024K)]
  0x000001833cbfeea0 JavaThread "C2 CompilerThread1"         daemon [_thread_in_native, id=38112, stack(0x0000005d3f600000,0x0000005d3f700000) (1024K)]
  0x00000183359df3e0 JavaThread "Unconstrained build operations Thread 10"        [_thread_blocked, id=9372, stack(0x0000005d3f700000,0x0000005d3f800000) (1024K)]
  0x00000183359dd9a0 JavaThread "Unconstrained build operations Thread 11"        [_thread_blocked, id=35980, stack(0x0000005d3f900000,0x0000005d3fa00000) (1024K)]
  0x00000183359ded50 JavaThread "Unconstrained build operations Thread 12"        [_thread_blocked, id=34984, stack(0x0000005d3fa00000,0x0000005d3fb00000) (1024K)]
  0x00000183359de030 JavaThread "Unconstrained build operations Thread 13"        [_thread_blocked, id=39508, stack(0x0000005d3fb00000,0x0000005d3fc00000) (1024K)]
  0x00000183359dfa70 JavaThread "Unconstrained build operations Thread 14"        [_thread_blocked, id=34676, stack(0x0000005d3fc00000,0x0000005d3fd00000) (1024K)]
  0x00000183359dc5f0 JavaThread "Unconstrained build operations Thread 15"        [_thread_blocked, id=33616, stack(0x0000005d3fd00000,0x0000005d3fe00000) (1024K)]
  0x00000183359dcc80 JavaThread "Unconstrained build operations Thread 16"        [_thread_blocked, id=36236, stack(0x0000005d3fe00000,0x0000005d3ff00000) (1024K)]
  0x000001833cbda1c0 JavaThread "Unconstrained build operations Thread 17"        [_thread_blocked, id=35668, stack(0x0000005d3ff00000,0x0000005d40000000) (1024K)]
  0x000001833cbd94a0 JavaThread "Unconstrained build operations Thread 18"        [_thread_blocked, id=29388, stack(0x0000005d40000000,0x0000005d40100000) (1024K)]
  0x000001833cbdcfb0 JavaThread "Unconstrained build operations Thread 19"        [_thread_blocked, id=36200, stack(0x0000005d40100000,0x0000005d40200000) (1024K)]
  0x000001833cbdaee0 JavaThread "Unconstrained build operations Thread 20"        [_thread_blocked, id=13000, stack(0x0000005d40200000,0x0000005d40300000) (1024K)]
  0x000001833cbe0430 JavaThread "Unconstrained build operations Thread 21"        [_thread_blocked, id=17420, stack(0x0000005d40300000,0x0000005d40400000) (1024K)]
  0x000001833cbe2500 JavaThread "Unconstrained build operations Thread 22"        [_thread_blocked, id=36052, stack(0x0000005d40400000,0x0000005d40500000) (1024K)]
  0x000001833cbdfda0 JavaThread "Unconstrained build operations Thread 23"        [_thread_blocked, id=33884, stack(0x0000005d40500000,0x0000005d40600000) (1024K)]
  0x000001833cbe0ac0 JavaThread "Problems report writer"            [_thread_blocked, id=38748, stack(0x0000005d40700000,0x0000005d40800000) (1024K)]
  0x000001833e761c90 JavaThread "C2 CompilerThread2"         daemon [_thread_blocked, id=30536, stack(0x0000005d40800000,0x0000005d40900000) (1024K)]
Total: 69

Other Threads:
  0x000001831d547e50 VMThread "VM Thread"                           [id=37788, stack(0x0000005d3bf00000,0x0000005d3c000000) (1024K)]
  0x000001831d503300 WatcherThread "VM Periodic Task Thread"        [id=39124, stack(0x0000005d3be00000,0x0000005d3bf00000) (1024K)]
  0x0000018305ed2690 WorkerThread "GC Thread#0"                     [id=34180, stack(0x0000005d3b900000,0x0000005d3ba00000) (1024K)]
  0x0000018322183720 WorkerThread "GC Thread#1"                     [id=13460, stack(0x0000005d3cb00000,0x0000005d3cc00000) (1024K)]
  0x00000183224299f0 WorkerThread "GC Thread#2"                     [id=12532, stack(0x0000005d3cc00000,0x0000005d3cd00000) (1024K)]
  0x00000183221ff200 WorkerThread "GC Thread#3"                     [id=8776, stack(0x0000005d3cd00000,0x0000005d3ce00000) (1024K)]
  0x00000183221ff5a0 WorkerThread "GC Thread#4"                     [id=40136, stack(0x0000005d3ce00000,0x0000005d3cf00000) (1024K)]
  0x00000183221ff940 WorkerThread "GC Thread#5"                     [id=33008, stack(0x0000005d3cf00000,0x0000005d3d000000) (1024K)]
  0x0000018323c48000 WorkerThread "GC Thread#6"                     [id=37836, stack(0x0000005d3d600000,0x0000005d3d700000) (1024K)]
  0x0000018323c483a0 WorkerThread "GC Thread#7"                     [id=40536, stack(0x0000005d3d700000,0x0000005d3d800000) (1024K)]
  0x0000018305ee43c0 ConcurrentGCThread "G1 Main Marker"            [id=18940, stack(0x0000005d3ba00000,0x0000005d3bb00000) (1024K)]
=>0x0000018305ee63b0 WorkerThread "G1 Conc#0"                       [id=40864, stack(0x0000005d3bb00000,0x0000005d3bc00000) (1024K)]
  0x0000018323e05fe0 WorkerThread "G1 Conc#1"                       [id=40120, stack(0x0000005d3d800000,0x0000005d3d900000) (1024K)]
  0x000001831d4492d0 ConcurrentGCThread "G1 Refine#0"               [id=36740, stack(0x0000005d3bc00000,0x0000005d3bd00000) (1024K)]
  0x000001831d449bf0 ConcurrentGCThread "G1 Service"                [id=35920, stack(0x0000005d3bd00000,0x0000005d3be00000) (1024K)]
Total: 15

Threads with active compile tasks:
C2 CompilerThread1  695414 26564   !   4       org.jetbrains.kotlin.metadata.ProtoBuf$Class::<init> (2594 bytes)
Total: 1

VM state: not at safepoint (normal execution)

VM Mutex/Monitor currently owned by a thread:  ([mutex/lock_event])
[0x00007ff8a4e0e4a0] Heap_lock - owner thread: 0x00000183350814a0

Heap address: 0x0000000080000000, size: 2048 MB, Compressed Oops mode: 32-bit

CDS archive(s) not mapped
Compressed class space mapped at: 0x0000000100000000-0x0000000140000000, reserved size: 1073741824
Narrow klass base: 0x0000000000000000, Narrow klass shift: 3, Narrow klass range: 0x140000000

GC Precious Log:
 CardTable entry size: 512
 Card Set container configuration: InlinePtr #cards 5 size 8 Array Of Cards #cards 12 size 40 Howl #buckets 4 coarsen threshold 1843 Howl Bitmap #cards 512 size 80 coarsen threshold 460 Card regions per heap region 1 cards per card region 2048
 CPUs: 8 total, 8 available
 Memory: 16122M
 Large Page Support: Disabled
 NUMA Support: Disabled
 Compressed Oops: Enabled (32-bit)
 Heap Region Size: 1M
 Heap Min Capacity: 8M
 Heap Initial Capacity: 252M
 Heap Max Capacity: 2G
 Pre-touch: Disabled
 Parallel Workers: 8
 Concurrent Workers: 2
 Concurrent Refinement Workers: 8
 Periodic GC: Disabled

Heap:
 garbage-first heap   total 485376K, used 416256K [0x0000000080000000, 0x0000000100000000)
  region size 1024K, 79 young (80896K), 4 survivors (4096K)
 Metaspace       used 207091K, committed 209920K, reserved 1245184K
  class space    used 25932K, committed 27328K, reserved 1048576K

Heap Regions: E=young(eden), S=young(survivor), O=old, HS=humongous(starts), HC=humongous(continues), CS=collection set, F=free, TAMS=top-at-mark-start, PB=parsable bottom
|   0|0x0000000080000000, 0x0000000080100000, 0x0000000080100000|100%|HS|  |TAMS 0x0000000080100000| PB 0x0000000080000000| Complete 
|   1|0x0000000080100000, 0x0000000080200000, 0x0000000080200000|100%|HC|  |TAMS 0x0000000080200000| PB 0x0000000080100000| Complete 
|   2|0x0000000080200000, 0x0000000080300000, 0x0000000080300000|100%|HC|  |TAMS 0x0000000080300000| PB 0x0000000080200000| Complete 
|   3|0x0000000080300000, 0x0000000080400000, 0x0000000080400000|100%|HC|  |TAMS 0x0000000080400000| PB 0x0000000080300000| Complete 
|   4|0x0000000080400000, 0x0000000080500000, 0x0000000080500000|100%| O|  |TAMS 0x0000000080500000| PB 0x0000000080400000| Untracked 
|   5|0x0000000080500000, 0x0000000080600000, 0x0000000080600000|100%| O|  |TAMS 0x0000000080600000| PB 0x0000000080500000| Untracked 
|   6|0x0000000080600000, 0x0000000080700000, 0x0000000080700000|100%| O|  |TAMS 0x0000000080700000| PB 0x0000000080600000| Untracked 
|   7|0x0000000080700000, 0x0000000080800000, 0x0000000080800000|100%|HS|  |TAMS 0x0000000080800000| PB 0x0000000080700000| Complete 
|   8|0x0000000080800000, 0x0000000080900000, 0x0000000080900000|100%| O|  |TAMS 0x0000000080900000| PB 0x0000000080800000| Untracked 
|   9|0x0000000080900000, 0x0000000080a00000, 0x0000000080a00000|100%| O|  |TAMS 0x0000000080a00000| PB 0x0000000080900000| Untracked 
|  10|0x0000000080a00000, 0x0000000080b00000, 0x0000000080b00000|100%| O|  |TAMS 0x0000000080b00000| PB 0x0000000080a00000| Untracked 
|  11|0x0000000080b00000, 0x0000000080c00000, 0x0000000080c00000|100%|HS|  |TAMS 0x0000000080c00000| PB 0x0000000080b00000| Complete 
|  12|0x0000000080c00000, 0x0000000080d00000, 0x0000000080d00000|100%| O|  |TAMS 0x0000000080d00000| PB 0x0000000080c00000| Untracked 
|  13|0x0000000080d00000, 0x0000000080e00000, 0x0000000080e00000|100%| O|  |TAMS 0x0000000080e00000| PB 0x0000000080d00000| Untracked 
|  14|0x0000000080e00000, 0x0000000080f00000, 0x0000000080f00000|100%| O|  |TAMS 0x0000000080f00000| PB 0x0000000080e00000| Untracked 
|  15|0x0000000080f00000, 0x0000000081000000, 0x0000000081000000|100%| O|  |TAMS 0x0000000081000000| PB 0x0000000080f00000| Untracked 
|  16|0x0000000081000000, 0x0000000081100000, 0x0000000081100000|100%| O|  |TAMS 0x0000000081100000| PB 0x0000000081000000| Untracked 
|  17|0x0000000081100000, 0x0000000081200000, 0x0000000081200000|100%| O|  |TAMS 0x0000000081200000| PB 0x0000000081100000| Untracked 
|  18|0x0000000081200000, 0x0000000081300000, 0x0000000081300000|100%| O|  |TAMS 0x0000000081300000| PB 0x0000000081200000| Untracked 
|  19|0x0000000081300000, 0x0000000081400000, 0x0000000081400000|100%| O|  |TAMS 0x0000000081400000| PB 0x0000000081300000| Untracked 
|  20|0x0000000081400000, 0x0000000081500000, 0x0000000081500000|100%| O|  |TAMS 0x0000000081500000| PB 0x0000000081400000| Untracked 
|  21|0x0000000081500000, 0x0000000081600000, 0x0000000081600000|100%| O|  |TAMS 0x0000000081600000| PB 0x0000000081500000| Untracked 
|  22|0x0000000081600000, 0x0000000081700000, 0x0000000081700000|100%|HS|  |TAMS 0x0000000081700000| PB 0x0000000081600000| Complete 
|  23|0x0000000081700000, 0x0000000081800000, 0x0000000081800000|100%| O|  |TAMS 0x0000000081800000| PB 0x0000000081700000| Untracked 
|  24|0x0000000081800000, 0x0000000081900000, 0x0000000081900000|100%|HS|  |TAMS 0x0000000081900000| PB 0x0000000081800000| Complete 
|  25|0x0000000081900000, 0x0000000081a00000, 0x0000000081a00000|100%|HC|  |TAMS 0x0000000081a00000| PB 0x0000000081900000| Complete 
|  26|0x0000000081a00000, 0x0000000081b00000, 0x0000000081b00000|100%|HC|  |TAMS 0x0000000081b00000| PB 0x0000000081a00000| Complete 
|  27|0x0000000081b00000, 0x0000000081c00000, 0x0000000081c00000|100%|HC|  |TAMS 0x0000000081c00000| PB 0x0000000081b00000| Complete 
|  28|0x0000000081c00000, 0x0000000081d00000, 0x0000000081d00000|100%|HC|  |TAMS 0x0000000081d00000| PB 0x0000000081c00000| Complete 
|  29|0x0000000081d00000, 0x0000000081e00000, 0x0000000081e00000|100%|HC|  |TAMS 0x0000000081e00000| PB 0x0000000081d00000| Complete 
|  30|0x0000000081e00000, 0x0000000081f00000, 0x0000000081f00000|100%|HS|  |TAMS 0x0000000081f00000| PB 0x0000000081e00000| Complete 
|  31|0x0000000081f00000, 0x0000000082000000, 0x0000000082000000|100%|HC|  |TAMS 0x0000000082000000| PB 0x0000000081f00000| Complete 
|  32|0x0000000082000000, 0x0000000082100000, 0x0000000082100000|100%|HC|  |TAMS 0x0000000082100000| PB 0x0000000082000000| Complete 
|  33|0x0000000082100000, 0x0000000082200000, 0x0000000082200000|100%|HC|  |TAMS 0x0000000082200000| PB 0x0000000082100000| Complete 
|  34|0x0000000082200000, 0x0000000082300000, 0x0000000082300000|100%|HS|  |TAMS 0x0000000082300000| PB 0x0000000082200000| Complete 
|  35|0x0000000082300000, 0x0000000082400000, 0x0000000082400000|100%|HC|  |TAMS 0x0000000082400000| PB 0x0000000082300000| Complete 
|  36|0x0000000082400000, 0x0000000082500000, 0x0000000082500000|100%|HS|  |TAMS 0x0000000082500000| PB 0x0000000082400000| Complete 
|  37|0x0000000082500000, 0x0000000082600000, 0x0000000082600000|100%|HS|  |TAMS 0x0000000082600000| PB 0x0000000082500000| Complete 
|  38|0x0000000082600000, 0x0000000082700000, 0x0000000082700000|100%|HS|  |TAMS 0x0000000082700000| PB 0x0000000082600000| Complete 
|  39|0x0000000082700000, 0x0000000082800000, 0x0000000082800000|100%| O|  |TAMS 0x0000000082800000| PB 0x0000000082700000| Untracked 
|  40|0x0000000082800000, 0x0000000082900000, 0x0000000082900000|100%| O|  |TAMS 0x0000000082900000| PB 0x0000000082800000| Untracked 
|  41|0x0000000082900000, 0x0000000082a00000, 0x0000000082a00000|100%| O|  |TAMS 0x0000000082a00000| PB 0x0000000082900000| Untracked 
|  42|0x0000000082a00000, 0x0000000082b00000, 0x0000000082b00000|100%| O|  |TAMS 0x0000000082b00000| PB 0x0000000082a00000| Untracked 
|  43|0x0000000082b00000, 0x0000000082c00000, 0x0000000082c00000|100%| O|  |TAMS 0x0000000082c00000| PB 0x0000000082b00000| Untracked 
|  44|0x0000000082c00000, 0x0000000082d00000, 0x0000000082d00000|100%| O|  |TAMS 0x0000000082d00000| PB 0x0000000082c00000| Untracked 
|  45|0x0000000082d00000, 0x0000000082e00000, 0x0000000082e00000|100%| O|  |TAMS 0x0000000082e00000| PB 0x0000000082d00000| Untracked 
|  46|0x0000000082e00000, 0x0000000082f00000, 0x0000000082f00000|100%| O|  |TAMS 0x0000000082f00000| PB 0x0000000082e00000| Untracked 
|  47|0x0000000082f00000, 0x0000000083000000, 0x0000000083000000|100%| O|  |TAMS 0x0000000083000000| PB 0x0000000082f00000| Untracked 
|  48|0x0000000083000000, 0x0000000083100000, 0x0000000083100000|100%|HS|  |TAMS 0x0000000083100000| PB 0x0000000083000000| Complete 
|  49|0x0000000083100000, 0x0000000083200000, 0x0000000083200000|100%|HC|  |TAMS 0x0000000083200000| PB 0x0000000083100000| Complete 
|  50|0x0000000083200000, 0x0000000083300000, 0x0000000083300000|100%| O|  |TAMS 0x0000000083300000| PB 0x0000000083200000| Untracked 
|  51|0x0000000083300000, 0x0000000083400000, 0x0000000083400000|100%| O|  |TAMS 0x0000000083400000| PB 0x0000000083300000| Untracked 
|  52|0x0000000083400000, 0x0000000083500000, 0x0000000083500000|100%| O|  |TAMS 0x0000000083500000| PB 0x0000000083400000| Untracked 
|  53|0x0000000083500000, 0x0000000083600000, 0x0000000083600000|100%| O|  |TAMS 0x0000000083600000| PB 0x0000000083500000| Untracked 
|  54|0x0000000083600000, 0x0000000083700000, 0x0000000083700000|100%| O|  |TAMS 0x0000000083700000| PB 0x0000000083600000| Untracked 
|  55|0x0000000083700000, 0x0000000083800000, 0x0000000083800000|100%| O|  |TAMS 0x0000000083800000| PB 0x0000000083700000| Untracked 
|  56|0x0000000083800000, 0x0000000083900000, 0x0000000083900000|100%| O|  |TAMS 0x0000000083900000| PB 0x0000000083800000| Untracked 
|  57|0x0000000083900000, 0x0000000083a00000, 0x0000000083a00000|100%|HS|  |TAMS 0x0000000083a00000| PB 0x0000000083900000| Complete 
|  58|0x0000000083a00000, 0x0000000083b00000, 0x0000000083b00000|100%| O|  |TAMS 0x0000000083b00000| PB 0x0000000083a00000| Untracked 
|  59|0x0000000083b00000, 0x0000000083c00000, 0x0000000083c00000|100%|HS|  |TAMS 0x0000000083c00000| PB 0x0000000083b00000| Complete 
|  60|0x0000000083c00000, 0x0000000083d00000, 0x0000000083d00000|100%|HC|  |TAMS 0x0000000083d00000| PB 0x0000000083c00000| Complete 
|  61|0x0000000083d00000, 0x0000000083e00000, 0x0000000083e00000|100%|HC|  |TAMS 0x0000000083e00000| PB 0x0000000083d00000| Complete 
|  62|0x0000000083e00000, 0x0000000083f00000, 0x0000000083f00000|100%|HC|  |TAMS 0x0000000083f00000| PB 0x0000000083e00000| Complete 
|  63|0x0000000083f00000, 0x0000000084000000, 0x0000000084000000|100%|HC|  |TAMS 0x0000000084000000| PB 0x0000000083f00000| Complete 
|  64|0x0000000084000000, 0x0000000084100000, 0x0000000084100000|100%|HC|  |TAMS 0x0000000084100000| PB 0x0000000084000000| Complete 
|  65|0x0000000084100000, 0x0000000084200000, 0x0000000084200000|100%|HS|  |TAMS 0x0000000084200000| PB 0x0000000084100000| Complete 
|  66|0x0000000084200000, 0x0000000084300000, 0x0000000084300000|100%|HC|  |TAMS 0x0000000084300000| PB 0x0000000084200000| Complete 
|  67|0x0000000084300000, 0x0000000084400000, 0x0000000084400000|100%|HC|  |TAMS 0x0000000084400000| PB 0x0000000084300000| Complete 
|  68|0x0000000084400000, 0x0000000084500000, 0x0000000084500000|100%|HC|  |TAMS 0x0000000084500000| PB 0x0000000084400000| Complete 
|  69|0x0000000084500000, 0x0000000084600000, 0x0000000084600000|100%|HS|  |TAMS 0x0000000084600000| PB 0x0000000084500000| Complete 
|  70|0x0000000084600000, 0x0000000084700000, 0x0000000084700000|100%|HC|  |TAMS 0x0000000084700000| PB 0x0000000084600000| Complete 
|  71|0x0000000084700000, 0x0000000084800000, 0x0000000084800000|100%| O|  |TAMS 0x0000000084800000| PB 0x0000000084700000| Untracked 
|  72|0x0000000084800000, 0x0000000084900000, 0x0000000084900000|100%| O|  |TAMS 0x0000000084900000| PB 0x0000000084800000| Untracked 
|  73|0x0000000084900000, 0x0000000084a00000, 0x0000000084a00000|100%| O|  |TAMS 0x0000000084a00000| PB 0x0000000084900000| Untracked 
|  74|0x0000000084a00000, 0x0000000084b00000, 0x0000000084b00000|100%| O|  |TAMS 0x0000000084b00000| PB 0x0000000084a00000| Untracked 
|  75|0x0000000084b00000, 0x0000000084c00000, 0x0000000084c00000|100%| O|  |TAMS 0x0000000084c00000| PB 0x0000000084b00000| Untracked 
|  76|0x0000000084c00000, 0x0000000084d00000, 0x0000000084d00000|100%| O|  |TAMS 0x0000000084d00000| PB 0x0000000084c00000| Untracked 
|  77|0x0000000084d00000, 0x0000000084e00000, 0x0000000084e00000|100%| O|  |TAMS 0x0000000084e00000| PB 0x0000000084d00000| Untracked 
|  78|0x0000000084e00000, 0x0000000084f00000, 0x0000000084f00000|100%| O|  |TAMS 0x0000000084f00000| PB 0x0000000084e00000| Untracked 
|  79|0x0000000084f00000, 0x0000000085000000, 0x0000000085000000|100%| O|  |TAMS 0x0000000085000000| PB 0x0000000084f00000| Untracked 
|  80|0x0000000085000000, 0x0000000085100000, 0x0000000085100000|100%| O|  |TAMS 0x0000000085100000| PB 0x0000000085000000| Untracked 
|  81|0x0000000085100000, 0x0000000085200000, 0x0000000085200000|100%| O|  |TAMS 0x0000000085200000| PB 0x0000000085100000| Untracked 
|  82|0x0000000085200000, 0x0000000085300000, 0x0000000085300000|100%| O|  |TAMS 0x0000000085300000| PB 0x0000000085200000| Untracked 
|  83|0x0000000085300000, 0x0000000085400000, 0x0000000085400000|100%|HS|  |TAMS 0x0000000085400000| PB 0x0000000085300000| Complete 
|  84|0x0000000085400000, 0x0000000085500000, 0x0000000085500000|100%|HC|  |TAMS 0x0000000085500000| PB 0x0000000085400000| Complete 
|  85|0x0000000085500000, 0x0000000085600000, 0x0000000085600000|100%|HC|  |TAMS 0x0000000085600000| PB 0x0000000085500000| Complete 
|  86|0x0000000085600000, 0x0000000085700000, 0x0000000085700000|100%|HC|  |TAMS 0x0000000085700000| PB 0x0000000085600000| Complete 
|  87|0x0000000085700000, 0x0000000085800000, 0x0000000085800000|100%|HC|  |TAMS 0x0000000085800000| PB 0x0000000085700000| Complete 
|  88|0x0000000085800000, 0x0000000085900000, 0x0000000085900000|100%|HC|  |TAMS 0x0000000085900000| PB 0x0000000085800000| Complete 
|  89|0x0000000085900000, 0x0000000085a00000, 0x0000000085a00000|100%|HS|  |TAMS 0x0000000085a00000| PB 0x0000000085900000| Complete 
|  90|0x0000000085a00000, 0x0000000085b00000, 0x0000000085b00000|100%|HC|  |TAMS 0x0000000085b00000| PB 0x0000000085a00000| Complete 
|  91|0x0000000085b00000, 0x0000000085c00000, 0x0000000085c00000|100%|HC|  |TAMS 0x0000000085c00000| PB 0x0000000085b00000| Complete 
|  92|0x0000000085c00000, 0x0000000085d00000, 0x0000000085d00000|100%|HC|  |TAMS 0x0000000085d00000| PB 0x0000000085c00000| Complete 
|  93|0x0000000085d00000, 0x0000000085e00000, 0x0000000085e00000|100%|HC|  |TAMS 0x0000000085e00000| PB 0x0000000085d00000| Complete 
|  94|0x0000000085e00000, 0x0000000085f00000, 0x0000000085f00000|100%|HC|  |TAMS 0x0000000085f00000| PB 0x0000000085e00000| Complete 
|  95|0x0000000085f00000, 0x0000000086000000, 0x0000000086000000|100%| O|  |TAMS 0x0000000086000000| PB 0x0000000085f00000| Untracked 
|  96|0x0000000086000000, 0x0000000086100000, 0x0000000086100000|100%| O|  |TAMS 0x0000000086100000| PB 0x0000000086000000| Untracked 
|  97|0x0000000086100000, 0x0000000086200000, 0x0000000086200000|100%| O|  |TAMS 0x0000000086200000| PB 0x0000000086100000| Untracked 
|  98|0x0000000086200000, 0x0000000086300000, 0x0000000086300000|100%| O|  |TAMS 0x0000000086300000| PB 0x0000000086200000| Untracked 
|  99|0x0000000086300000, 0x0000000086400000, 0x0000000086400000|100%| O|  |TAMS 0x0000000086400000| PB 0x0000000086300000| Untracked 
| 100|0x0000000086400000, 0x0000000086500000, 0x0000000086500000|100%| O|  |TAMS 0x0000000086500000| PB 0x0000000086400000| Untracked 
| 101|0x0000000086500000, 0x0000000086600000, 0x0000000086600000|100%| O|  |TAMS 0x0000000086600000| PB 0x0000000086500000| Untracked 
| 102|0x0000000086600000, 0x0000000086700000, 0x0000000086700000|100%| O|  |TAMS 0x0000000086700000| PB 0x0000000086600000| Untracked 
| 103|0x0000000086700000, 0x0000000086800000, 0x0000000086800000|100%| O|  |TAMS 0x0000000086800000| PB 0x0000000086700000| Untracked 
| 104|0x0000000086800000, 0x0000000086900000, 0x0000000086900000|100%| O|  |TAMS 0x0000000086800000| PB 0x0000000086800000| Untracked 
| 105|0x0000000086900000, 0x0000000086a00000, 0x0000000086a00000|100%| O|  |TAMS 0x0000000086a00000| PB 0x0000000086900000| Untracked 
| 106|0x0000000086a00000, 0x0000000086b00000, 0x0000000086b00000|100%| O|  |TAMS 0x0000000086b00000| PB 0x0000000086a00000| Untracked 
| 107|0x0000000086b00000, 0x0000000086c00000, 0x0000000086c00000|100%| O|  |TAMS 0x0000000086c00000| PB 0x0000000086b00000| Untracked 
| 108|0x0000000086c00000, 0x0000000086d00000, 0x0000000086d00000|100%| O|  |TAMS 0x0000000086d00000| PB 0x0000000086c00000| Untracked 
| 109|0x0000000086d00000, 0x0000000086e00000, 0x0000000086e00000|100%| O|  |TAMS 0x0000000086e00000| PB 0x0000000086d00000| Untracked 
| 110|0x0000000086e00000, 0x0000000086f00000, 0x0000000086f00000|100%| O|  |TAMS 0x0000000086f00000| PB 0x0000000086e00000| Untracked 
| 111|0x0000000086f00000, 0x0000000087000000, 0x0000000087000000|100%| O|  |TAMS 0x0000000087000000| PB 0x0000000086f00000| Untracked 
| 112|0x0000000087000000, 0x0000000087100000, 0x0000000087100000|100%| O|  |TAMS 0x0000000087100000| PB 0x0000000087000000| Untracked 
| 113|0x0000000087100000, 0x0000000087200000, 0x0000000087200000|100%| O|  |TAMS 0x0000000087200000| PB 0x0000000087100000| Untracked 
| 114|0x0000000087200000, 0x0000000087300000, 0x0000000087300000|100%| O|  |TAMS 0x0000000087300000| PB 0x0000000087200000| Untracked 
| 115|0x0000000087300000, 0x0000000087400000, 0x0000000087400000|100%| O|  |TAMS 0x0000000087400000| PB 0x0000000087300000| Untracked 
| 116|0x0000000087400000, 0x0000000087500000, 0x0000000087500000|100%| O|  |TAMS 0x0000000087500000| PB 0x0000000087400000| Untracked 
| 117|0x0000000087500000, 0x0000000087600000, 0x0000000087600000|100%| O|  |TAMS 0x0000000087600000| PB 0x0000000087500000| Untracked 
| 118|0x0000000087600000, 0x0000000087700000, 0x0000000087700000|100%| O|  |TAMS 0x0000000087700000| PB 0x0000000087600000| Untracked 
| 119|0x0000000087700000, 0x0000000087800000, 0x0000000087800000|100%| O|  |TAMS 0x0000000087800000| PB 0x0000000087700000| Untracked 
| 120|0x0000000087800000, 0x0000000087900000, 0x0000000087900000|100%| O|  |TAMS 0x0000000087900000| PB 0x0000000087800000| Untracked 
| 121|0x0000000087900000, 0x0000000087a00000, 0x0000000087a00000|100%| O|  |TAMS 0x0000000087a00000| PB 0x0000000087900000| Untracked 
| 122|0x0000000087a00000, 0x0000000087b00000, 0x0000000087b00000|100%| O|  |TAMS 0x0000000087b00000| PB 0x0000000087a00000| Untracked 
| 123|0x0000000087b00000, 0x0000000087c00000, 0x0000000087c00000|100%| O|  |TAMS 0x0000000087c00000| PB 0x0000000087b00000| Untracked 
| 124|0x0000000087c00000, 0x0000000087d00000, 0x0000000087d00000|100%| O|  |TAMS 0x0000000087d00000| PB 0x0000000087c00000| Untracked 
| 125|0x0000000087d00000, 0x0000000087e00000, 0x0000000087e00000|100%| O|  |TAMS 0x0000000087e00000| PB 0x0000000087d00000| Untracked 
| 126|0x0000000087e00000, 0x0000000087f00000, 0x0000000087f00000|100%| O|  |TAMS 0x0000000087f00000| PB 0x0000000087e00000| Untracked 
| 127|0x0000000087f00000, 0x0000000088000000, 0x0000000088000000|100%| O|  |TAMS 0x0000000088000000| PB 0x0000000087f00000| Untracked 
| 128|0x0000000088000000, 0x0000000088100000, 0x0000000088100000|100%| O|  |TAMS 0x0000000088100000| PB 0x0000000088000000| Untracked 
| 129|0x0000000088100000, 0x0000000088200000, 0x0000000088200000|100%| O|  |TAMS 0x0000000088200000| PB 0x0000000088100000| Untracked 
| 130|0x0000000088200000, 0x0000000088300000, 0x0000000088300000|100%| O|  |TAMS 0x0000000088300000| PB 0x0000000088200000| Untracked 
| 131|0x0000000088300000, 0x0000000088400000, 0x0000000088400000|100%| O|  |TAMS 0x0000000088400000| PB 0x0000000088300000| Untracked 
| 132|0x0000000088400000, 0x0000000088500000, 0x0000000088500000|100%| O|  |TAMS 0x0000000088500000| PB 0x0000000088400000| Untracked 
| 133|0x0000000088500000, 0x0000000088600000, 0x0000000088600000|100%| O|  |TAMS 0x0000000088600000| PB 0x0000000088500000| Untracked 
| 134|0x0000000088600000, 0x0000000088700000, 0x0000000088700000|100%| O|  |TAMS 0x0000000088600000| PB 0x0000000088600000| Untracked 
| 135|0x0000000088700000, 0x0000000088800000, 0x0000000088800000|100%| O|  |TAMS 0x0000000088800000| PB 0x0000000088700000| Untracked 
| 136|0x0000000088800000, 0x0000000088900000, 0x0000000088900000|100%| O|  |TAMS 0x0000000088900000| PB 0x0000000088800000| Untracked 
| 137|0x0000000088900000, 0x0000000088a00000, 0x0000000088a00000|100%| O|  |TAMS 0x0000000088a00000| PB 0x0000000088900000| Untracked 
| 138|0x0000000088a00000, 0x0000000088b00000, 0x0000000088b00000|100%| O|  |TAMS 0x0000000088b00000| PB 0x0000000088a00000| Untracked 
| 139|0x0000000088b00000, 0x0000000088c00000, 0x0000000088c00000|100%| O|  |TAMS 0x0000000088c00000| PB 0x0000000088b00000| Untracked 
| 140|0x0000000088c00000, 0x0000000088d00000, 0x0000000088d00000|100%| O|  |TAMS 0x0000000088d00000| PB 0x0000000088c00000| Untracked 
| 141|0x0000000088d00000, 0x0000000088e00000, 0x0000000088e00000|100%| O|  |TAMS 0x0000000088e00000| PB 0x0000000088d00000| Untracked 
| 142|0x0000000088e00000, 0x0000000088f00000, 0x0000000088f00000|100%| O|  |TAMS 0x0000000088f00000| PB 0x0000000088e00000| Untracked 
| 143|0x0000000088f00000, 0x0000000089000000, 0x0000000089000000|100%| O|  |TAMS 0x0000000089000000| PB 0x0000000088f00000| Untracked 
| 144|0x0000000089000000, 0x0000000089100000, 0x0000000089100000|100%|HS|  |TAMS 0x0000000089100000| PB 0x0000000089000000| Complete 
| 145|0x0000000089100000, 0x0000000089200000, 0x0000000089200000|100%|HS|  |TAMS 0x0000000089200000| PB 0x0000000089100000| Complete 
| 146|0x0000000089200000, 0x0000000089300000, 0x0000000089300000|100%|HC|  |TAMS 0x0000000089300000| PB 0x0000000089200000| Complete 
| 147|0x0000000089300000, 0x0000000089400000, 0x0000000089400000|100%| O|  |TAMS 0x0000000089300000| PB 0x0000000089300000| Untracked 
| 148|0x0000000089400000, 0x0000000089500000, 0x0000000089500000|100%| O|  |TAMS 0x0000000089400000| PB 0x0000000089400000| Untracked 
| 149|0x0000000089500000, 0x0000000089600000, 0x0000000089600000|100%|HS|  |TAMS 0x0000000089600000| PB 0x0000000089500000| Complete 
| 150|0x0000000089600000, 0x0000000089700000, 0x0000000089700000|100%|HS|  |TAMS 0x0000000089700000| PB 0x0000000089600000| Complete 
| 151|0x0000000089700000, 0x0000000089800000, 0x0000000089800000|100%| O|  |TAMS 0x0000000089800000| PB 0x0000000089700000| Untracked 
| 152|0x0000000089800000, 0x0000000089900000, 0x0000000089900000|100%| O|  |TAMS 0x0000000089800000| PB 0x0000000089800000| Untracked 
| 153|0x0000000089900000, 0x0000000089a00000, 0x0000000089a00000|100%|HS|  |TAMS 0x0000000089a00000| PB 0x0000000089900000| Complete 
| 154|0x0000000089a00000, 0x0000000089b00000, 0x0000000089b00000|100%| O|  |TAMS 0x0000000089b00000| PB 0x0000000089a00000| Untracked 
| 155|0x0000000089b00000, 0x0000000089c00000, 0x0000000089c00000|100%| O|  |TAMS 0x0000000089c00000| PB 0x0000000089b00000| Untracked 
| 156|0x0000000089c00000, 0x0000000089d00000, 0x0000000089d00000|100%| O|  |TAMS 0x0000000089d00000| PB 0x0000000089c00000| Untracked 
| 157|0x0000000089d00000, 0x0000000089e00000, 0x0000000089e00000|100%| O|  |TAMS 0x0000000089e00000| PB 0x0000000089d00000| Untracked 
| 158|0x0000000089e00000, 0x0000000089f00000, 0x0000000089f00000|100%|HS|  |TAMS 0x0000000089f00000| PB 0x0000000089e00000| Complete 
| 159|0x0000000089f00000, 0x000000008a000000, 0x000000008a000000|100%| O|  |TAMS 0x000000008a000000| PB 0x0000000089f00000| Untracked 
| 160|0x000000008a000000, 0x000000008a100000, 0x000000008a100000|100%| O|  |TAMS 0x000000008a100000| PB 0x000000008a000000| Untracked 
| 161|0x000000008a100000, 0x000000008a200000, 0x000000008a200000|100%| O|  |TAMS 0x000000008a200000| PB 0x000000008a100000| Untracked 
| 162|0x000000008a200000, 0x000000008a300000, 0x000000008a300000|100%| O|  |TAMS 0x000000008a200000| PB 0x000000008a200000| Untracked 
| 163|0x000000008a300000, 0x000000008a400000, 0x000000008a400000|100%| O|  |TAMS 0x000000008a400000| PB 0x000000008a300000| Untracked 
| 164|0x000000008a400000, 0x000000008a500000, 0x000000008a500000|100%| O|  |TAMS 0x000000008a400000| PB 0x000000008a400000| Untracked 
| 165|0x000000008a500000, 0x000000008a600000, 0x000000008a600000|100%| O|  |TAMS 0x000000008a600000| PB 0x000000008a500000| Untracked 
| 166|0x000000008a600000, 0x000000008a700000, 0x000000008a700000|100%| O|  |TAMS 0x000000008a700000| PB 0x000000008a600000| Untracked 
| 167|0x000000008a700000, 0x000000008a800000, 0x000000008a800000|100%| O|  |TAMS 0x000000008a800000| PB 0x000000008a700000| Untracked 
| 168|0x000000008a800000, 0x000000008a900000, 0x000000008a900000|100%|HS|  |TAMS 0x000000008a900000| PB 0x000000008a800000| Complete 
| 169|0x000000008a900000, 0x000000008aa00000, 0x000000008aa00000|100%|HS|  |TAMS 0x000000008aa00000| PB 0x000000008a900000| Complete 
| 170|0x000000008aa00000, 0x000000008ab00000, 0x000000008ab00000|100%|HS|  |TAMS 0x000000008ab00000| PB 0x000000008aa00000| Complete 
| 171|0x000000008ab00000, 0x000000008ac00000, 0x000000008ac00000|100%| O|  |TAMS 0x000000008ac00000| PB 0x000000008ab00000| Untracked 
| 172|0x000000008ac00000, 0x000000008ad00000, 0x000000008ad00000|100%| O|  |TAMS 0x000000008ac00000| PB 0x000000008ac00000| Untracked 
| 173|0x000000008ad00000, 0x000000008ae00000, 0x000000008ae00000|100%| O|  |TAMS 0x000000008ae00000| PB 0x000000008ad00000| Untracked 
| 174|0x000000008ae00000, 0x000000008af00000, 0x000000008af00000|100%|HS|  |TAMS 0x000000008af00000| PB 0x000000008ae00000| Complete 
| 175|0x000000008af00000, 0x000000008b000000, 0x000000008b000000|100%| O|  |TAMS 0x000000008b000000| PB 0x000000008af00000| Untracked 
| 176|0x000000008b000000, 0x000000008b100000, 0x000000008b100000|100%| O|  |TAMS 0x000000008b100000| PB 0x000000008b000000| Untracked 
| 177|0x000000008b100000, 0x000000008b200000, 0x000000008b200000|100%| O|  |TAMS 0x000000008b200000| PB 0x000000008b100000| Untracked 
| 178|0x000000008b200000, 0x000000008b300000, 0x000000008b300000|100%|HS|  |TAMS 0x000000008b300000| PB 0x000000008b200000| Complete 
| 179|0x000000008b300000, 0x000000008b400000, 0x000000008b400000|100%|HC|  |TAMS 0x000000008b400000| PB 0x000000008b300000| Complete 
| 180|0x000000008b400000, 0x000000008b500000, 0x000000008b500000|100%|HS|  |TAMS 0x000000008b500000| PB 0x000000008b400000| Complete 
| 181|0x000000008b500000, 0x000000008b600000, 0x000000008b600000|100%| O|  |TAMS 0x000000008b600000| PB 0x000000008b500000| Untracked 
| 182|0x000000008b600000, 0x000000008b700000, 0x000000008b700000|100%| O|  |TAMS 0x000000008b700000| PB 0x000000008b600000| Untracked 
| 183|0x000000008b700000, 0x000000008b800000, 0x000000008b800000|100%| O|  |TAMS 0x000000008b800000| PB 0x000000008b700000| Untracked 
| 184|0x000000008b800000, 0x000000008b900000, 0x000000008b900000|100%|HS|  |TAMS 0x000000008b900000| PB 0x000000008b800000| Complete 
| 185|0x000000008b900000, 0x000000008ba00000, 0x000000008ba00000|100%| O|  |TAMS 0x000000008ba00000| PB 0x000000008b900000| Untracked 
| 186|0x000000008ba00000, 0x000000008bb00000, 0x000000008bb00000|100%| O|  |TAMS 0x000000008bb00000| PB 0x000000008ba00000| Untracked 
| 187|0x000000008bb00000, 0x000000008bc00000, 0x000000008bc00000|100%| O|  |TAMS 0x000000008bc00000| PB 0x000000008bb00000| Untracked 
| 188|0x000000008bc00000, 0x000000008bd00000, 0x000000008bd00000|100%| O|  |TAMS 0x000000008bd00000| PB 0x000000008bc00000| Untracked 
| 189|0x000000008bd00000, 0x000000008be00000, 0x000000008be00000|100%| O|  |TAMS 0x000000008be00000| PB 0x000000008bd00000| Untracked 
| 190|0x000000008be00000, 0x000000008bf00000, 0x000000008bf00000|100%| O|  |TAMS 0x000000008bf00000| PB 0x000000008be00000| Untracked 
| 191|0x000000008bf00000, 0x000000008c000000, 0x000000008c000000|100%|HS|  |TAMS 0x000000008c000000| PB 0x000000008bf00000| Complete 
| 192|0x000000008c000000, 0x000000008c100000, 0x000000008c100000|100%|HC|  |TAMS 0x000000008c100000| PB 0x000000008c000000| Complete 
| 193|0x000000008c100000, 0x000000008c200000, 0x000000008c200000|100%|HS|  |TAMS 0x000000008c200000| PB 0x000000008c100000| Complete 
| 194|0x000000008c200000, 0x000000008c300000, 0x000000008c300000|100%| O|  |TAMS 0x000000008c300000| PB 0x000000008c200000| Untracked 
| 195|0x000000008c300000, 0x000000008c400000, 0x000000008c400000|100%|HS|  |TAMS 0x000000008c400000| PB 0x000000008c300000| Complete 
| 196|0x000000008c400000, 0x000000008c500000, 0x000000008c500000|100%| O|  |TAMS 0x000000008c500000| PB 0x000000008c400000| Untracked 
| 197|0x000000008c500000, 0x000000008c600000, 0x000000008c600000|100%| O|  |TAMS 0x000000008c600000| PB 0x000000008c500000| Untracked 
| 198|0x000000008c600000, 0x000000008c700000, 0x000000008c700000|100%| O|  |TAMS 0x000000008c700000| PB 0x000000008c600000| Untracked 
| 199|0x000000008c700000, 0x000000008c800000, 0x000000008c800000|100%| O|  |TAMS 0x000000008c800000| PB 0x000000008c700000| Untracked 
| 200|0x000000008c800000, 0x000000008c900000, 0x000000008c900000|100%| O|  |TAMS 0x000000008c900000| PB 0x000000008c800000| Untracked 
| 201|0x000000008c900000, 0x000000008ca00000, 0x000000008ca00000|100%| O|  |TAMS 0x000000008ca00000| PB 0x000000008c900000| Untracked 
| 202|0x000000008ca00000, 0x000000008cb00000, 0x000000008cb00000|100%| O|  |TAMS 0x000000008cb00000| PB 0x000000008ca00000| Untracked 
| 203|0x000000008cb00000, 0x000000008cc00000, 0x000000008cc00000|100%| O|  |TAMS 0x000000008cc00000| PB 0x000000008cb00000| Untracked 
| 204|0x000000008cc00000, 0x000000008cd00000, 0x000000008cd00000|100%| O|  |TAMS 0x000000008cc00000| PB 0x000000008cc00000| Untracked 
| 205|0x000000008cd00000, 0x000000008ce00000, 0x000000008ce00000|100%| O|  |TAMS 0x000000008ce00000| PB 0x000000008cd00000| Untracked 
| 206|0x000000008ce00000, 0x000000008cf00000, 0x000000008cf00000|100%| O|  |TAMS 0x000000008cf00000| PB 0x000000008ce00000| Untracked 
| 207|0x000000008cf00000, 0x000000008d000000, 0x000000008d000000|100%| O|  |TAMS 0x000000008d000000| PB 0x000000008cf00000| Untracked 
| 208|0x000000008d000000, 0x000000008d100000, 0x000000008d100000|100%| O|  |TAMS 0x000000008d100000| PB 0x000000008d000000| Untracked 
| 209|0x000000008d100000, 0x000000008d200000, 0x000000008d200000|100%| O|  |TAMS 0x000000008d200000| PB 0x000000008d100000| Untracked 
| 210|0x000000008d200000, 0x000000008d300000, 0x000000008d300000|100%| O|  |TAMS 0x000000008d300000| PB 0x000000008d200000| Untracked 
| 211|0x000000008d300000, 0x000000008d400000, 0x000000008d400000|100%| O|  |TAMS 0x000000008d400000| PB 0x000000008d300000| Untracked 
| 212|0x000000008d400000, 0x000000008d500000, 0x000000008d500000|100%| O|  |TAMS 0x000000008d500000| PB 0x000000008d400000| Untracked 
| 213|0x000000008d500000, 0x000000008d600000, 0x000000008d600000|100%| O|  |TAMS 0x000000008d600000| PB 0x000000008d500000| Untracked 
| 214|0x000000008d600000, 0x000000008d700000, 0x000000008d700000|100%| O|  |TAMS 0x000000008d700000| PB 0x000000008d600000| Untracked 
| 215|0x000000008d700000, 0x000000008d800000, 0x000000008d800000|100%| O|  |TAMS 0x000000008d800000| PB 0x000000008d700000| Untracked 
| 216|0x000000008d800000, 0x000000008d900000, 0x000000008d900000|100%| O|  |TAMS 0x000000008d900000| PB 0x000000008d800000| Untracked 
| 217|0x000000008d900000, 0x000000008da00000, 0x000000008da00000|100%| O|  |TAMS 0x000000008da00000| PB 0x000000008d900000| Untracked 
| 218|0x000000008da00000, 0x000000008db00000, 0x000000008db00000|100%| O|  |TAMS 0x000000008db00000| PB 0x000000008da00000| Untracked 
| 219|0x000000008db00000, 0x000000008dc00000, 0x000000008dc00000|100%| O|  |TAMS 0x000000008dc00000| PB 0x000000008db00000| Untracked 
| 220|0x000000008dc00000, 0x000000008dd00000, 0x000000008dd00000|100%| O|  |TAMS 0x000000008dd00000| PB 0x000000008dc00000| Untracked 
| 221|0x000000008dd00000, 0x000000008de00000, 0x000000008de00000|100%| O|  |TAMS 0x000000008de00000| PB 0x000000008dd00000| Untracked 
| 222|0x000000008de00000, 0x000000008df00000, 0x000000008df00000|100%| O|  |TAMS 0x000000008df00000| PB 0x000000008de00000| Untracked 
| 223|0x000000008df00000, 0x000000008e000000, 0x000000008e000000|100%| O|  |TAMS 0x000000008e000000| PB 0x000000008df00000| Untracked 
| 224|0x000000008e000000, 0x000000008e100000, 0x000000008e100000|100%| O|  |TAMS 0x000000008e100000| PB 0x000000008e000000| Untracked 
| 225|0x000000008e100000, 0x000000008e200000, 0x000000008e200000|100%| O|  |TAMS 0x000000008e200000| PB 0x000000008e100000| Untracked 
| 226|0x000000008e200000, 0x000000008e300000, 0x000000008e300000|100%| O|  |TAMS 0x000000008e300000| PB 0x000000008e200000| Untracked 
| 227|0x000000008e300000, 0x000000008e400000, 0x000000008e400000|100%| O|  |TAMS 0x000000008e400000| PB 0x000000008e300000| Untracked 
| 228|0x000000008e400000, 0x000000008e500000, 0x000000008e500000|100%| O|  |TAMS 0x000000008e500000| PB 0x000000008e400000| Untracked 
| 229|0x000000008e500000, 0x000000008e600000, 0x000000008e600000|100%| O|  |TAMS 0x000000008e600000| PB 0x000000008e500000| Untracked 
| 230|0x000000008e600000, 0x000000008e700000, 0x000000008e700000|100%| O|  |TAMS 0x000000008e700000| PB 0x000000008e600000| Untracked 
| 231|0x000000008e700000, 0x000000008e800000, 0x000000008e800000|100%| O|  |TAMS 0x000000008e800000| PB 0x000000008e700000| Untracked 
| 232|0x000000008e800000, 0x000000008e900000, 0x000000008e900000|100%| O|  |TAMS 0x000000008e900000| PB 0x000000008e800000| Untracked 
| 233|0x000000008e900000, 0x000000008ea00000, 0x000000008ea00000|100%| O|  |TAMS 0x000000008ea00000| PB 0x000000008e900000| Untracked 
| 234|0x000000008ea00000, 0x000000008eb00000, 0x000000008eb00000|100%| O|  |TAMS 0x000000008eb00000| PB 0x000000008ea00000| Untracked 
| 235|0x000000008eb00000, 0x000000008ec00000, 0x000000008ec00000|100%| O|  |TAMS 0x000000008ec00000| PB 0x000000008eb00000| Untracked 
| 236|0x000000008ec00000, 0x000000008ed00000, 0x000000008ed00000|100%| O|  |TAMS 0x000000008ed00000| PB 0x000000008ec00000| Untracked 
| 237|0x000000008ed00000, 0x000000008ee00000, 0x000000008ee00000|100%| O|  |TAMS 0x000000008ee00000| PB 0x000000008ed00000| Untracked 
| 238|0x000000008ee00000, 0x000000008ef00000, 0x000000008ef00000|100%|HS|  |TAMS 0x000000008ef00000| PB 0x000000008ee00000| Complete 
| 239|0x000000008ef00000, 0x000000008f000000, 0x000000008f000000|100%| O|  |TAMS 0x000000008f000000| PB 0x000000008ef00000| Untracked 
| 240|0x000000008f000000, 0x000000008f100000, 0x000000008f100000|100%| O|  |TAMS 0x000000008f100000| PB 0x000000008f000000| Untracked 
| 241|0x000000008f100000, 0x000000008f200000, 0x000000008f200000|100%| O|  |TAMS 0x000000008f200000| PB 0x000000008f100000| Untracked 
| 242|0x000000008f200000, 0x000000008f300000, 0x000000008f300000|100%| O|  |TAMS 0x000000008f300000| PB 0x000000008f200000| Untracked 
| 243|0x000000008f300000, 0x000000008f400000, 0x000000008f400000|100%| O|  |TAMS 0x000000008f400000| PB 0x000000008f300000| Untracked 
| 244|0x000000008f400000, 0x000000008f500000, 0x000000008f500000|100%| O|  |TAMS 0x000000008f500000| PB 0x000000008f400000| Untracked 
| 245|0x000000008f500000, 0x000000008f600000, 0x000000008f600000|100%| O|  |TAMS 0x000000008f600000| PB 0x000000008f500000| Untracked 
| 246|0x000000008f600000, 0x000000008f700000, 0x000000008f700000|100%| O|  |TAMS 0x000000008f600000| PB 0x000000008f600000| Untracked 
| 247|0x000000008f700000, 0x000000008f800000, 0x000000008f800000|100%| O|  |TAMS 0x000000008f800000| PB 0x000000008f700000| Untracked 
| 248|0x000000008f800000, 0x000000008f900000, 0x000000008f900000|100%| O|  |TAMS 0x000000008f900000| PB 0x000000008f800000| Untracked 
| 249|0x000000008f900000, 0x000000008fa00000, 0x000000008fa00000|100%| O|  |TAMS 0x000000008fa00000| PB 0x000000008f900000| Untracked 
| 250|0x000000008fa00000, 0x000000008fb00000, 0x000000008fb00000|100%| O|  |TAMS 0x000000008fb00000| PB 0x000000008fa00000| Untracked 
| 251|0x000000008fb00000, 0x000000008fc00000, 0x000000008fc00000|100%| O|  |TAMS 0x000000008fc00000| PB 0x000000008fb00000| Untracked 
| 252|0x000000008fc00000, 0x000000008fd00000, 0x000000008fd00000|100%| O|  |TAMS 0x000000008fd00000| PB 0x000000008fc00000| Untracked 
| 253|0x000000008fd00000, 0x000000008fe00000, 0x000000008fe00000|100%| O|  |TAMS 0x000000008fe00000| PB 0x000000008fd00000| Untracked 
| 254|0x000000008fe00000, 0x000000008ff00000, 0x000000008ff00000|100%| O|  |TAMS 0x000000008ff00000| PB 0x000000008fe00000| Untracked 
| 255|0x000000008ff00000, 0x0000000090000000, 0x0000000090000000|100%| O|  |TAMS 0x0000000090000000| PB 0x000000008ff00000| Untracked 
| 256|0x0000000090000000, 0x0000000090100000, 0x0000000090100000|100%| O|  |TAMS 0x0000000090100000| PB 0x0000000090000000| Untracked 
| 257|0x0000000090100000, 0x0000000090200000, 0x0000000090200000|100%| O|  |TAMS 0x0000000090200000| PB 0x0000000090100000| Untracked 
| 258|0x0000000090200000, 0x0000000090300000, 0x0000000090300000|100%| O|  |TAMS 0x0000000090300000| PB 0x0000000090200000| Untracked 
| 259|0x0000000090300000, 0x0000000090400000, 0x0000000090400000|100%| O|  |TAMS 0x0000000090400000| PB 0x0000000090300000| Untracked 
| 260|0x0000000090400000, 0x0000000090500000, 0x0000000090500000|100%| O|  |TAMS 0x0000000090500000| PB 0x0000000090400000| Untracked 
| 261|0x0000000090500000, 0x0000000090600000, 0x0000000090600000|100%| O|  |TAMS 0x0000000090600000| PB 0x0000000090500000| Untracked 
| 262|0x0000000090600000, 0x0000000090700000, 0x0000000090700000|100%| O|  |TAMS 0x0000000090700000| PB 0x0000000090600000| Untracked 
| 263|0x0000000090700000, 0x0000000090800000, 0x0000000090800000|100%| O|  |TAMS 0x0000000090800000| PB 0x0000000090700000| Untracked 
| 264|0x0000000090800000, 0x0000000090900000, 0x0000000090900000|100%| O|  |TAMS 0x0000000090900000| PB 0x0000000090800000| Untracked 
| 265|0x0000000090900000, 0x0000000090a00000, 0x0000000090a00000|100%| O|  |TAMS 0x0000000090a00000| PB 0x0000000090900000| Untracked 
| 266|0x0000000090a00000, 0x0000000090b00000, 0x0000000090b00000|100%| O|  |TAMS 0x0000000090b00000| PB 0x0000000090a00000| Untracked 
| 267|0x0000000090b00000, 0x0000000090c00000, 0x0000000090c00000|100%| O|  |TAMS 0x0000000090c00000| PB 0x0000000090b00000| Untracked 
| 268|0x0000000090c00000, 0x0000000090d00000, 0x0000000090d00000|100%| O|  |TAMS 0x0000000090d00000| PB 0x0000000090c00000| Untracked 
| 269|0x0000000090d00000, 0x0000000090e00000, 0x0000000090e00000|100%| O|  |TAMS 0x0000000090e00000| PB 0x0000000090d00000| Untracked 
| 270|0x0000000090e00000, 0x0000000090f00000, 0x0000000090f00000|100%| O|  |TAMS 0x0000000090f00000| PB 0x0000000090e00000| Untracked 
| 271|0x0000000090f00000, 0x0000000091000000, 0x0000000091000000|100%| O|  |TAMS 0x0000000091000000| PB 0x0000000090f00000| Untracked 
| 272|0x0000000091000000, 0x0000000091100000, 0x0000000091100000|100%| O|  |TAMS 0x0000000091100000| PB 0x0000000091000000| Untracked 
| 273|0x0000000091100000, 0x0000000091200000, 0x0000000091200000|100%| O|  |TAMS 0x0000000091200000| PB 0x0000000091100000| Untracked 
| 274|0x0000000091200000, 0x0000000091300000, 0x0000000091300000|100%| O|  |TAMS 0x0000000091300000| PB 0x0000000091200000| Untracked 
| 275|0x0000000091300000, 0x0000000091400000, 0x0000000091400000|100%| O|  |TAMS 0x0000000091400000| PB 0x0000000091300000| Untracked 
| 276|0x0000000091400000, 0x0000000091500000, 0x0000000091500000|100%| O|  |TAMS 0x0000000091500000| PB 0x0000000091400000| Untracked 
| 277|0x0000000091500000, 0x0000000091600000, 0x0000000091600000|100%| O|  |TAMS 0x0000000091600000| PB 0x0000000091500000| Untracked 
| 278|0x0000000091600000, 0x0000000091700000, 0x0000000091700000|100%| O|  |TAMS 0x0000000091700000| PB 0x0000000091600000| Untracked 
| 279|0x0000000091700000, 0x0000000091800000, 0x0000000091800000|100%| O|  |TAMS 0x0000000091800000| PB 0x0000000091700000| Untracked 
| 280|0x0000000091800000, 0x0000000091900000, 0x0000000091900000|100%| O|  |TAMS 0x0000000091900000| PB 0x0000000091800000| Untracked 
| 281|0x0000000091900000, 0x0000000091a00000, 0x0000000091a00000|100%| O|  |TAMS 0x0000000091a00000| PB 0x0000000091900000| Untracked 
| 282|0x0000000091a00000, 0x0000000091b00000, 0x0000000091b00000|100%| O|  |TAMS 0x0000000091b00000| PB 0x0000000091a00000| Untracked 
| 283|0x0000000091b00000, 0x0000000091c00000, 0x0000000091c00000|100%| O|  |TAMS 0x0000000091c00000| PB 0x0000000091b00000| Untracked 
| 284|0x0000000091c00000, 0x0000000091d00000, 0x0000000091d00000|100%| O|  |TAMS 0x0000000091d00000| PB 0x0000000091c00000| Untracked 
| 285|0x0000000091d00000, 0x0000000091e00000, 0x0000000091e00000|100%| O|  |TAMS 0x0000000091e00000| PB 0x0000000091d00000| Untracked 
| 286|0x0000000091e00000, 0x0000000091f00000, 0x0000000091f00000|100%| O|  |TAMS 0x0000000091f00000| PB 0x0000000091e00000| Untracked 
| 287|0x0000000091f00000, 0x0000000092000000, 0x0000000092000000|100%| O|  |TAMS 0x0000000091f6e330| PB 0x0000000091f00000| Untracked 
| 288|0x0000000092000000, 0x0000000092100000, 0x0000000092100000|100%| O|  |TAMS 0x0000000092000000| PB 0x0000000092000000| Untracked 
| 289|0x0000000092100000, 0x0000000092200000, 0x0000000092200000|100%| O|  |TAMS 0x0000000092100000| PB 0x0000000092100000| Untracked 
| 290|0x0000000092200000, 0x0000000092300000, 0x0000000092300000|100%| O|  |TAMS 0x0000000092200000| PB 0x0000000092200000| Untracked 
| 291|0x0000000092300000, 0x0000000092400000, 0x0000000092400000|100%| O|  |TAMS 0x0000000092300000| PB 0x0000000092300000| Untracked 
| 292|0x0000000092400000, 0x0000000092500000, 0x0000000092500000|100%| O|  |TAMS 0x0000000092400000| PB 0x0000000092400000| Untracked 
| 293|0x0000000092500000, 0x0000000092600000, 0x0000000092600000|100%| O|  |TAMS 0x0000000092500000| PB 0x0000000092500000| Untracked 
| 294|0x0000000092600000, 0x0000000092680000, 0x0000000092700000| 50%| O|  |TAMS 0x0000000092600000| PB 0x0000000092600000| Untracked 
| 295|0x0000000092700000, 0x0000000092800000, 0x0000000092800000|100%|HS|  |TAMS 0x0000000092700000| PB 0x0000000092700000| Complete 
| 296|0x0000000092800000, 0x0000000092900000, 0x0000000092900000|100%|HS|  |TAMS 0x0000000092800000| PB 0x0000000092800000| Complete 
| 297|0x0000000092900000, 0x0000000092900000, 0x0000000092a00000|  0%| F|  |TAMS 0x0000000092900000| PB 0x0000000092900000| Untracked 
| 298|0x0000000092a00000, 0x0000000092a00000, 0x0000000092b00000|  0%| F|  |TAMS 0x0000000092a00000| PB 0x0000000092a00000| Untracked 
| 299|0x0000000092b00000, 0x0000000092b00000, 0x0000000092c00000|  0%| F|  |TAMS 0x0000000092b00000| PB 0x0000000092b00000| Untracked 
| 300|0x0000000092c00000, 0x0000000092c00000, 0x0000000092d00000|  0%| F|  |TAMS 0x0000000092c00000| PB 0x0000000092c00000| Untracked 
| 301|0x0000000092d00000, 0x0000000092d00000, 0x0000000092e00000|  0%| F|  |TAMS 0x0000000092d00000| PB 0x0000000092d00000| Untracked 
| 302|0x0000000092e00000, 0x0000000092e00000, 0x0000000092f00000|  0%| F|  |TAMS 0x0000000092e00000| PB 0x0000000092e00000| Untracked 
| 303|0x0000000092f00000, 0x0000000092f00000, 0x0000000093000000|  0%| F|  |TAMS 0x0000000092f00000| PB 0x0000000092f00000| Untracked 
| 304|0x0000000093000000, 0x0000000093000000, 0x0000000093100000|  0%| F|  |TAMS 0x0000000093000000| PB 0x0000000093000000| Untracked 
| 305|0x0000000093100000, 0x0000000093100000, 0x0000000093200000|  0%| F|  |TAMS 0x0000000093100000| PB 0x0000000093100000| Untracked 
| 306|0x0000000093200000, 0x0000000093200000, 0x0000000093300000|  0%| F|  |TAMS 0x0000000093200000| PB 0x0000000093200000| Untracked 
| 307|0x0000000093300000, 0x0000000093300000, 0x0000000093400000|  0%| F|  |TAMS 0x0000000093300000| PB 0x0000000093300000| Untracked 
| 308|0x0000000093400000, 0x0000000093400000, 0x0000000093500000|  0%| F|  |TAMS 0x0000000093400000| PB 0x0000000093400000| Untracked 
| 309|0x0000000093500000, 0x0000000093500000, 0x0000000093600000|  0%| F|  |TAMS 0x0000000093500000| PB 0x0000000093500000| Untracked 
| 310|0x0000000093600000, 0x0000000093600000, 0x0000000093700000|  0%| F|  |TAMS 0x0000000093600000| PB 0x0000000093600000| Untracked 
| 311|0x0000000093700000, 0x0000000093700000, 0x0000000093800000|  0%| F|  |TAMS 0x0000000093700000| PB 0x0000000093700000| Untracked 
| 312|0x0000000093800000, 0x0000000093800000, 0x0000000093900000|  0%| F|  |TAMS 0x0000000093800000| PB 0x0000000093800000| Untracked 
| 313|0x0000000093900000, 0x0000000093900000, 0x0000000093a00000|  0%| F|  |TAMS 0x0000000093900000| PB 0x0000000093900000| Untracked 
| 314|0x0000000093a00000, 0x0000000093a00000, 0x0000000093b00000|  0%| F|  |TAMS 0x0000000093a00000| PB 0x0000000093a00000| Untracked 
| 315|0x0000000093b00000, 0x0000000093b00000, 0x0000000093c00000|  0%| F|  |TAMS 0x0000000093b00000| PB 0x0000000093b00000| Untracked 
| 316|0x0000000093c00000, 0x0000000093c00000, 0x0000000093d00000|  0%| F|  |TAMS 0x0000000093c00000| PB 0x0000000093c00000| Untracked 
| 317|0x0000000093d00000, 0x0000000093d00000, 0x0000000093e00000|  0%| F|  |TAMS 0x0000000093d00000| PB 0x0000000093d00000| Untracked 
| 318|0x0000000093e00000, 0x0000000093e00000, 0x0000000093f00000|  0%| F|  |TAMS 0x0000000093e00000| PB 0x0000000093e00000| Untracked 
| 319|0x0000000093f00000, 0x0000000093f00000, 0x0000000094000000|  0%| F|  |TAMS 0x0000000093f00000| PB 0x0000000093f00000| Untracked 
| 320|0x0000000094000000, 0x0000000094000000, 0x0000000094100000|  0%| F|  |TAMS 0x0000000094000000| PB 0x0000000094000000| Untracked 
| 321|0x0000000094100000, 0x0000000094100000, 0x0000000094200000|  0%| F|  |TAMS 0x0000000094100000| PB 0x0000000094100000| Untracked 
| 322|0x0000000094200000, 0x0000000094200000, 0x0000000094300000|  0%| F|  |TAMS 0x0000000094200000| PB 0x0000000094200000| Untracked 
| 323|0x0000000094300000, 0x0000000094300000, 0x0000000094400000|  0%| F|  |TAMS 0x0000000094300000| PB 0x0000000094300000| Untracked 
| 324|0x0000000094400000, 0x0000000094400000, 0x0000000094500000|  0%| F|  |TAMS 0x0000000094400000| PB 0x0000000094400000| Untracked 
| 325|0x0000000094500000, 0x0000000094500000, 0x0000000094600000|  0%| F|  |TAMS 0x0000000094500000| PB 0x0000000094500000| Untracked 
| 326|0x0000000094600000, 0x0000000094600000, 0x0000000094700000|  0%| F|  |TAMS 0x0000000094600000| PB 0x0000000094600000| Untracked 
| 327|0x0000000094700000, 0x0000000094700000, 0x0000000094800000|  0%| F|  |TAMS 0x0000000094700000| PB 0x0000000094700000| Untracked 
| 328|0x0000000094800000, 0x0000000094800000, 0x0000000094900000|  0%| F|  |TAMS 0x0000000094800000| PB 0x0000000094800000| Untracked 
| 329|0x0000000094900000, 0x0000000094900000, 0x0000000094a00000|  0%| F|  |TAMS 0x0000000094900000| PB 0x0000000094900000| Untracked 
| 330|0x0000000094a00000, 0x0000000094a00000, 0x0000000094b00000|  0%| F|  |TAMS 0x0000000094a00000| PB 0x0000000094a00000| Untracked 
| 331|0x0000000094b00000, 0x0000000094b00000, 0x0000000094c00000|  0%| F|  |TAMS 0x0000000094b00000| PB 0x0000000094b00000| Untracked 
| 332|0x0000000094c00000, 0x0000000094c00000, 0x0000000094d00000|  0%| F|  |TAMS 0x0000000094c00000| PB 0x0000000094c00000| Untracked 
| 333|0x0000000094d00000, 0x0000000094d00000, 0x0000000094e00000|  0%| F|  |TAMS 0x0000000094d00000| PB 0x0000000094d00000| Untracked 
| 334|0x0000000094e00000, 0x0000000094e00000, 0x0000000094f00000|  0%| F|  |TAMS 0x0000000094e00000| PB 0x0000000094e00000| Untracked 
| 335|0x0000000094f00000, 0x0000000094f00000, 0x0000000095000000|  0%| F|  |TAMS 0x0000000094f00000| PB 0x0000000094f00000| Untracked 
| 336|0x0000000095000000, 0x0000000095000000, 0x0000000095100000|  0%| F|  |TAMS 0x0000000095000000| PB 0x0000000095000000| Untracked 
| 337|0x0000000095100000, 0x0000000095100000, 0x0000000095200000|  0%| F|  |TAMS 0x0000000095100000| PB 0x0000000095100000| Untracked 
| 338|0x0000000095200000, 0x0000000095200000, 0x0000000095300000|  0%| F|  |TAMS 0x0000000095200000| PB 0x0000000095200000| Untracked 
| 339|0x0000000095300000, 0x0000000095300000, 0x0000000095400000|  0%| F|  |TAMS 0x0000000095300000| PB 0x0000000095300000| Untracked 
| 340|0x0000000095400000, 0x0000000095400000, 0x0000000095500000|  0%| F|  |TAMS 0x0000000095400000| PB 0x0000000095400000| Untracked 
| 341|0x0000000095500000, 0x0000000095500000, 0x0000000095600000|  0%| F|  |TAMS 0x0000000095500000| PB 0x0000000095500000| Untracked 
| 342|0x0000000095600000, 0x0000000095600000, 0x0000000095700000|  0%| F|  |TAMS 0x0000000095600000| PB 0x0000000095600000| Untracked 
| 343|0x0000000095700000, 0x0000000095700000, 0x0000000095800000|  0%| F|  |TAMS 0x0000000095700000| PB 0x0000000095700000| Untracked 
| 344|0x0000000095800000, 0x0000000095800000, 0x0000000095900000|  0%| F|  |TAMS 0x0000000095800000| PB 0x0000000095800000| Untracked 
| 345|0x0000000095900000, 0x0000000095900000, 0x0000000095a00000|  0%| F|  |TAMS 0x0000000095900000| PB 0x0000000095900000| Untracked 
| 346|0x0000000095a00000, 0x0000000095a00000, 0x0000000095b00000|  0%| F|  |TAMS 0x0000000095a00000| PB 0x0000000095a00000| Untracked 
| 347|0x0000000095b00000, 0x0000000095b00000, 0x0000000095c00000|  0%| F|  |TAMS 0x0000000095b00000| PB 0x0000000095b00000| Untracked 
| 348|0x0000000095c00000, 0x0000000095c00000, 0x0000000095d00000|  0%| F|  |TAMS 0x0000000095c00000| PB 0x0000000095c00000| Untracked 
| 349|0x0000000095d00000, 0x0000000095d00000, 0x0000000095e00000|  0%| F|  |TAMS 0x0000000095d00000| PB 0x0000000095d00000| Untracked 
| 350|0x0000000095e00000, 0x0000000095e00000, 0x0000000095f00000|  0%| F|  |TAMS 0x0000000095e00000| PB 0x0000000095e00000| Untracked 
| 351|0x0000000095f00000, 0x0000000095f00000, 0x0000000096000000|  0%| F|  |TAMS 0x0000000095f00000| PB 0x0000000095f00000| Untracked 
| 352|0x0000000096000000, 0x0000000096000000, 0x0000000096100000|  0%| F|  |TAMS 0x0000000096000000| PB 0x0000000096000000| Untracked 
| 353|0x0000000096100000, 0x0000000096100000, 0x0000000096200000|  0%| F|  |TAMS 0x0000000096100000| PB 0x0000000096100000| Untracked 
| 354|0x0000000096200000, 0x0000000096200000, 0x0000000096300000|  0%| F|  |TAMS 0x0000000096200000| PB 0x0000000096200000| Untracked 
| 355|0x0000000096300000, 0x0000000096300000, 0x0000000096400000|  0%| F|  |TAMS 0x0000000096300000| PB 0x0000000096300000| Untracked 
| 356|0x0000000096400000, 0x0000000096400000, 0x0000000096500000|  0%| F|  |TAMS 0x0000000096400000| PB 0x0000000096400000| Untracked 
| 357|0x0000000096500000, 0x0000000096500000, 0x0000000096600000|  0%| F|  |TAMS 0x0000000096500000| PB 0x0000000096500000| Untracked 
| 358|0x0000000096600000, 0x0000000096600000, 0x0000000096700000|  0%| F|  |TAMS 0x0000000096600000| PB 0x0000000096600000| Untracked 
| 359|0x0000000096700000, 0x0000000096700000, 0x0000000096800000|  0%| F|  |TAMS 0x0000000096700000| PB 0x0000000096700000| Untracked 
| 360|0x0000000096800000, 0x0000000096800000, 0x0000000096900000|  0%| F|  |TAMS 0x0000000096800000| PB 0x0000000096800000| Untracked 
| 361|0x0000000096900000, 0x0000000096900000, 0x0000000096a00000|  0%| F|  |TAMS 0x0000000096900000| PB 0x0000000096900000| Untracked 
| 362|0x0000000096a00000, 0x0000000096a00000, 0x0000000096b00000|  0%| F|  |TAMS 0x0000000096a00000| PB 0x0000000096a00000| Untracked 
| 363|0x0000000096b00000, 0x0000000096b00000, 0x0000000096c00000|  0%| F|  |TAMS 0x0000000096b00000| PB 0x0000000096b00000| Untracked 
| 364|0x0000000096c00000, 0x0000000096d00000, 0x0000000096d00000|100%| E|CS|TAMS 0x0000000096c00000| PB 0x0000000096c00000| Complete 
| 365|0x0000000096d00000, 0x0000000096e00000, 0x0000000096e00000|100%| E|CS|TAMS 0x0000000096d00000| PB 0x0000000096d00000| Complete 
| 366|0x0000000096e00000, 0x0000000096f00000, 0x0000000096f00000|100%| E|CS|TAMS 0x0000000096e00000| PB 0x0000000096e00000| Complete 
| 367|0x0000000096f00000, 0x0000000097000000, 0x0000000097000000|100%| E|CS|TAMS 0x0000000096f00000| PB 0x0000000096f00000| Complete 
| 368|0x0000000097000000, 0x0000000097100000, 0x0000000097100000|100%| E|CS|TAMS 0x0000000097000000| PB 0x0000000097000000| Complete 
| 369|0x0000000097100000, 0x0000000097200000, 0x0000000097200000|100%| E|CS|TAMS 0x0000000097100000| PB 0x0000000097100000| Complete 
| 370|0x0000000097200000, 0x0000000097300000, 0x0000000097300000|100%| E|CS|TAMS 0x0000000097200000| PB 0x0000000097200000| Complete 
| 371|0x0000000097300000, 0x0000000097400000, 0x0000000097400000|100%| E|CS|TAMS 0x0000000097300000| PB 0x0000000097300000| Complete 
| 372|0x0000000097400000, 0x0000000097500000, 0x0000000097500000|100%| E|CS|TAMS 0x0000000097400000| PB 0x0000000097400000| Complete 
| 373|0x0000000097500000, 0x0000000097600000, 0x0000000097600000|100%| E|CS|TAMS 0x0000000097500000| PB 0x0000000097500000| Complete 
| 374|0x0000000097600000, 0x0000000097700000, 0x0000000097700000|100%| E|CS|TAMS 0x0000000097600000| PB 0x0000000097600000| Complete 
| 375|0x0000000097700000, 0x0000000097800000, 0x0000000097800000|100%| E|CS|TAMS 0x0000000097700000| PB 0x0000000097700000| Complete 
| 376|0x0000000097800000, 0x0000000097900000, 0x0000000097900000|100%| E|CS|TAMS 0x0000000097800000| PB 0x0000000097800000| Complete 
| 377|0x0000000097900000, 0x0000000097a00000, 0x0000000097a00000|100%| E|CS|TAMS 0x0000000097900000| PB 0x0000000097900000| Complete 
| 378|0x0000000097a00000, 0x0000000097b00000, 0x0000000097b00000|100%| E|CS|TAMS 0x0000000097a00000| PB 0x0000000097a00000| Complete 
| 379|0x0000000097b00000, 0x0000000097c00000, 0x0000000097c00000|100%| E|CS|TAMS 0x0000000097b00000| PB 0x0000000097b00000| Complete 
| 380|0x0000000097c00000, 0x0000000097d00000, 0x0000000097d00000|100%| E|CS|TAMS 0x0000000097c00000| PB 0x0000000097c00000| Complete 
| 381|0x0000000097d00000, 0x0000000097e00000, 0x0000000097e00000|100%| E|CS|TAMS 0x0000000097d00000| PB 0x0000000097d00000| Complete 
| 382|0x0000000097e00000, 0x0000000097f00000, 0x0000000097f00000|100%| E|CS|TAMS 0x0000000097e00000| PB 0x0000000097e00000| Complete 
| 383|0x0000000097f00000, 0x0000000098000000, 0x0000000098000000|100%| E|CS|TAMS 0x0000000097f00000| PB 0x0000000097f00000| Complete 
| 384|0x0000000098000000, 0x0000000098100000, 0x0000000098100000|100%| E|CS|TAMS 0x0000000098000000| PB 0x0000000098000000| Complete 
| 385|0x0000000098100000, 0x0000000098200000, 0x0000000098200000|100%| E|CS|TAMS 0x0000000098100000| PB 0x0000000098100000| Complete 
| 386|0x0000000098200000, 0x0000000098300000, 0x0000000098300000|100%| E|CS|TAMS 0x0000000098200000| PB 0x0000000098200000| Complete 
| 387|0x0000000098300000, 0x0000000098400000, 0x0000000098400000|100%| E|CS|TAMS 0x0000000098300000| PB 0x0000000098300000| Complete 
| 388|0x0000000098400000, 0x0000000098500000, 0x0000000098500000|100%| E|CS|TAMS 0x0000000098400000| PB 0x0000000098400000| Complete 
| 389|0x0000000098500000, 0x0000000098600000, 0x0000000098600000|100%| E|CS|TAMS 0x0000000098500000| PB 0x0000000098500000| Complete 
| 390|0x0000000098600000, 0x0000000098700000, 0x0000000098700000|100%| E|CS|TAMS 0x0000000098600000| PB 0x0000000098600000| Complete 
| 391|0x0000000098700000, 0x0000000098800000, 0x0000000098800000|100%| E|CS|TAMS 0x0000000098700000| PB 0x0000000098700000| Complete 
| 392|0x0000000098800000, 0x0000000098900000, 0x0000000098900000|100%| E|CS|TAMS 0x0000000098800000| PB 0x0000000098800000| Complete 
| 393|0x0000000098900000, 0x0000000098a00000, 0x0000000098a00000|100%| E|CS|TAMS 0x0000000098900000| PB 0x0000000098900000| Complete 
| 394|0x0000000098a00000, 0x0000000098b00000, 0x0000000098b00000|100%| E|CS|TAMS 0x0000000098a00000| PB 0x0000000098a00000| Complete 
| 395|0x0000000098b00000, 0x0000000098c00000, 0x0000000098c00000|100%| E|CS|TAMS 0x0000000098b00000| PB 0x0000000098b00000| Complete 
| 396|0x0000000098c00000, 0x0000000098d00000, 0x0000000098d00000|100%| E|CS|TAMS 0x0000000098c00000| PB 0x0000000098c00000| Complete 
| 397|0x0000000098d00000, 0x0000000098e00000, 0x0000000098e00000|100%| E|CS|TAMS 0x0000000098d00000| PB 0x0000000098d00000| Complete 
| 398|0x0000000098e00000, 0x0000000098f00000, 0x0000000098f00000|100%| E|CS|TAMS 0x0000000098e00000| PB 0x0000000098e00000| Complete 
| 399|0x0000000098f00000, 0x0000000099000000, 0x0000000099000000|100%| E|CS|TAMS 0x0000000098f00000| PB 0x0000000098f00000| Complete 
| 400|0x0000000099000000, 0x0000000099100000, 0x0000000099100000|100%| E|CS|TAMS 0x0000000099000000| PB 0x0000000099000000| Complete 
| 401|0x0000000099100000, 0x0000000099200000, 0x0000000099200000|100%| E|CS|TAMS 0x0000000099100000| PB 0x0000000099100000| Complete 
| 402|0x0000000099200000, 0x0000000099300000, 0x0000000099300000|100%| E|CS|TAMS 0x0000000099200000| PB 0x0000000099200000| Complete 
| 403|0x0000000099300000, 0x0000000099400000, 0x0000000099400000|100%| E|CS|TAMS 0x0000000099300000| PB 0x0000000099300000| Complete 
| 404|0x0000000099400000, 0x0000000099500000, 0x0000000099500000|100%| E|CS|TAMS 0x0000000099400000| PB 0x0000000099400000| Complete 
| 405|0x0000000099500000, 0x0000000099600000, 0x0000000099600000|100%| E|CS|TAMS 0x0000000099500000| PB 0x0000000099500000| Complete 
| 406|0x0000000099600000, 0x0000000099700000, 0x0000000099700000|100%| E|CS|TAMS 0x0000000099600000| PB 0x0000000099600000| Complete 
| 407|0x0000000099700000, 0x0000000099800000, 0x0000000099800000|100%| E|CS|TAMS 0x0000000099700000| PB 0x0000000099700000| Complete 
| 408|0x0000000099800000, 0x0000000099900000, 0x0000000099900000|100%| E|CS|TAMS 0x0000000099800000| PB 0x0000000099800000| Complete 
| 409|0x0000000099900000, 0x0000000099a00000, 0x0000000099a00000|100%| E|CS|TAMS 0x0000000099900000| PB 0x0000000099900000| Complete 
| 410|0x0000000099a00000, 0x0000000099b00000, 0x0000000099b00000|100%| E|CS|TAMS 0x0000000099a00000| PB 0x0000000099a00000| Complete 
| 411|0x0000000099b00000, 0x0000000099c00000, 0x0000000099c00000|100%| E|CS|TAMS 0x0000000099b00000| PB 0x0000000099b00000| Complete 
| 412|0x0000000099c00000, 0x0000000099d00000, 0x0000000099d00000|100%| E|CS|TAMS 0x0000000099c00000| PB 0x0000000099c00000| Complete 
| 413|0x0000000099d00000, 0x0000000099e00000, 0x0000000099e00000|100%| E|CS|TAMS 0x0000000099d00000| PB 0x0000000099d00000| Complete 
| 414|0x0000000099e00000, 0x0000000099f00000, 0x0000000099f00000|100%| E|CS|TAMS 0x0000000099e00000| PB 0x0000000099e00000| Complete 
| 415|0x0000000099f00000, 0x000000009a000000, 0x000000009a000000|100%| E|CS|TAMS 0x0000000099f00000| PB 0x0000000099f00000| Complete 
| 416|0x000000009a000000, 0x000000009a100000, 0x000000009a100000|100%| E|CS|TAMS 0x000000009a000000| PB 0x000000009a000000| Complete 
| 417|0x000000009a100000, 0x000000009a200000, 0x000000009a200000|100%| E|CS|TAMS 0x000000009a100000| PB 0x000000009a100000| Complete 
| 418|0x000000009a200000, 0x000000009a300000, 0x000000009a300000|100%| E|CS|TAMS 0x000000009a200000| PB 0x000000009a200000| Complete 
| 419|0x000000009a300000, 0x000000009a400000, 0x000000009a400000|100%| E|CS|TAMS 0x000000009a300000| PB 0x000000009a300000| Complete 
| 420|0x000000009a400000, 0x000000009a500000, 0x000000009a500000|100%| E|CS|TAMS 0x000000009a400000| PB 0x000000009a400000| Complete 
| 421|0x000000009a500000, 0x000000009a600000, 0x000000009a600000|100%| E|CS|TAMS 0x000000009a500000| PB 0x000000009a500000| Complete 
| 422|0x000000009a600000, 0x000000009a700000, 0x000000009a700000|100%| E|CS|TAMS 0x000000009a600000| PB 0x000000009a600000| Complete 
| 423|0x000000009a700000, 0x000000009a800000, 0x000000009a800000|100%| E|CS|TAMS 0x000000009a700000| PB 0x000000009a700000| Complete 
| 424|0x000000009a800000, 0x000000009a900000, 0x000000009a900000|100%| E|CS|TAMS 0x000000009a800000| PB 0x000000009a800000| Complete 
| 425|0x000000009a900000, 0x000000009aa00000, 0x000000009aa00000|100%| E|CS|TAMS 0x000000009a900000| PB 0x000000009a900000| Complete 
| 426|0x000000009aa00000, 0x000000009ab00000, 0x000000009ab00000|100%| E|CS|TAMS 0x000000009aa00000| PB 0x000000009aa00000| Complete 
| 427|0x000000009ab00000, 0x000000009ac00000, 0x000000009ac00000|100%| E|CS|TAMS 0x000000009ab00000| PB 0x000000009ab00000| Complete 
| 428|0x000000009ac00000, 0x000000009ad00000, 0x000000009ad00000|100%| E|CS|TAMS 0x000000009ac00000| PB 0x000000009ac00000| Complete 
| 429|0x000000009ad00000, 0x000000009ae00000, 0x000000009ae00000|100%| E|CS|TAMS 0x000000009ad00000| PB 0x000000009ad00000| Complete 
| 430|0x000000009ae00000, 0x000000009af00000, 0x000000009af00000|100%| E|CS|TAMS 0x000000009ae00000| PB 0x000000009ae00000| Complete 
| 431|0x000000009af00000, 0x000000009b000000, 0x000000009b000000|100%| E|CS|TAMS 0x000000009af00000| PB 0x000000009af00000| Complete 
| 432|0x000000009b000000, 0x000000009b100000, 0x000000009b100000|100%| E|CS|TAMS 0x000000009b000000| PB 0x000000009b000000| Complete 
| 433|0x000000009b100000, 0x000000009b200000, 0x000000009b200000|100%| E|CS|TAMS 0x000000009b100000| PB 0x000000009b100000| Complete 
| 434|0x000000009b200000, 0x000000009b300000, 0x000000009b300000|100%| S|CS|TAMS 0x000000009b200000| PB 0x000000009b200000| Complete 
| 435|0x000000009b300000, 0x000000009b400000, 0x000000009b400000|100%| S|CS|TAMS 0x000000009b300000| PB 0x000000009b300000| Complete 
| 436|0x000000009b400000, 0x000000009b500000, 0x000000009b500000|100%| S|CS|TAMS 0x000000009b400000| PB 0x000000009b400000| Complete 
| 437|0x000000009b500000, 0x000000009b600000, 0x000000009b600000|100%| S|CS|TAMS 0x000000009b500000| PB 0x000000009b500000| Complete 
| 438|0x000000009b600000, 0x000000009b700000, 0x000000009b700000|100%| E|CS|TAMS 0x000000009b600000| PB 0x000000009b600000| Complete 
| 439|0x000000009b700000, 0x000000009b800000, 0x000000009b800000|100%| E|CS|TAMS 0x000000009b700000| PB 0x000000009b700000| Complete 
| 440|0x000000009b800000, 0x000000009b900000, 0x000000009b900000|100%| E|CS|TAMS 0x000000009b800000| PB 0x000000009b800000| Complete 
|2015|0x00000000fdf00000, 0x00000000fe000000, 0x00000000fe000000|100%| O|  |TAMS 0x00000000fe000000| PB 0x00000000fdf00000| Untracked 
|2016|0x00000000fe000000, 0x00000000fe100000, 0x00000000fe100000|100%| E|CS|TAMS 0x00000000fe000000| PB 0x00000000fe000000| Complete 
|2017|0x00000000fe100000, 0x00000000fe200000, 0x00000000fe200000|100%| O|  |TAMS 0x00000000fe200000| PB 0x00000000fe100000| Untracked 
|2018|0x00000000fe200000, 0x00000000fe300000, 0x00000000fe300000|100%| O|  |TAMS 0x00000000fe300000| PB 0x00000000fe200000| Untracked 
|2019|0x00000000fe300000, 0x00000000fe400000, 0x00000000fe400000|100%| O|  |TAMS 0x00000000fe400000| PB 0x00000000fe300000| Untracked 
|2020|0x00000000fe400000, 0x00000000fe500000, 0x00000000fe500000|100%| O|  |TAMS 0x00000000fe500000| PB 0x00000000fe400000| Untracked 
|2021|0x00000000fe500000, 0x00000000fe600000, 0x00000000fe600000|100%| O|  |TAMS 0x00000000fe600000| PB 0x00000000fe500000| Untracked 
|2022|0x00000000fe600000, 0x00000000fe700000, 0x00000000fe700000|100%| O|  |TAMS 0x00000000fe700000| PB 0x00000000fe600000| Untracked 
|2023|0x00000000fe700000, 0x00000000fe800000, 0x00000000fe800000|100%| O|  |TAMS 0x00000000fe800000| PB 0x00000000fe700000| Untracked 
|2024|0x00000000fe800000, 0x00000000fe900000, 0x00000000fe900000|100%| O|  |TAMS 0x00000000fe900000| PB 0x00000000fe800000| Untracked 
|2025|0x00000000fe900000, 0x00000000fea00000, 0x00000000fea00000|100%| O|  |TAMS 0x00000000fea00000| PB 0x00000000fe900000| Untracked 
|2026|0x00000000fea00000, 0x00000000feb00000, 0x00000000feb00000|100%| O|  |TAMS 0x00000000feb00000| PB 0x00000000fea00000| Untracked 
|2027|0x00000000feb00000, 0x00000000fec00000, 0x00000000fec00000|100%| O|  |TAMS 0x00000000fec00000| PB 0x00000000feb00000| Untracked 
|2028|0x00000000fec00000, 0x00000000fed00000, 0x00000000fed00000|100%| O|  |TAMS 0x00000000fed00000| PB 0x00000000fec00000| Untracked 
|2029|0x00000000fed00000, 0x00000000fee00000, 0x00000000fee00000|100%| O|  |TAMS 0x00000000fee00000| PB 0x00000000fed00000| Untracked 
|2030|0x00000000fee00000, 0x00000000fef00000, 0x00000000fef00000|100%| O|  |TAMS 0x00000000fef00000| PB 0x00000000fee00000| Untracked 
|2031|0x00000000fef00000, 0x00000000ff000000, 0x00000000ff000000|100%| O|  |TAMS 0x00000000ff000000| PB 0x00000000fef00000| Untracked 
|2032|0x00000000ff000000, 0x00000000ff100000, 0x00000000ff100000|100%| O|  |TAMS 0x00000000ff100000| PB 0x00000000ff000000| Untracked 
|2033|0x00000000ff100000, 0x00000000ff200000, 0x00000000ff200000|100%| O|  |TAMS 0x00000000ff200000| PB 0x00000000ff100000| Untracked 
|2034|0x00000000ff200000, 0x00000000ff300000, 0x00000000ff300000|100%| O|  |TAMS 0x00000000ff300000| PB 0x00000000ff200000| Untracked 
|2035|0x00000000ff300000, 0x00000000ff400000, 0x00000000ff400000|100%| O|  |TAMS 0x00000000ff400000| PB 0x00000000ff300000| Untracked 
|2036|0x00000000ff400000, 0x00000000ff500000, 0x00000000ff500000|100%| O|  |TAMS 0x00000000ff500000| PB 0x00000000ff400000| Untracked 
|2037|0x00000000ff500000, 0x00000000ff600000, 0x00000000ff600000|100%| O|  |TAMS 0x00000000ff600000| PB 0x00000000ff500000| Untracked 
|2038|0x00000000ff600000, 0x00000000ff700000, 0x00000000ff700000|100%| O|  |TAMS 0x00000000ff700000| PB 0x00000000ff600000| Untracked 
|2039|0x00000000ff700000, 0x00000000ff800000, 0x00000000ff800000|100%| O|  |TAMS 0x00000000ff800000| PB 0x00000000ff700000| Untracked 
|2040|0x00000000ff800000, 0x00000000ff900000, 0x00000000ff900000|100%| O|  |TAMS 0x00000000ff900000| PB 0x00000000ff800000| Untracked 
|2041|0x00000000ff900000, 0x00000000ffa00000, 0x00000000ffa00000|100%| O|  |TAMS 0x00000000ffa00000| PB 0x00000000ff900000| Untracked 
|2042|0x00000000ffa00000, 0x00000000ffb00000, 0x00000000ffb00000|100%| O|  |TAMS 0x00000000ffb00000| PB 0x00000000ffa00000| Untracked 
|2043|0x00000000ffb00000, 0x00000000ffc00000, 0x00000000ffc00000|100%| O|  |TAMS 0x00000000ffc00000| PB 0x00000000ffb00000| Untracked 
|2044|0x00000000ffc00000, 0x00000000ffd00000, 0x00000000ffd00000|100%| E|CS|TAMS 0x00000000ffc00000| PB 0x00000000ffc00000| Complete 
|2045|0x00000000ffd00000, 0x00000000ffe00000, 0x00000000ffe00000|100%| O|  |TAMS 0x00000000ffe00000| PB 0x00000000ffd00000| Untracked 
|2046|0x00000000ffe00000, 0x00000000fff00000, 0x00000000fff00000|100%| O|  |TAMS 0x00000000fff00000| PB 0x00000000ffe00000| Untracked 
|2047|0x00000000fff00000, 0x0000000100000000, 0x0000000100000000|100%| O|  |TAMS 0x0000000100000000| PB 0x00000000fff00000| Untracked 

Card table byte_map: [0x0000018318700000,0x0000018318b00000] _byte_map_base: 0x0000018318300000

Marking Bits: (CMBitMap*) 0x0000018305ed2ca0
 Bits: [0x0000018318b00000, 0x000001831ab00000)

Polling page: 0x0000018303d20000

Metaspace:

Usage:
  Non-class:    176.91 MB used.
      Class:     25.33 MB used.
       Both:    202.24 MB used.

Virtual space:
  Non-class space:      192.00 MB reserved,     178.31 MB ( 93%) committed,  3 nodes.
      Class space:        1.00 GB reserved,      26.69 MB (  3%) committed,  1 nodes.
             Both:        1.19 GB reserved,     205.00 MB ( 17%) committed. 

Chunk freelists:
   Non-Class:  12.83 MB
       Class:  5.16 MB
        Both:  17.99 MB

MaxMetaspaceSize: unlimited
CompressedClassSpaceSize: 1.00 GB
Initial GC threshold: 21.00 MB
Current GC threshold: 339.00 MB
CDS: off
 - commit_granule_bytes: 65536.
 - commit_granule_words: 8192.
 - virtual_space_node_default_size: 8388608.
 - enlarge_chunks_in_place: 1.
 - use_allocation_guard: 0.


Internal statistics:

num_allocs_failed_limit: 6.
num_arena_births: 5214.
num_arena_deaths: 10.
num_vsnodes_births: 4.
num_vsnodes_deaths: 0.
num_space_committed: 3275.
num_space_uncommitted: 0.
num_chunks_returned_to_freelist: 21.
num_chunks_taken_from_freelist: 13686.
num_chunk_merges: 6.
num_chunk_splits: 9502.
num_chunks_enlarged: 6664.
num_inconsistent_stats: 0.

CodeHeap 'non-profiled nmethods': size=120000Kb used=13327Kb max_used=13327Kb free=106672Kb
 bounds [0x0000018310aa0000, 0x00000183117b0000, 0x0000018317fd0000]
CodeHeap 'profiled nmethods': size=120000Kb used=37778Kb max_used=37778Kb free=82221Kb
 bounds [0x0000018308fd0000, 0x000001830b4c0000, 0x0000018310500000]
CodeHeap 'non-nmethods': size=5760Kb used=2713Kb max_used=2770Kb free=3047Kb
 bounds [0x0000018310500000, 0x00000183107c0000, 0x0000018310aa0000]
 total_blobs=17137 nmethods=16060 adapters=979
 compilation: enabled
              stopped_count=0, restarted_count=0
 full_count=0

Compilation events (20 events):
Event: 694.443 Thread 0x000001831d6a2570 26517       3       org.jetbrains.kotlin.com.intellij.openapi.util.ObjectNode::<init> (53 bytes)
Event: 694.444 Thread 0x000001831d6a2570 nmethod 26517 0x000001830b44e310 code [0x000001830b44e500, 0x000001830b44e9d8]
Event: 694.444 Thread 0x000001831d6a2570 26518       3       org.jetbrains.kotlin.it.unimi.dsi.fastutil.objects.Reference2ObjectOpenHashMap::put (41 bytes)
Event: 694.444 Thread 0x000001831d6a2570 nmethod 26518 0x000001830b44eb10 code [0x000001830b44ece0, 0x000001830b44f088]
Event: 694.444 Thread 0x000001831d6a2570 26520       3       org.jetbrains.kotlin.it.unimi.dsi.fastutil.objects.Reference2ObjectOpenHashMap::a (63 bytes)
Event: 694.445 Thread 0x000001831d6a2570 nmethod 26520 0x000001830b44f210 code [0x000001830b44f400, 0x000001830b44f930]
Event: 694.447 Thread 0x000001831d69cb00 26521       4       org.jetbrains.org.objectweb.asm.ClassReader::accept (1401 bytes)
Event: 694.448 Thread 0x000001831d6a2570 26522       3       org.jetbrains.kotlin.storage.EmptySimpleLock::unlock (1 bytes)
Event: 694.448 Thread 0x000001831d6a2570 nmethod 26522 0x000001830914aa90 code [0x000001830914ac20, 0x000001830914ad28]
Event: 694.451 Thread 0x000001833cbfeea0 26523       4       java.util.TimSort::countRunAndMakeAscending (128 bytes)
Event: 694.452 Thread 0x000001831d6a2570 26524       3       jdk.internal.jrtfs.JrtFileSystem::getFileAttributes (42 bytes)
Event: 694.453 Thread 0x000001831d6a2570 nmethod 26524 0x000001830b44fb10 code [0x000001830b44fce0, 0x000001830b450078]
Event: 694.463 Thread 0x000001831d6a2570 26527       3       kotlin.script.experimental.util.PropertiesCollection::get (55 bytes)
Event: 694.464 Thread 0x000001831d6a2570 nmethod 26527 0x000001830b450210 code [0x000001830b450480, 0x000001830b450d50]
Event: 694.464 Thread 0x000001831d6a2570 26528       1       kotlin.script.experimental.api.ResultWithDiagnostics$Success::getValue (5 bytes)
Event: 694.464 Thread 0x000001831d6a2570 nmethod 26528 0x0000018311779b90 code [0x0000018311779d20, 0x0000018311779de8]
Event: 694.464 Thread 0x000001833cbfeea0 nmethod 26523 0x0000018311779e90 code [0x000001831177a060, 0x000001831177a7f8]
Event: 694.465 Thread 0x000001833cbfeea0 26525       4       java.util.regex.Pattern::compile (537 bytes)
Event: 694.624 Thread 0x000001833cbfeea0 nmethod 26525 0x000001831177ab10 code [0x000001831177afa0, 0x000001831177dfe8]
Event: 694.624 Thread 0x000001833cbfeea0 26526       4       java.util.regex.Pattern::escape (1310 bytes)

GC Heap History (20 events):
Event: 606.881 GC heap before
{Heap before GC invocations=72 (full 0):
 garbage-first heap   total 454656K, used 266313K [0x0000000080000000, 0x0000000100000000)
  region size 1024K, 53 young (54272K), 20 survivors (20480K)
 Metaspace       used 174637K, committed 177344K, reserved 1245184K
  class space    used 22447K, committed 23808K, reserved 1048576K
}
Event: 606.894 GC heap after
{Heap after GC invocations=73 (full 0):
 garbage-first heap   total 454656K, used 240327K [0x0000000080000000, 0x0000000100000000)
  region size 1024K, 16 young (16384K), 16 survivors (16384K)
 Metaspace       used 174637K, committed 177344K, reserved 1245184K
  class space    used 22447K, committed 23808K, reserved 1048576K
}
Event: 609.033 GC heap before
{Heap before GC invocations=74 (full 0):
 garbage-first heap   total 454656K, used 376519K [0x0000000080000000, 0x0000000100000000)
  region size 1024K, 172 young (176128K), 16 survivors (16384K)
 Metaspace       used 180760K, committed 183488K, reserved 1245184K
  class space    used 23176K, committed 24512K, reserved 1048576K
}
Event: 609.048 GC heap after
{Heap after GC invocations=75 (full 0):
 garbage-first heap   total 454656K, used 217151K [0x0000000080000000, 0x0000000100000000)
  region size 1024K, 14 young (14336K), 14 survivors (14336K)
 Metaspace       used 180760K, committed 183488K, reserved 1245184K
  class space    used 23176K, committed 24512K, reserved 1048576K
}
Event: 611.544 GC heap before
{Heap before GC invocations=75 (full 0):
 garbage-first heap   total 454656K, used 404543K [0x0000000080000000, 0x0000000100000000)
  region size 1024K, 195 young (199680K), 14 survivors (14336K)
 Metaspace       used 185198K, committed 187904K, reserved 1245184K
  class space    used 23636K, committed 24960K, reserved 1048576K
}
Event: 611.560 GC heap after
{Heap after GC invocations=76 (full 0):
 garbage-first heap   total 454656K, used 207883K [0x0000000080000000, 0x0000000100000000)
  region size 1024K, 20 young (20480K), 20 survivors (20480K)
 Metaspace       used 185198K, committed 187904K, reserved 1245184K
  class space    used 23636K, committed 24960K, reserved 1048576K
}
Event: 676.198 GC heap before
{Heap before GC invocations=76 (full 0):
 garbage-first heap   total 454656K, used 401419K [0x0000000080000000, 0x0000000100000000)
  region size 1024K, 210 young (215040K), 20 survivors (20480K)
 Metaspace       used 193249K, committed 195968K, reserved 1245184K
  class space    used 24442K, committed 25792K, reserved 1048576K
}
Event: 676.222 GC heap after
{Heap after GC invocations=77 (full 0):
 garbage-first heap   total 454656K, used 216685K [0x0000000080000000, 0x0000000100000000)
  region size 1024K, 23 young (23552K), 23 survivors (23552K)
 Metaspace       used 193249K, committed 195968K, reserved 1245184K
  class space    used 24442K, committed 25792K, reserved 1048576K
}
Event: 678.560 GC heap before
{Heap before GC invocations=78 (full 0):
 garbage-first heap   total 454656K, used 416365K [0x0000000080000000, 0x0000000100000000)
  region size 1024K, 208 young (212992K), 23 survivors (23552K)
 Metaspace       used 203716K, committed 206528K, reserved 1245184K
  class space    used 25621K, committed 27008K, reserved 1048576K
}
Event: 678.585 GC heap after
{Heap after GC invocations=79 (full 0):
 garbage-first heap   total 454656K, used 235008K [0x0000000080000000, 0x0000000100000000)
  region size 1024K, 25 young (25600K), 25 survivors (25600K)
 Metaspace       used 203716K, committed 206528K, reserved 1245184K
  class space    used 25621K, committed 27008K, reserved 1048576K
}
Event: 679.890 GC heap before
{Heap before GC invocations=79 (full 0):
 garbage-first heap   total 454656K, used 406016K [0x0000000080000000, 0x0000000100000000)
  region size 1024K, 191 young (195584K), 25 survivors (25600K)
 Metaspace       used 205291K, committed 208128K, reserved 1245184K
  class space    used 25808K, committed 27200K, reserved 1048576K
}
Event: 679.936 GC heap after
{Heap after GC invocations=80 (full 0):
 garbage-first heap   total 485376K, used 280064K [0x0000000080000000, 0x0000000100000000)
  region size 1024K, 24 young (24576K), 24 survivors (24576K)
 Metaspace       used 205291K, committed 208128K, reserved 1245184K
  class space    used 25808K, committed 27200K, reserved 1048576K
}
Event: 679.937 GC heap before
{Heap before GC invocations=80 (full 0):
 garbage-first heap   total 485376K, used 280064K [0x0000000080000000, 0x0000000100000000)
  region size 1024K, 25 young (25600K), 24 survivors (24576K)
 Metaspace       used 205291K, committed 208128K, reserved 1245184K
  class space    used 25808K, committed 27200K, reserved 1048576K
}
Event: 679.952 GC heap after
{Heap after GC invocations=81 (full 0):
 garbage-first heap   total 485376K, used 284672K [0x0000000080000000, 0x0000000100000000)
  region size 1024K, 3 young (3072K), 3 survivors (3072K)
 Metaspace       used 205291K, committed 208128K, reserved 1245184K
  class space    used 25808K, committed 27200K, reserved 1048576K
}
Event: 693.873 GC heap before
{Heap before GC invocations=82 (full 0):
 garbage-first heap   total 485376K, used 401408K [0x0000000080000000, 0x0000000100000000)
  region size 1024K, 116 young (118784K), 3 survivors (3072K)
 Metaspace       used 206801K, committed 209600K, reserved 1245184K
  class space    used 25905K, committed 27264K, reserved 1048576K
}
Event: 693.887 GC heap after
{Heap after GC invocations=83 (full 0):
 garbage-first heap   total 485376K, used 301695K [0x0000000080000000, 0x0000000100000000)
  region size 1024K, 15 young (15360K), 15 survivors (15360K)
 Metaspace       used 206801K, committed 209600K, reserved 1245184K
  class space    used 25905K, committed 27264K, reserved 1048576K
}
Event: 694.583 GC heap before
{Heap before GC invocations=83 (full 0):
 garbage-first heap   total 485376K, used 412287K [0x0000000080000000, 0x0000000100000000)
  region size 1024K, 123 young (125952K), 15 survivors (15360K)
 Metaspace       used 207019K, committed 209856K, reserved 1245184K
  class space    used 25932K, committed 27328K, reserved 1048576K
}
Event: 694.611 GC heap after
{Heap after GC invocations=84 (full 0):
 garbage-first heap   total 485376K, used 332216K [0x0000000080000000, 0x0000000100000000)
  region size 1024K, 16 young (16384K), 16 survivors (16384K)
 Metaspace       used 207019K, committed 209856K, reserved 1245184K
  class space    used 25932K, committed 27328K, reserved 1048576K
}
Event: 694.626 GC heap before
{Heap before GC invocations=84 (full 0):
 garbage-first heap   total 485376K, used 336312K [0x0000000080000000, 0x0000000100000000)
  region size 1024K, 21 young (21504K), 16 survivors (16384K)
 Metaspace       used 207019K, committed 209856K, reserved 1245184K
  class space    used 25932K, committed 27328K, reserved 1048576K
}
Event: 694.641 GC heap after
{Heap after GC invocations=85 (full 0):
 garbage-first heap   total 485376K, used 337408K [0x0000000080000000, 0x0000000100000000)
  region size 1024K, 4 young (4096K), 4 survivors (4096K)
 Metaspace       used 207019K, committed 209856K, reserved 1245184K
  class space    used 25932K, committed 27328K, reserved 1048576K
}

Dll operation events (3 events):
Event: 0.010 Loaded shared library C:\Program Files\Android\Android Studio\jbr\bin\java.dll
Event: 0.016 Loaded shared library C:\Program Files\Android\Android Studio\jbr\bin\zip.dll
Event: 0.818 Loaded shared library C:\Program Files\Android\Android Studio\jbr\bin\verify.dll

Deoptimization events (20 events):
Event: 693.964 Thread 0x00000183350814a0 DEOPT PACKING pc=0x0000018309061bd6 sp=0x0000005d3caf6e40
Event: 693.964 Thread 0x00000183350814a0 DEOPT UNPACKING pc=0x00000183105588e2 sp=0x0000005d3caf62e8 mode 0
Event: 694.204 Thread 0x00000183350814a0 Uncommon trap: trap_request=0xffffff45 fr.pc=0x00000183111fda20 relative=0x0000000000000560
Event: 694.204 Thread 0x00000183350814a0 Uncommon trap: reason=unstable_if action=reinterpret pc=0x00000183111fda20 method=com.esotericsoftware.kryo.io.Output.writeString(Ljava/lang/String;)V @ 39 c2
Event: 694.204 Thread 0x00000183350814a0 DEOPT PACKING pc=0x00000183111fda20 sp=0x0000005d3caf6810
Event: 694.204 Thread 0x00000183350814a0 DEOPT UNPACKING pc=0x0000018310557da2 sp=0x0000005d3caf67a8 mode 2
Event: 694.365 Thread 0x00000183350814a0 DEOPT PACKING pc=0x0000018309cb4310 sp=0x0000005d3caf5490
Event: 694.365 Thread 0x00000183350814a0 DEOPT UNPACKING pc=0x00000183105588e2 sp=0x0000005d3caf4938 mode 0
Event: 694.366 Thread 0x00000183350814a0 DEOPT PACKING pc=0x0000018309cb4310 sp=0x0000005d3caf5490
Event: 694.366 Thread 0x00000183350814a0 DEOPT UNPACKING pc=0x00000183105588e2 sp=0x0000005d3caf4938 mode 0
Event: 694.366 Thread 0x00000183350814a0 DEOPT PACKING pc=0x0000018309cb4310 sp=0x0000005d3caf5490
Event: 694.366 Thread 0x00000183350814a0 DEOPT UNPACKING pc=0x00000183105588e2 sp=0x0000005d3caf4938 mode 0
Event: 694.366 Thread 0x00000183350814a0 DEOPT PACKING pc=0x0000018309cb4310 sp=0x0000005d3caf5490
Event: 694.366 Thread 0x00000183350814a0 DEOPT UNPACKING pc=0x00000183105588e2 sp=0x0000005d3caf4938 mode 0
Event: 694.366 Thread 0x00000183350814a0 DEOPT PACKING pc=0x0000018309cb4310 sp=0x0000005d3caf5490
Event: 694.366 Thread 0x00000183350814a0 DEOPT UNPACKING pc=0x00000183105588e2 sp=0x0000005d3caf4938 mode 0
Event: 694.366 Thread 0x00000183350814a0 DEOPT PACKING pc=0x0000018309cb4310 sp=0x0000005d3caf5490
Event: 694.366 Thread 0x00000183350814a0 DEOPT UNPACKING pc=0x00000183105588e2 sp=0x0000005d3caf4938 mode 0
Event: 694.366 Thread 0x00000183350814a0 DEOPT PACKING pc=0x0000018309cb4310 sp=0x0000005d3caf5490
Event: 694.366 Thread 0x00000183350814a0 DEOPT UNPACKING pc=0x00000183105588e2 sp=0x0000005d3caf4938 mode 0

Classes loaded (20 events):
Event: 612.248 Loading class java/time/temporal/TemporalQueries$3
Event: 612.248 Loading class java/time/temporal/TemporalQueries$3 done
Event: 612.248 Loading class java/time/temporal/TemporalQueries$4
Event: 612.248 Loading class java/time/temporal/TemporalQueries$4 done
Event: 612.248 Loading class java/time/temporal/TemporalQueries$5
Event: 612.248 Loading class java/time/temporal/TemporalQueries$5 done
Event: 612.248 Loading class java/time/temporal/TemporalQueries$6
Event: 612.249 Loading class java/time/temporal/TemporalQueries$6 done
Event: 612.249 Loading class java/time/temporal/TemporalQueries$7
Event: 612.249 Loading class java/time/temporal/TemporalQueries$7 done
Event: 612.249 Loading class java/time/LocalDate$1
Event: 612.249 Loading class java/time/LocalDate$1 done
Event: 612.290 Loading class java/nio/file/StandardCopyOption
Event: 612.290 Loading class java/nio/file/StandardCopyOption done
Event: 612.290 Loading class sun/nio/fs/WindowsFileCopy
Event: 612.291 Loading class sun/nio/fs/WindowsFileCopy done
Event: 675.460 Loading class java/util/Collections$ReverseComparator
Event: 675.460 Loading class java/util/Collections$ReverseComparator done
Event: 675.460 Loading class java/util/Collections$ReverseComparator2
Event: 675.461 Loading class java/util/Collections$ReverseComparator2 done

Classes unloaded (15 events):
Event: 30.673 Thread 0x000001831d547e50 Unloading class 0x0000000100954908 '_BuildScript_$_run_closure1$_closure2'
Event: 30.673 Thread 0x000001831d547e50 Unloading class 0x0000000100954508 '_BuildScript_$_run_closure1'
Event: 30.673 Thread 0x000001831d547e50 Unloading class 0x0000000100954000 '_BuildScript_'
Event: 190.562 Thread 0x000001831d547e50 Unloading class 0x000000010097d908 '_BuildScript_$_run_closure1$_closure3'
Event: 190.562 Thread 0x000001831d547e50 Unloading class 0x000000010097d508 '_BuildScript_$_run_closure1$_closure2'
Event: 190.562 Thread 0x000001831d547e50 Unloading class 0x000000010097d108 '_BuildScript_$_run_closure1'
Event: 190.562 Thread 0x000001831d547e50 Unloading class 0x000000010097cc00 '_BuildScript_'
Event: 190.562 Thread 0x000001831d547e50 Unloading class 0x000000010097c800 'JetGradlePlugin$_apply_closure1$_closure2$_closure3'
Event: 190.562 Thread 0x000001831d547e50 Unloading class 0x000000010097c400 'JetGradlePlugin$_apply_closure1$_closure2'
Event: 190.562 Thread 0x000001831d547e50 Unloading class 0x000000010097c000 'JetGradlePlugin$_apply_closure1'
Event: 190.562 Thread 0x000001831d547e50 Unloading class 0x00000001009712e0 'JetGradlePlugin'
Event: 190.562 Thread 0x000001831d547e50 Unloading class 0x0000000100971000 'RegistryProcessor'
Event: 680.213 Thread 0x000001831d547e50 Unloading class 0x0000000101748400 'java/lang/invoke/LambdaForm$MH+0x0000000101748400'
Event: 680.213 Thread 0x000001831d547e50 Unloading class 0x0000000101722c00 'java/lang/invoke/LambdaForm$MH+0x0000000101722c00'
Event: 680.213 Thread 0x000001831d547e50 Unloading class 0x00000001016c8000 'java/lang/invoke/LambdaForm$MH+0x00000001016c8000'

Classes redefined (0 events):
No events

Internal exceptions (20 events):
Event: 693.747 Thread 0x00000183350814a0 Exception <a 'java/lang/ClassNotFoundException'{0x000000009624f210}: sync_studio_tooling9330_3eq52wwj64uylqw2z1t6h7qvkBeanInfo> (0x000000009624f210) 
thrown [s\src\hotspot\share\classfile\systemDictionary.cpp, line 312]
Event: 693.748 Thread 0x00000183350814a0 Exception <a 'java/lang/ClassNotFoundException'{0x00000000962572b0}: sync_studio_tooling9330_3eq52wwj64uylqw2z1t6h7qvkCustomizer> (0x00000000962572b0) 
thrown [s\src\hotspot\share\classfile\systemDictionary.cpp, line 312]
Event: 693.757 Thread 0x00000183350814a0 Exception <a 'java/lang/ClassNotFoundException'{0x00000000962e6820}: sync_studio_tooling9330_3eq52wwj64uylqw2z1t6h7qvk$_run_closure1BeanInfo> (0x00000000962e6820) 
thrown [s\src\hotspot\share\classfile\systemDictionary.cpp, line 312]
Event: 693.757 Thread 0x00000183350814a0 Exception <a 'java/lang/ClassNotFoundException'{0x00000000962ee8e0}: sync_studio_tooling9330_3eq52wwj64uylqw2z1t6h7qvk$_run_closure1Customizer> (0x00000000962ee8e0) 
thrown [s\src\hotspot\share\classfile\systemDictionary.cpp, line 312]
Event: 693.780 Thread 0x0000018324d8e9f0 Exception <a 'sun/nio/fs/WindowsException'{0x00000000961e0738}> (0x00000000961e0738) 
thrown [s\src\hotspot\share\prims\jni.cpp, line 535]
Event: 693.781 Thread 0x0000018324d8e9f0 Exception <a 'sun/nio/fs/WindowsException'{0x00000000961e0d68}> (0x00000000961e0d68) 
thrown [s\src\hotspot\share\prims\jni.cpp, line 535]
Event: 693.782 Thread 0x0000018324d8e9f0 Exception <a 'sun/nio/fs/WindowsException'{0x00000000961eecd0}> (0x00000000961eecd0) 
thrown [s\src\hotspot\share\prims\jni.cpp, line 535]
Event: 693.784 Thread 0x0000018324d8e9f0 Exception <a 'sun/nio/fs/WindowsException'{0x00000000961fcd40}> (0x00000000961fcd40) 
thrown [s\src\hotspot\share\prims\jni.cpp, line 535]
Event: 693.786 Thread 0x0000018324d8e9f0 Exception <a 'sun/nio/fs/WindowsException'{0x0000000096008ec0}> (0x0000000096008ec0) 
thrown [s\src\hotspot\share\prims\jni.cpp, line 535]
Event: 693.795 Thread 0x00000183350814a0 Exception <a 'java/lang/ClassNotFoundException'{0x000000009603e598}: sync_studio_tooling9330_3eq52wwj64uylqw2z1t6h7qvkBeanInfo> (0x000000009603e598) 
thrown [s\src\hotspot\share\classfile\systemDictionary.cpp, line 312]
Event: 693.796 Thread 0x00000183350814a0 Exception <a 'java/lang/ClassNotFoundException'{0x00000000960465d0}: sync_studio_tooling9330_3eq52wwj64uylqw2z1t6h7qvkCustomizer> (0x00000000960465d0) 
thrown [s\src\hotspot\share\classfile\systemDictionary.cpp, line 312]
Event: 693.825 Thread 0x00000183350814a0 Exception <a 'sun/nio/fs/WindowsException'{0x0000000095e730a0}> (0x0000000095e730a0) 
thrown [s\src\hotspot\share\prims\jni.cpp, line 535]
Event: 693.826 Thread 0x00000183350814a0 Exception <a 'sun/nio/fs/WindowsException'{0x0000000095e74ab8}> (0x0000000095e74ab8) 
thrown [s\src\hotspot\share\prims\jni.cpp, line 535]
Event: 693.827 Thread 0x00000183350814a0 Exception <a 'sun/nio/fs/WindowsException'{0x0000000095e764c0}> (0x0000000095e764c0) 
thrown [s\src\hotspot\share\prims\jni.cpp, line 535]
Event: 693.827 Thread 0x00000183350814a0 Exception <a 'sun/nio/fs/WindowsException'{0x0000000095e77ac0}> (0x0000000095e77ac0) 
thrown [s\src\hotspot\share\prims\jni.cpp, line 535]
Event: 693.894 Thread 0x00000183350814a0 Exception <a 'sun/nio/fs/WindowsException'{0x00000000ffc474e0}> (0x00000000ffc474e0) 
thrown [s\src\hotspot\share\prims\jni.cpp, line 535]
Event: 693.894 Thread 0x00000183350814a0 Exception <a 'sun/nio/fs/WindowsException'{0x00000000ffc48e68}> (0x00000000ffc48e68) 
thrown [s\src\hotspot\share\prims\jni.cpp, line 535]
Event: 693.895 Thread 0x00000183350814a0 Exception <a 'sun/nio/fs/WindowsException'{0x00000000ffc4b4c8}> (0x00000000ffc4b4c8) 
thrown [s\src\hotspot\share\prims\jni.cpp, line 535]
Event: 694.439 Thread 0x00000183350814a0 Exception <a 'sun/nio/fs/WindowsException'{0x000000009984a850}> (0x000000009984a850) 
thrown [s\src\hotspot\share\prims\jni.cpp, line 535]
Event: 694.439 Thread 0x00000183350814a0 Exception <a 'sun/nio/fs/WindowsException'{0x000000009984c630}> (0x000000009984c630) 
thrown [s\src\hotspot\share\prims\jni.cpp, line 535]

ZGC Phase Switch (0 events):
No events

VM Operations (20 events):
Event: 680.752 Executing VM operation: ICBufferFull
Event: 680.752 Executing VM operation: ICBufferFull done
Event: 680.933 Executing VM operation: HandshakeAllThreads (Deoptimize)
Event: 680.933 Executing VM operation: HandshakeAllThreads (Deoptimize) done
Event: 680.974 Executing VM operation: ICBufferFull
Event: 680.974 Executing VM operation: ICBufferFull done
Event: 681.003 Executing VM operation: HandshakeAllThreads (Deoptimize)
Event: 681.003 Executing VM operation: HandshakeAllThreads (Deoptimize) done
Event: 681.006 Executing VM operation: HandshakeAllThreads (Deoptimize)
Event: 681.006 Executing VM operation: HandshakeAllThreads (Deoptimize) done
Event: 681.202 Executing VM operation: ICBufferFull
Event: 681.203 Executing VM operation: ICBufferFull done
Event: 682.208 Executing VM operation: Cleanup
Event: 682.208 Executing VM operation: Cleanup done
Event: 693.873 Executing VM operation: G1CollectForAllocation (G1 Evacuation Pause)
Event: 693.887 Executing VM operation: G1CollectForAllocation (G1 Evacuation Pause) done
Event: 694.582 Executing VM operation: G1CollectForAllocation (G1 Evacuation Pause)
Event: 694.611 Executing VM operation: G1CollectForAllocation (G1 Evacuation Pause) done
Event: 694.626 Executing VM operation: G1TryInitiateConcMark (G1 Humongous Allocation)
Event: 694.641 Executing VM operation: G1TryInitiateConcMark (G1 Humongous Allocation) done

Memory protections (0 events):
No events

Nmethod flushes (20 events):
Event: 680.232 Thread 0x000001831d547e50 flushing  nmethod 0x0000018309e4be90
Event: 680.232 Thread 0x000001831d547e50 flushing  nmethod 0x0000018309e8eb90
Event: 680.232 Thread 0x000001831d547e50 flushing  nmethod 0x0000018309edc190
Event: 680.232 Thread 0x000001831d547e50 flushing  nmethod 0x0000018309fa9010
Event: 680.232 Thread 0x000001831d547e50 flushing  nmethod 0x000001830a1b1f90
Event: 680.232 Thread 0x000001831d547e50 flushing  nmethod 0x000001830a1b7990
Event: 680.232 Thread 0x000001831d547e50 flushing  nmethod 0x000001830a1e9510
Event: 680.232 Thread 0x000001831d547e50 flushing  nmethod 0x000001830a299d10
Event: 680.232 Thread 0x000001831d547e50 flushing  nmethod 0x000001830a29a110
Event: 680.232 Thread 0x000001831d547e50 flushing  nmethod 0x000001830a29fd90
Event: 680.232 Thread 0x000001831d547e50 flushing  nmethod 0x000001830a2a0a10
Event: 680.232 Thread 0x000001831d547e50 flushing  nmethod 0x000001830a3e7410
Event: 680.232 Thread 0x000001831d547e50 flushing  nmethod 0x000001830a563610
Event: 680.232 Thread 0x000001831d547e50 flushing  nmethod 0x000001830a5bfa10
Event: 680.232 Thread 0x000001831d547e50 flushing  nmethod 0x000001830a60ac90
Event: 680.232 Thread 0x000001831d547e50 flushing  nmethod 0x000001830a772610
Event: 680.232 Thread 0x000001831d547e50 flushing  nmethod 0x000001830a7de410
Event: 680.232 Thread 0x000001831d547e50 flushing  nmethod 0x000001830a879d10
Event: 680.232 Thread 0x000001831d547e50 flushing  nmethod 0x000001830a87fe10
Event: 680.232 Thread 0x000001831d547e50 flushing  nmethod 0x000001830a880390

Events (20 events):
Event: 693.816 Thread 0x00000183350814a0 Thread added: 0x000001833def1000
Event: 693.817 Thread 0x00000183350814a0 Thread added: 0x000001833def3760
Event: 693.817 Thread 0x00000183350814a0 Thread added: 0x000001833def2a40
Event: 693.818 Thread 0x00000183350814a0 Thread added: 0x000001833def02e0
Event: 693.904 Thread 0x000001831d6a2570 Thread added: 0x000001833cbfeea0
Event: 694.217 Thread 0x00000183350814a0 Thread added: 0x00000183359df3e0
Event: 694.218 Thread 0x00000183350814a0 Thread added: 0x00000183359dd9a0
Event: 694.219 Thread 0x00000183350814a0 Thread added: 0x00000183359ded50
Event: 694.220 Thread 0x00000183350814a0 Thread added: 0x00000183359de030
Event: 694.220 Thread 0x00000183350814a0 Thread added: 0x00000183359dfa70
Event: 694.222 Thread 0x00000183350814a0 Thread added: 0x00000183359dc5f0
Event: 694.222 Thread 0x00000183350814a0 Thread added: 0x00000183359dcc80
Event: 694.291 Thread 0x00000183350814a0 Thread added: 0x000001833cbda1c0
Event: 694.291 Thread 0x00000183350814a0 Thread added: 0x000001833cbd94a0
Event: 694.292 Thread 0x00000183350814a0 Thread added: 0x000001833cbdcfb0
Event: 694.292 Thread 0x00000183350814a0 Thread added: 0x000001833cbdaee0
Event: 694.292 Thread 0x00000183350814a0 Thread added: 0x000001833cbe0430
Event: 694.293 Thread 0x00000183350814a0 Thread added: 0x000001833cbe2500
Event: 694.293 Thread 0x00000183350814a0 Thread added: 0x000001833cbdfda0
Event: 694.367 Thread 0x00000183350814a0 Thread added: 0x000001833cbe0ac0


Dynamic libraries:
0x00007ff713030000 - 0x00007ff71303a000 	C:\Program Files\Android\Android Studio\jbr\bin\java.exe
0x00007ff96f160000 - 0x00007ff96f3c7000 	C:\WINDOWS\SYSTEM32\ntdll.dll
0x00007ff96e8c0000 - 0x00007ff96e989000 	C:\WINDOWS\System32\KERNEL32.DLL
0x00007ff96c4c0000 - 0x00007ff96c8b1000 	C:\WINDOWS\System32\KERNELBASE.dll
0x00007ff96cae0000 - 0x00007ff96cc2b000 	C:\WINDOWS\System32\ucrtbase.dll
0x00007ff9583f0000 - 0x00007ff95840b000 	C:\Program Files\Android\Android Studio\jbr\bin\VCRUNTIME140.dll
0x00007ff93e700000 - 0x00007ff93e718000 	C:\Program Files\Android\Android Studio\jbr\bin\jli.dll
0x00007ff96e6f0000 - 0x00007ff96e8b5000 	C:\WINDOWS\System32\USER32.dll
0x00007ff96ab40000 - 0x00007ff96add3000 	C:\WINDOWS\WinSxS\amd64_microsoft.windows.common-controls_6595b64144ccf1df_6.0.26100.8037_none_3e092faae333b53b\COMCTL32.dll
0x00007ff96ce20000 - 0x00007ff96ce47000 	C:\WINDOWS\System32\win32u.dll
0x00007ff96e630000 - 0x00007ff96e6d9000 	C:\WINDOWS\System32\msvcrt.dll
0x00007ff96e390000 - 0x00007ff96e3bb000 	C:\WINDOWS\System32\GDI32.dll
0x00007ff96ccf0000 - 0x00007ff96ce1b000 	C:\WINDOWS\System32\gdi32full.dll
0x00007ff96ca30000 - 0x00007ff96cad3000 	C:\WINDOWS\System32\msvcp_win.dll
0x00007ff96e350000 - 0x00007ff96e381000 	C:\WINDOWS\System32\IMM32.DLL
0x00007ff966080000 - 0x00007ff96608c000 	C:\Program Files\Android\Android Studio\jbr\bin\vcruntime140_1.dll
0x00007ff90be40000 - 0x00007ff90becd000 	C:\Program Files\Android\Android Studio\jbr\bin\msvcp140.dll
0x00007ff8a4260000 - 0x00007ff8a4eeb000 	C:\Program Files\Android\Android Studio\jbr\bin\server\jvm.dll
0x00007ff96ede0000 - 0x00007ff96ee9b000 	C:\WINDOWS\System32\ADVAPI32.dll
0x00007ff96ed30000 - 0x00007ff96edd7000 	C:\WINDOWS\System32\sechost.dll
0x00007ff96f000000 - 0x00007ff96f118000 	C:\WINDOWS\System32\RPCRT4.dll
0x00007ff96e3c0000 - 0x00007ff96e434000 	C:\WINDOWS\System32\WS2_32.dll
0x00007ff96b8a0000 - 0x00007ff96b8fe000 	C:\WINDOWS\SYSTEM32\POWRPROF.dll
0x00007ff95feb0000 - 0x00007ff95febb000 	C:\WINDOWS\SYSTEM32\VERSION.dll
0x00007ff95a6f0000 - 0x00007ff95a725000 	C:\WINDOWS\SYSTEM32\WINMM.dll
0x00007ff96b880000 - 0x00007ff96b894000 	C:\WINDOWS\SYSTEM32\UMPDC.dll
0x00007ff96a0b0000 - 0x00007ff96a0cb000 	C:\WINDOWS\SYSTEM32\kernel.appcore.dll
0x00007ff95dbb0000 - 0x00007ff95dbba000 	C:\Program Files\Android\Android Studio\jbr\bin\jimage.dll
0x00007ff96b1f0000 - 0x00007ff96b432000 	C:\WINDOWS\SYSTEM32\DBGHELP.DLL
0x00007ff96e990000 - 0x00007ff96ed12000 	C:\WINDOWS\System32\combase.dll
0x00007ff96e4d0000 - 0x00007ff96e5a7000 	C:\WINDOWS\System32\OLEAUT32.dll
0x00007ff96b0e0000 - 0x00007ff96b11b000 	C:\WINDOWS\SYSTEM32\dbgcore.DLL
0x00007ff96ce50000 - 0x00007ff96cef5000 	C:\WINDOWS\System32\bcryptPrimitives.dll
0x00007ff948450000 - 0x00007ff94845e000 	C:\Program Files\Android\Android Studio\jbr\bin\instrument.dll
0x00007ff957c10000 - 0x00007ff957c30000 	C:\Program Files\Android\Android Studio\jbr\bin\java.dll
0x00007ff953e00000 - 0x00007ff953e18000 	C:\Program Files\Android\Android Studio\jbr\bin\zip.dll
0x00007ff96d620000 - 0x00007ff96dd7f000 	C:\WINDOWS\System32\SHELL32.dll
0x00007ff96c8c0000 - 0x00007ff96ca2a000 	C:\WINDOWS\System32\wintypes.dll
0x00007ff96bc50000 - 0x00007ff96c4b4000 	C:\WINDOWS\System32\windows.storage.dll
0x00007ff96dfb0000 - 0x00007ff96e0a7000 	C:\WINDOWS\System32\SHCORE.dll
0x00007ff96e2e0000 - 0x00007ff96e347000 	C:\WINDOWS\System32\shlwapi.dll
0x00007ff96b960000 - 0x00007ff96b989000 	C:\WINDOWS\SYSTEM32\profapi.dll
0x00007ff95da30000 - 0x00007ff95da40000 	C:\Program Files\Android\Android Studio\jbr\bin\net.dll
0x00007ff95f710000 - 0x00007ff95f837000 	C:\WINDOWS\SYSTEM32\WINHTTP.dll
0x00007ff96a5e0000 - 0x00007ff96a64b000 	C:\WINDOWS\system32\mswsock.dll
0x00007ff952710000 - 0x00007ff952726000 	C:\Program Files\Android\Android Studio\jbr\bin\nio.dll
0x00007ff94dd30000 - 0x00007ff94dd40000 	C:\Program Files\Android\Android Studio\jbr\bin\verify.dll
0x00007ff941a70000 - 0x00007ff941a97000 	C:\Users\duygu\.gradle\native\660c5614fbf4a5f2a75b1949f50a0caf5cd603558e7d8a26e50b933a0cfb79d1\windows-amd64\native-platform.dll
0x00007ff90bba0000 - 0x00007ff90bc17000 	C:\Users\duygu\.gradle\native\0.2.8\x86_64-windows-gnu\gradle-fileevents.dll
0x00007ff952700000 - 0x00007ff952709000 	C:\Program Files\Android\Android Studio\jbr\bin\management.dll
0x00007ff9526f0000 - 0x00007ff9526fb000 	C:\Program Files\Android\Android Studio\jbr\bin\management_ext.dll
0x00007ff96e440000 - 0x00007ff96e448000 	C:\WINDOWS\System32\PSAPI.DLL
0x00007ff969880000 - 0x00007ff9698b3000 	C:\WINDOWS\SYSTEM32\IPHLPAPI.DLL
0x00007ff96ed20000 - 0x00007ff96ed2a000 	C:\WINDOWS\System32\NSI.dll
0x00007ff958390000 - 0x00007ff958399000 	C:\Program Files\Android\Android Studio\jbr\bin\extnet.dll
0x00007ff96b560000 - 0x00007ff96b57b000 	C:\WINDOWS\SYSTEM32\CRYPTSP.dll
0x00007ff969e90000 - 0x00007ff969ec9000 	C:\WINDOWS\system32\rsaenh.dll
0x00007ff96a690000 - 0x00007ff96a6c2000 	C:\WINDOWS\SYSTEM32\USERENV.dll
0x00007ff96b930000 - 0x00007ff96b95a000 	C:\WINDOWS\SYSTEM32\bcrypt.dll
0x00007ff96a9a0000 - 0x00007ff96a9ac000 	C:\WINDOWS\SYSTEM32\CRYPTBASE.dll
0x00007ff9520e0000 - 0x00007ff9520e8000 	C:\WINDOWS\system32\wshunix.dll
0x00007ff9699e0000 - 0x00007ff969b0a000 	C:\WINDOWS\SYSTEM32\DNSAPI.dll
0x00007ff95df60000 - 0x00007ff95df6b000 	C:\Windows\System32\rasadhlp.dll
0x00007ff95e4b0000 - 0x00007ff95e536000 	C:\WINDOWS\System32\fwpuclnt.dll

dbghelp: loaded successfully - version: 4.0.5 - missing functions: none
symbol engine: initialized successfully - sym options: 0x614 - pdb path: .;C:\Program Files\Android\Android Studio\jbr\bin;C:\WINDOWS\SYSTEM32;C:\WINDOWS\WinSxS\amd64_microsoft.windows.common-controls_6595b64144ccf1df_6.0.26100.8037_none_3e092faae333b53b;C:\Program Files\Android\Android Studio\jbr\bin\server;C:\Users\duygu\.gradle\native\660c5614fbf4a5f2a75b1949f50a0caf5cd603558e7d8a26e50b933a0cfb79d1\windows-amd64;C:\Users\duygu\.gradle\native\0.2.8\x86_64-windows-gnu

VM Arguments:
jvm_args: --add-opens=java.base/java.lang=ALL-UNNAMED --add-opens=java.base/java.lang.invoke=ALL-UNNAMED --add-opens=java.base/java.util=ALL-UNNAMED --add-opens=java.prefs/java.util.prefs=ALL-UNNAMED --add-exports=jdk.compiler/com.sun.tools.javac.api=ALL-UNNAMED --add-exports=jdk.compiler/com.sun.tools.javac.util=ALL-UNNAMED --add-opens=java.base/java.util=ALL-UNNAMED --add-opens=java.prefs/java.util.prefs=ALL-UNNAMED --add-opens=java.base/java.nio.charset=ALL-UNNAMED --add-opens=java.base/java.net=ALL-UNNAMED --add-opens=java.base/java.util.concurrent=ALL-UNNAMED --add-opens=java.base/java.util.concurrent.atomic=ALL-UNNAMED --add-opens=java.xml/javax.xml.namespace=ALL-UNNAMED --add-opens=java.base/java.time=ALL-UNNAMED -Xmx2048m -Dfile.encoding=UTF-8 -Duser.country=TR -Duser.language=tr -Duser.variant -javaagent:C:\Users\duygu\.gradle\wrapper\dists\gradle-9.3.1-bin\23ovyewtku6u96viwx3xl3oks\gradle-9.3.1\lib\agents\gradle-instrumentation-agent-9.3.1.jar 
java_command: org.gradle.launcher.daemon.bootstrap.GradleDaemon 9.3.1
java_class_path (initial): C:\Users\duygu\.gradle\wrapper\dists\gradle-9.3.1-bin\23ovyewtku6u96viwx3xl3oks\gradle-9.3.1\lib\gradle-daemon-main-9.3.1.jar
Launcher Type: SUN_STANDARD

[Global flags]
     intx CICompilerCount                          = 4                                         {product} {ergonomic}
     uint ConcGCThreads                            = 2                                         {product} {ergonomic}
     uint G1ConcRefinementThreads                  = 8                                         {product} {ergonomic}
   size_t G1HeapRegionSize                         = 1048576                                   {product} {ergonomic}
    uintx GCDrainStackTargetSize                   = 64                                        {product} {ergonomic}
   size_t InitialHeapSize                          = 264241152                                 {product} {ergonomic}
   size_t MarkStackSize                            = 4194304                                   {product} {ergonomic}
   size_t MaxHeapSize                              = 2147483648                                {product} {command line}
   size_t MaxNewSize                               = 1287651328                                {product} {ergonomic}
   size_t MinHeapDeltaBytes                        = 1048576                                   {product} {ergonomic}
   size_t MinHeapSize                              = 8388608                                   {product} {ergonomic}
    uintx NonNMethodCodeHeapSize                   = 5839372                                {pd product} {ergonomic}
    uintx NonProfiledCodeHeapSize                  = 122909434                              {pd product} {ergonomic}
    uintx ProfiledCodeHeapSize                     = 122909434                              {pd product} {ergonomic}
    uintx ReservedCodeCacheSize                    = 251658240                              {pd product} {ergonomic}
     bool SegmentedCodeCache                       = true                                      {product} {ergonomic}
   size_t SoftMaxHeapSize                          = 2147483648                             {manageable} {ergonomic}
     bool UseCompressedOops                        = true                           {product lp64_product} {ergonomic}
     bool UseG1GC                                  = true                                      {product} {ergonomic}
     bool UseLargePagesIndividualAllocation        = false                                  {pd product} {ergonomic}

Logging:
Log output configuration:
 #0: stdout all=warning uptime,level,tags foldmultilines=false
 #1: stderr all=off uptime,level,tags foldmultilines=false

Environment Variables:
PATH=C:\Program Files\Common Files\Oracle\Java\javapath;C:\Program Files (x86)\Common Files\Oracle\Java\javapath;C:\WINDOWS\system32;C:\WINDOWS;C:\WINDOWS\System32\Wbem;C:\WINDOWS\System32\WindowsPowerShell\v1.0\;C:\WINDOWS\System32\OpenSSH\;C:\Users\duygu\Downloads\gradle-9.4.1-bin\gradle-9.4.1\bin;C:\Users\duygu\Downloads\kotlin-compiler-2.3.20\kotlinc\bin;C:\Program Files\Git\cmd;C:\Users\duygu\AppData\Local\Microsoft\WindowsApps;C:\Users\duygu\AppData\Local\Programs\Microsoft VS Code\bin
USERNAME=duygu
OS=Windows_NT
PROCESSOR_IDENTIFIER=Intel64 Family 6 Model 126 Stepping 5, GenuineIntel
TMP=C:\Users\duygu\AppData\Local\Temp
TEMP=C:\Users\duygu\AppData\Local\Temp




Periodic native trim disabled

JNI global refs:
JNI global refs: 30, weak refs: 0

JNI global refs memory usage: 835, weak refs: 833

Process memory usage:
Resident Set Size: 1004032K (6% of 16509288K total physical memory with 3537496K free physical memory)

OOME stack traces (most recent first):
Classloader memory used:
Loader org.gradle.internal.classloader.VisitableURLClassLoader                         : 103M
Loader org.gradle.internal.classloader.VisitableURLClassLoader$InstrumentingVisitableURLClassLoader: 46909K
Loader bootstrap                                                                       : 31377K
Loader org.gradle.initialization.MixInLegacyTypesClassLoader                           : 13954K
Loader org.gradle.internal.classloader.VisitableURLClassLoader                         : 6007K
Loader jdk.internal.loader.ClassLoaders$PlatformClassLoader                            : 739K
Loader jdk.internal.reflect.DelegatingClassLoader                                      : 667K
Loader org.gradle.groovy.scripts.internal.DefaultScriptCompilationHandler$ScriptClassLoader: 458K
Loader jdk.internal.jrtfs.JrtFileSystemProvider$JrtFsLoader                            : 341K
Loader jdk.internal.loader.ClassLoaders$AppClassLoader                                 : 232K
Loader org.codehaus.groovy.runtime.callsite.CallSiteClassLoader                        : 3488B

Classes loaded by more than one classloader:
Class Program                                                                         : loaded 11 times (x 68B)
Class Build_gradle                                                                    : loaded 8 times (x 122B)
Class org.gradle.kotlin.dsl.VersionCatalogAccessorsKt                                 : loaded 5 times (x 67B)
Class com.google.common.collect.ImmutableList$SubList                                 : loaded 4 times (x 205B)
Class com.google.common.collect.UnmodifiableIterator                                  : loaded 4 times (x 76B)
Class com.google.common.collect.Iterators$SingletonIterator                           : loaded 4 times (x 77B)
Class com.google.common.collect.ImmutableCollection$Builder                           : loaded 4 times (x 72B)
Class com.google.common.collect.RegularImmutableAsList                                : loaded 4 times (x 213B)
Class com.google.common.collect.ImmutableList                                         : loaded 4 times (x 202B)
Class com.google.common.collect.Iterators                                             : loaded 4 times (x 67B)
Class com.google.common.collect.Lists$StringAsImmutableList                           : loaded 4 times (x 203B)
Class com.google.common.collect.Iterators$MergingIterator                             : loaded 4 times (x 77B)
Class com.google.common.collect.ImmutableSet$SetBuilderImpl                           : loaded 4 times (x 72B)
Class com.google.common.collect.AbstractIterator                                      : loaded 4 times (x 78B)
Class com.google.common.collect.AbstractIndexedListIterator                           : loaded 4 times (x 92B)
Class com.google.common.collect.SingletonImmutableList                                : loaded 4 times (x 203B)
Class com.google.common.collect.RegularImmutableSet                                   : loaded 4 times (x 145B)
Class com.google.common.collect.ImmutableList$ReverseImmutableList                    : loaded 4 times (x 205B)
Class com.google.common.collect.Iterators$1                                           : loaded 4 times (x 77B)
Class com.google.common.collect.SingletonImmutableSet                                 : loaded 4 times (x 142B)
Class com.google.common.collect.Iterators$4                                           : loaded 4 times (x 78B)
Class com.google.common.collect.Iterators$5                                           : loaded 4 times (x 78B)
Class com.google.common.collect.ImmutableCollection                                   : loaded 4 times (x 121B)
Class com.google.common.collect.Lists                                                 : loaded 4 times (x 67B)
Class com.google.common.collect.ImmutableSet$CachingAsList                            : loaded 4 times (x 144B)
Class com.google.common.collect.Iterators$9                                           : loaded 4 times (x 77B)
Class com.google.common.collect.ImmutableAsList                                       : loaded 4 times (x 205B)
Class com.google.common.base.Function                                                 : loaded 4 times (x 66B)
Class com.google.common.collect.RegularImmutableList                                  : loaded 4 times (x 209B)
Class com.google.common.collect.UnmodifiableListIterator                              : loaded 4 times (x 91B)
Class com.google.common.collect.Iterators$ArrayItr                                    : loaded 4 times (x 93B)
Class com.google.common.collect.ImmutableSet                                          : loaded 4 times (x 141B)
Class com.google.common.base.Predicate                                                : loaded 4 times (x 66B)
Class com.google.common.collect.ImmutableList$1                                       : loaded 4 times (x 93B)
Class com.google.common.collect.PeekingIterator                                       : loaded 4 times (x 66B)
Class com.google.common.collect.ImmutableSet$RegularSetBuilderImpl                    : loaded 4 times (x 73B)
Class com.google.common.base.Preconditions                                            : loaded 4 times (x 67B)
Class org.objectweb.asm.CurrentFrame                                                  : loaded 3 times (x 69B)
Class org.objectweb.asm.Label                                                         : loaded 3 times (x 69B)
Class com.google.common.base.Joiner$1                                                 : loaded 3 times (x 76B)
Class org.objectweb.asm.ClassTooLargeException                                        : loaded 3 times (x 79B)
Class com.google.common.collect.Hashing                                               : loaded 3 times (x 67B)
Class com.google.common.base.CharMatcher$IsEither                                     : loaded 3 times (x 107B)
Class com.google.common.base.Equivalence$Equals                                       : loaded 3 times (x 78B)
Class com.google.common.util.concurrent.AbstractFuture$Failure                        : loaded 3 times (x 68B)
Class com.google.common.base.PatternCompiler                                          : loaded 3 times (x 66B)
Class com.google.common.cache.LocalCache$ValueReference                               : loaded 3 times (x 66B)
Class com.google.common.base.CharMatcher$Is                                           : loaded 3 times (x 107B)
Class com.google.common.base.CharMatcher$Negated                                      : loaded 3 times (x 109B)
Class com.google.common.collect.RegularImmutableBiMap                                 : loaded 3 times (x 145B)
Class org.gradle.kotlin.dsl.ImplementationConfigurationAccessorsKt                    : loaded 3 times (x 67B)
Class com.google.common.collect.RegularImmutableMap$BucketOverflowException           : loaded 3 times (x 78B)
Class [Lcom.google.common.cache.Weigher;                                              : loaded 3 times (x 65B)
Class org.objectweb.asm.MethodWriter                                                  : loaded 3 times (x 102B)
Class com.google.common.cache.LoadingCache                                            : loaded 3 times (x 66B)
Class com.google.common.util.concurrent.AbstractFuture$TrustedFuture                  : loaded 3 times (x 110B)
Class com.google.common.cache.LocalCache$StrongEntry                                  : loaded 3 times (x 104B)
Class com.google.common.base.CharMatcher                                              : loaded 3 times (x 107B)
Class com.google.common.cache.CacheLoader$InvalidCacheLoadException                   : loaded 3 times (x 78B)
Class org.objectweb.asm.SymbolTable                                                   : loaded 3 times (x 68B)
Class org.gradle.internal.IoActions                                                   : loaded 3 times (x 67B)
Class com.google.common.cache.LocalCache$AbstractReferenceEntry                       : loaded 3 times (x 103B)
Class org.jetbrains.kotlin.tooling.core.HasMutableExtras                              : loaded 3 times (x 66B)
Class com.google.common.collect.ImmutableEnumSet                                      : loaded 3 times (x 142B)
Class com.google.common.cache.LocalCache$EntryFactory                                 : loaded 3 times (x 79B)
Class com.google.common.collect.SortedMapDifference                                   : loaded 3 times (x 66B)
Class com.google.common.collect.CollectPreconditions                                  : loaded 3 times (x 67B)
Class org.gradle.api.GradleException                                                  : loaded 3 times (x 78B)
Class com.google.common.util.concurrent.ExecutionError                                : loaded 3 times (x 78B)
Class com.google.common.collect.ImmutableEntry                                        : loaded 3 times (x 78B)
Class [Lcom.google.common.collect.AbstractMapEntry;                                   : loaded 3 times (x 65B)
Class com.google.common.cache.CacheBuilder$3                                          : loaded 3 times (x 68B)
Class com.google.common.collect.ArrayListMultimap                                     : loaded 3 times (x 168B)
Class com.google.common.base.Joiner$2                                                 : loaded 3 times (x 75B)
Class com.google.common.cache.CacheBuilder$2                                          : loaded 3 times (x 75B)
Class com.google.common.cache.LocalCache                                              : loaded 3 times (x 183B)
Class com.google.common.base.CharMatcher$NegatedFastMatcher                           : loaded 3 times (x 109B)
Class com.google.common.collect.ImmutableMap                                          : loaded 3 times (x 116B)
Class com.google.common.cache.CacheBuilder$1                                          : loaded 3 times (x 81B)
Class [Lcom.google.common.cache.LocalCache$Strength;                                  : loaded 3 times (x 65B)
Class org.objectweb.asm.Frame                                                         : loaded 3 times (x 69B)
Class [Lcom.google.common.cache.LocalCache$Segment;                                   : loaded 3 times (x 65B)
Class com.google.common.base.Ticker                                                   : loaded 3 times (x 68B)
Class com.google.common.base.CharMatcher$FastMatcher                                  : loaded 3 times (x 107B)
Class org.objectweb.asm.Handler                                                       : loaded 3 times (x 68B)
Class com.google.common.collect.Sets                                                  : loaded 3 times (x 67B)
Class com.google.common.base.Strings                                                  : loaded 3 times (x 67B)
Class org.gradle.internal.Cast                                                        : loaded 3 times (x 67B)
Class org.gradle.api.Action                                                           : loaded 3 times (x 66B)
Class com.android.ide.common.repository.AgpVersion$Companion                          : loaded 3 times (x 67B)
Class com.google.common.base.Supplier                                                 : loaded 3 times (x 66B)
Class org.objectweb.asm.Attribute                                                     : loaded 3 times (x 73B)
Class com.google.common.base.CharMatcher$Or                                           : loaded 3 times (x 108B)
Class com.google.common.util.concurrent.AbstractFuture$Listener                       : loaded 3 times (x 68B)
Class com.google.common.collect.RegularImmutableMap                                   : loaded 3 times (x 117B)
Class com.google.common.collect.ImmutableMap$MapViewOfValuesAsSingletonSets           : loaded 3 times (x 122B)
Class org.objectweb.asm.RecordComponentWriter                                         : loaded 3 times (x 74B)
Class com.google.common.cache.CacheStats                                              : loaded 3 times (x 67B)
Class org.objectweb.asm.AnnotationWriter                                              : loaded 3 times (x 75B)
Class org.objectweb.asm.MethodVisitor                                                 : loaded 3 times (x 101B)
Class com.google.common.collect.RegularImmutableMap$Values                            : loaded 3 times (x 203B)
Class com.google.common.base.CharMatcher$BitSetMatcher                                : loaded 3 times (x 108B)
Class org.objectweb.asm.Symbol                                                        : loaded 3 times (x 69B)
Class org.gradle.kotlin.dsl.AndroidTestImplementationConfigurationAccessorsKt         : loaded 3 times (x 67B)
Class com.google.common.math.IntMath$1                                                : loaded 3 times (x 67B)
Class [Lcom.google.common.cache.CacheBuilder$NullListener;                            : loaded 3 times (x 65B)
Class [Lorg.objectweb.asm.Symbol;                                                     : loaded 3 times (x 65B)
Class org.objectweb.asm.ClassVisitor                                                  : loaded 3 times (x 84B)
Class org.objectweb.asm.ByteVector                                                    : loaded 3 times (x 75B)
Class org.objectweb.asm.Type                                                          : loaded 3 times (x 68B)
Class com.google.common.cache.LocalCache$StrongValueReference                         : loaded 3 times (x 86B)
Class com.google.common.collect.Sets$SetView                                          : loaded 3 times (x 134B)
Class com.google.common.collect.Maps$8                                                : loaded 3 times (x 78B)
Class [Lorg.objectweb.asm.AnnotationWriter;                                           : loaded 3 times (x 65B)
Class Build_gradle$1                                                                  : loaded 3 times (x 70B)
Class com.google.common.base.Platform                                                 : loaded 3 times (x 67B)
Class com.google.common.cache.LocalCache$LoadingValueReference                        : loaded 3 times (x 92B)
Class com.google.common.base.CharMatcher$NamedFastMatcher                             : loaded 3 times (x 108B)
Class com.google.common.collect.Maps                                                  : loaded 3 times (x 67B)
Class com.google.common.util.concurrent.LazyLogger                                    : loaded 3 times (x 68B)
Class com.google.common.base.CharMatcher$1                                            : loaded 3 times (x 109B)
Class com.google.common.util.concurrent.Uninterruptibles                              : loaded 3 times (x 67B)
Class org.jetbrains.kotlin.tooling.core.HasExtras                                     : loaded 3 times (x 66B)
Class org.gradle.kotlin.dsl.TestImplementationConfigurationAccessorsKt                : loaded 3 times (x 67B)
Class com.google.common.cache.LocalCache$EntryFactory$1                               : loaded 3 times (x 79B)
Class com.google.common.cache.CacheBuilder$OneWeigher                                 : loaded 3 times (x 78B)
Class com.google.common.collect.IndexedImmutableSet$1                                 : loaded 3 times (x 209B)
Class com.google.common.collect.ImmutableMapEntry$NonTerminalImmutableMapEntry        : loaded 3 times (x 81B)
Class [Lcom.google.common.cache.RemovalListener;                                      : loaded 3 times (x 65B)
Class com.google.common.base.Platform$JdkPatternCompiler                              : loaded 3 times (x 71B)
Class com.google.common.base.Equivalence                                              : loaded 3 times (x 78B)
Class com.google.common.collect.ImmutableMapEntry                                     : loaded 3 times (x 81B)
Class org.objectweb.asm.commons.InstructionAdapter                                    : loaded 3 times (x 184B)
Class org.objectweb.asm.MethodTooLargeException                                       : loaded 3 times (x 79B)
Class com.google.common.math.IntMath                                                  : loaded 3 times (x 67B)
Class com.google.common.cache.LocalCache$LocalManualCache                             : loaded 3 times (x 95B)
Class com.google.common.base.CharMatcher$IsNot                                        : loaded 3 times (x 107B)
Class [Lcom.google.common.cache.CacheBuilder$OneWeigher;                              : loaded 3 times (x 65B)
Class com.google.common.base.Suppliers                                                : loaded 3 times (x 67B)
Class com.google.common.base.CommonPattern                                            : loaded 3 times (x 70B)
Class [Lcom.google.common.cache.LocalCache$EntryFactory;                              : loaded 3 times (x 65B)
Class com.google.common.collect.Iterables                                             : loaded 3 times (x 67B)
Class com.google.common.cache.CacheLoader$SupplierToCacheLoader                       : loaded 3 times (x 71B)
Class org.objectweb.asm.RecordComponentVisitor                                        : loaded 3 times (x 73B)
Class com.android.ide.common.repository.AgpVersion$PreviewKind                        : loaded 3 times (x 75B)
Class com.google.common.cache.LocalCache$EntryFactory$2                               : loaded 3 times (x 79B)
Class com.google.common.base.FunctionalEquivalence                                    : loaded 3 times (x 79B)
Class com.google.common.util.concurrent.AbstractFuture                                : loaded 3 times (x 102B)
Class com.google.common.collect.AbstractMapBasedMultimap                              : loaded 3 times (x 135B)
Class org.objectweb.asm.ModuleWriter                                                  : loaded 3 times (x 78B)
Class com.google.common.base.Converter                                                : loaded 3 times (x 86B)
Class com.google.common.cache.ReferenceEntry                                          : loaded 3 times (x 66B)
Class com.google.common.util.concurrent.ListenableFuture                              : loaded 3 times (x 66B)
Class com.google.common.cache.LocalCache$EntryFactory$3                               : loaded 3 times (x 79B)
Class com.google.common.base.Ticker$1                                                 : loaded 3 times (x 68B)
Class com.google.common.base.CharMatcher$AnyOf                                        : loaded 3 times (x 108B)
Class com.google.common.cache.LocalCache$LocalManualCache$1                           : loaded 3 times (x 71B)
Class com.google.common.base.CharMatcher$ForPredicate                                 : loaded 3 times (x 108B)
Class com.google.common.collect.ImmutableSet$JdkBackedSetBuilderImpl                  : loaded 3 times (x 72B)
Class com.google.common.collect.Maps$BiMapConverter                                   : loaded 3 times (x 86B)
Class com.android.ide.common.repository.AgpVersion$PreviewKind$Companion              : loaded 3 times (x 67B)
Class com.google.common.util.concurrent.internal.InternalFutureFailureAccess          : loaded 3 times (x 68B)
Class com.google.common.collect.ImmutableBiMap                                        : loaded 3 times (x 139B)
Class com.google.common.collect.ImmutableMapEntrySet$RegularEntrySet                  : loaded 3 times (x 148B)
Class com.google.common.cache.CacheLoader                                             : loaded 3 times (x 70B)
Class [Lorg.objectweb.asm.SymbolTable$Entry;                                          : loaded 3 times (x 65B)
Class com.google.common.collect.AbstractListMultimap                                  : loaded 3 times (x 168B)
Class com.android.builder.model.v2.models.ndk.NativeModule                            : loaded 3 times (x 66B)
Class com.google.common.cache.LocalCache$Segment                                      : loaded 3 times (x 150B)
Class com.google.common.collect.ImmutableMap$IteratorBasedImmutableMap                : loaded 3 times (x 122B)
Class com.google.common.base.CharMatcher$InRange                                      : loaded 3 times (x 107B)
Class com.google.common.cache.LocalCache$ComputingValueReference                      : loaded 3 times (x 92B)
Class com.google.common.collect.RegularImmutableMap$KeySet                            : loaded 3 times (x 148B)
Class com.google.common.base.Suppliers$SupplierOfInstance                             : loaded 3 times (x 75B)
Class org.objectweb.asm.Edge                                                          : loaded 3 times (x 68B)
Class org.objectweb.asm.SymbolTable$Entry                                             : loaded 3 times (x 70B)
Class com.google.common.cache.LocalCache$EntryFactory$4                               : loaded 3 times (x 79B)
Class com.google.common.base.JdkPattern                                               : loaded 3 times (x 71B)
Class com.google.common.collect.ImmutableSet$Builder                                  : loaded 3 times (x 81B)
Class com.google.common.cache.LocalCache$EntryFactory$5                               : loaded 3 times (x 79B)
Class com.google.common.cache.CacheBuilder                                            : loaded 3 times (x 68B)
Class com.android.builder.model.v2.AndroidModel                                       : loaded 3 times (x 66B)
Class com.google.common.collect.Multimap                                              : loaded 3 times (x 66B)
Class com.google.common.primitives.IntsMethodsForWeb                                  : loaded 3 times (x 67B)
Class com.google.common.cache.RemovalListener                                         : loaded 3 times (x 66B)
Class com.google.common.collect.ImmutableMap$Builder                                  : loaded 3 times (x 78B)
Class com.google.common.util.concurrent.AbstractFuture$Cancellation                   : loaded 3 times (x 68B)
Class com.google.common.cache.Cache                                                   : loaded 3 times (x 66B)
Class com.google.common.cache.LocalCache$Strength                                     : loaded 3 times (x 77B)
Class [Lcom.google.common.collect.ImmutableMapEntry;                                  : loaded 3 times (x 65B)
Class [Lcom.android.ide.common.repository.AgpVersion$PreviewKind;                     : loaded 3 times (x 65B)
Class com.google.common.base.Stopwatch                                                : loaded 3 times (x 68B)
Class com.google.common.cache.Weigher                                                 : loaded 3 times (x 66B)
Class com.google.common.collect.ImmutableMapEntrySet                                  : loaded 3 times (x 148B)
Class com.google.common.math.MathPreconditions                                        : loaded 3 times (x 67B)
Class com.google.common.base.Equivalence$Identity                                     : loaded 3 times (x 78B)
Class com.google.common.collect.ArrayListMultimapGwtSerializationDependencies         : loaded 3 times (x 168B)
Class com.google.common.collect.Multiset                                              : loaded 3 times (x 66B)
Class com.google.common.collect.ObjectArrays                                          : loaded 3 times (x 67B)
Class com.google.common.base.PairwiseEquivalence                                      : loaded 3 times (x 79B)
Class com.google.common.collect.ListMultimap                                          : loaded 3 times (x 66B)
Class com.android.ide.common.repository.AgpVersion                                    : loaded 3 times (x 71B)
Class com.google.common.primitives.Ints                                               : loaded 3 times (x 67B)
Class com.google.common.collect.BiMap                                                 : loaded 3 times (x 66B)
Class com.google.common.collect.ImmutableMap$1                                        : loaded 3 times (x 77B)
Class com.google.common.collect.IndexedImmutableSet                                   : loaded 3 times (x 148B)
Class org.objectweb.asm.FieldVisitor                                                  : loaded 3 times (x 73B)
Class com.google.common.collect.ImmutableEnumMap                                      : loaded 3 times (x 122B)
Class com.google.common.cache.CacheLoader$UnsupportedLoadingOperationException        : loaded 3 times (x 78B)
Class com.google.common.base.CharMatcher$And                                          : loaded 3 times (x 108B)
Class org.objectweb.asm.ClassWriter                                                   : loaded 3 times (x 102B)
Class com.google.common.cache.LocalCache$EntryFactory$6                               : loaded 3 times (x 79B)
Class com.google.common.util.concurrent.UncheckedExecutionException                   : loaded 3 times (x 78B)
Class com.google.common.cache.LocalCache$EntryFactory$7                               : loaded 3 times (x 79B)
Class com.google.common.collect.ImmutableSet$EmptySetBuilderImpl                      : loaded 3 times (x 72B)
Class com.google.common.util.concurrent.AbstractFuture$Trusted                        : loaded 3 times (x 66B)
Class com.google.common.cache.LocalCache$EntryFactory$8                               : loaded 3 times (x 79B)
Class com.google.common.collect.ImmutableList$Builder                                 : loaded 3 times (x 73B)
Class com.google.common.cache.LocalCache$2                                            : loaded 3 times (x 138B)
Class com.google.common.collect.AbstractMultimap                                      : loaded 3 times (x 119B)
Class com.google.common.collect.AbstractMapEntry                                      : loaded 3 times (x 77B)
Class com.google.common.cache.CacheLoader$1                                           : loaded 3 times (x 71B)
Class com.google.common.cache.LocalCache$1                                            : loaded 3 times (x 85B)
Class com.google.common.collect.SingletonImmutableBiMap                               : loaded 3 times (x 139B)
Class com.google.common.collect.Sets$1                                                : loaded 3 times (x 135B)
Class org.objectweb.asm.AnnotationVisitor                                             : loaded 3 times (x 74B)
Class com.google.common.base.Ascii                                                    : loaded 3 times (x 67B)
Class com.google.common.collect.ForwardingObject                                      : loaded 3 times (x 68B)
Class [Lorg.objectweb.asm.Type;                                                       : loaded 3 times (x 65B)
Class com.google.common.collect.Platform                                              : loaded 3 times (x 67B)
Class com.google.common.base.MoreObjects                                              : loaded 3 times (x 67B)
Class com.google.common.base.Joiner                                                   : loaded 3 times (x 75B)
Class com.google.common.cache.AbstractCache$StatsCounter                              : loaded 3 times (x 66B)
Class [Lcom.google.common.collect.ImmutableEntry;                                     : loaded 3 times (x 65B)
Class com.google.common.cache.CacheLoader$FunctionToCacheLoader                       : loaded 3 times (x 71B)
Class com.google.common.cache.CacheBuilder$NullListener                               : loaded 3 times (x 78B)
Class org.objectweb.asm.FieldWriter                                                   : loaded 3 times (x 74B)
Class com.google.common.collect.MapDifference                                         : loaded 3 times (x 66B)
Class com.google.common.cache.LocalCache$Strength$3                                   : loaded 3 times (x 77B)
Class com.google.common.cache.LocalCache$Strength$2                                   : loaded 3 times (x 77B)
Class com.google.common.util.concurrent.SettableFuture                                : loaded 3 times (x 110B)
Class com.google.common.cache.LocalCache$Strength$1                                   : loaded 3 times (x 77B)
Class org.objectweb.asm.ModuleVisitor                                                 : loaded 3 times (x 77B)
Class com.google.common.collect.Sets$4                                                : loaded 3 times (x 135B)
Class com.google.common.collect.Sets$2                                                : loaded 3 times (x 135B)
Class com.google.common.cache.LocalCache$LocalLoadingCache                            : loaded 3 times (x 130B)
Class com.google.common.collect.Sets$3                                                : loaded 3 times (x 135B)
Class [Lorg.objectweb.asm.AnnotationVisitor;                                          : loaded 3 times (x 65B)
Class com.google.wireless.android.sdk.stats.GradleBuildProject$PluginType$1           : loaded 2 times (x 72B)
Class com.android.tools.analytics.HostDataKt                                          : loaded 2 times (x 67B)
Class com.google.protobuf.AbstractMessage                                             : loaded 2 times (x 160B)
Class com.android.build.gradle.internal.lint.AndroidLintInputs                        : loaded 2 times (x 67B)
Class com.google.gson.JsonArray                                                       : loaded 2 times (x 96B)
Class com.google.gson.FieldNamingStrategy                                             : loaded 2 times (x 66B)
Class com.android.build.gradle.internal.component.ApplicationCreationConfig           : loaded 2 times (x 66B)
Class com.android.build.gradle.internal.errors.SyncIssueReporterImpl                  : loaded 2 times (x 73B)
Class com.android.build.gradle.internal.dsl.ApplicationExtensionImpl                  : loaded 2 times (x 376B)
Class com.android.build.api.variant.DslLifecycle                                      : loaded 2 times (x 66B)
Class com.android.builder.model.v2.models.BasicAndroidProject                         : loaded 2 times (x 66B)
Class org.gradle.accessors.dm.LibrariesForLibs$RetrofitConverterLibraryAccessors      : loaded 2 times (x 73B)
Class org.gradle.accessors.dm.LibrariesForLibs$BundleAccessors                        : loaded 2 times (x 69B)
Class com.amazon.ion.impl._Private_RecyclingStack$$Iterator                           : loaded 2 times (x 95B)
Class com.amazon.ion.impl.SharedSymbolTable                                           : loaded 2 times (x 89B)
Class com.amazon.ion.impl.bin.IonRawBinaryWriter                                      : loaded 2 times (x 165B)
Class com.amazon.ion.SymbolToken                                                      : loaded 2 times (x 66B)
Class com.google.common.collect.NaturalOrdering                                       : loaded 2 times (x 111B)
Class kotlin.text.MatchResult                                                         : loaded 2 times (x 66B)
Class kotlin.sequences.SequenceScope                                                  : loaded 2 times (x 69B)
Class kotlin.sequences.Sequence                                                       : loaded 2 times (x 66B)
Class [Lorg.gradle.api.internal.ClassPathProvider;                                    : loaded 2 times (x 65B)
Class org.gradle.api.internal.ClassPathProvider                                       : loaded 2 times (x 66B)
Class com.android.build.gradle.tasks.JavaCompileUtils                                 : loaded 2 times (x 67B)
Class org.jetbrains.kotlin.compose.compiler.gradle.ComposeCompilerGradlePluginExtension$featureFlags$1: loaded 2 times (x 72B)
Class com.google.protobuf.DescriptorProtos$DescriptorProto                            : loaded 2 times (x 235B)
Class com.android.build.api.variant.DslExtension                                      : loaded 2 times (x 68B)
Class com.android.build.gradle.internal.dsl.BundleOptionsTexture$AgpDecorated_Decorated: loaded 2 times (x 126B)
Class com.android.build.api.dsl.ManagedDevices                                        : loaded 2 times (x 66B)
Class [Lcom.android.repository.Revision$Precision;                                    : loaded 2 times (x 65B)
Class com.android.build.gradle.internal.dsl.ApplicationExtensionImpl$AgpDecorated     : loaded 2 times (x 378B)
Class com.android.tools.build.gradle.internal.profile.IntegerOption$1                 : loaded 2 times (x 72B)
Class com.google.common.base.CaseFormat$2                                             : loaded 2 times (x 79B)
Class com.android.build.api.dsl.ConsumerKeepRules                                     : loaded 2 times (x 66B)
Class com.android.build.gradle.internal.dsl.decorator.LockableSet                     : loaded 2 times (x 141B)
Class com.android.builder.model.SigningConfig                                         : loaded 2 times (x 66B)
Class com.android.build.gradle.api.AndroidSourceSet                                   : loaded 2 times (x 66B)
Class [Lcom.android.builder.core.ComponentTypeImpl;                                   : loaded 2 times (x 65B)
Class [Lcom.google.protobuf.Descriptors$ServiceDescriptor;                            : loaded 2 times (x 65B)
Class com.google.common.util.concurrent.AbstractFuture$SafeAtomicHelper               : loaded 2 times (x 75B)
Class com.google.wireless.android.sdk.stats.GarbageCollectionStats$1                  : loaded 2 times (x 147B)
Class com.google.common.base.CaseFormat$1                                             : loaded 2 times (x 79B)
Class [Lcom.android.build.gradle.options.StringOption;                                : loaded 2 times (x 65B)
Class com.android.build.gradle.options.ApiStage                                       : loaded 2 times (x 68B)
Class com.android.build.gradle.internal.plugins.AndroidPluginBaseServices$projectServices$2$1: loaded 2 times (x 75B)
Class com.android.build.api.variant.HasUnitTest                                       : loaded 2 times (x 66B)
Class com.android.build.gradle.internal.component.ConsumableCreationConfig            : loaded 2 times (x 66B)
Class jdk.internal.jrtfs.SystemImage                                                  : loaded 2 times (x 70B)
Class com.amazon.ion.impl.lite.IonBoolLite                                            : loaded 2 times (x 174B)
Class org.gradle.internal.impldep.gnu.trove.TObjectHash$NULL                          : loaded 2 times (x 67B)
Class sync_studio_tooling6_cj5bx5xvq5z6hcofvg03zewbs$_run_closure1                    : loaded 2 times (x 135B)
Class kotlin.collections.CollectionsKt___CollectionsKt$asSequence$$inlined$Sequence$1 : loaded 2 times (x 71B)
Class org.gradle.internal.service.UnknownServiceException                             : loaded 2 times (x 79B)
Class org.jetbrains.kotlin.compose.compiler.gradle.ComposeCompilerGradlePluginExtension$featureFlags$2: loaded 2 times (x 72B)
Class com.android.build.gradle.internal.TaskManager$Companion$createTasksBeforeEvaluate$8: loaded 2 times (x 70B)
Class com.android.build.gradle.internal.dsl.decorator.LockableSet$LockableIterator    : loaded 2 times (x 77B)
Class com.android.builder.model.TestOptions$Execution                                 : loaded 2 times (x 75B)
Class com.android.build.api.dsl.AdbOptions                                            : loaded 2 times (x 66B)
Class com.android.build.gradle.internal.api.DefaultAndroidSourceDirectorySet          : loaded 2 times (x 103B)
Class com.android.build.gradle.internal.dsl.KeepRulesImpl$AgpDecorated_Decorated      : loaded 2 times (x 129B)
Class com.android.build.gradle.internal.dsl.ExternalNativeNdkBuildOptions_Decorated   : loaded 2 times (x 149B)
Class com.google.common.base.CaseFormat$3                                             : loaded 2 times (x 79B)
Class org.objectweb.asm.commons.GeneratorAdapter                                      : loaded 2 times (x 183B)
Class com.android.build.gradle.internal.api.artifact.SourceArtifactType$JAVA_SOURCES  : loaded 2 times (x 70B)
Class com.android.build.api.dsl.LibraryKeepRules                                      : loaded 2 times (x 66B)
Class com.android.build.gradle.internal.AvdComponentsBuildService$Parameters          : loaded 2 times (x 66B)
Class com.google.protobuf.UnsafeUtil$Android64MemoryAccessor                          : loaded 2 times (x 87B)
Class com.google.wireless.android.sdk.stats.GradleBuildVariant                        : loaded 2 times (x 278B)
Class com.android.build.gradle.internal.api.artifact.SourceArtifactType$ASSETS        : loaded 2 times (x 70B)
Class com.android.build.gradle.internal.profile.AnalyticsResourceManager              : loaded 2 times (x 68B)
Class com.google.wireless.android.sdk.stats.GradleBuildProjectOrBuilder               : loaded 2 times (x 66B)
Class com.android.tools.analytics.AnalyticsSettingsData                               : loaded 2 times (x 68B)
Class com.android.build.gradle.internal.errors.DeprecationReporterImpl$Companion      : loaded 2 times (x 67B)
Class com.android.ide.common.blame.MessageReceiver                                    : loaded 2 times (x 66B)
Class [Lcom.android.build.gradle.options.Option;                                      : loaded 2 times (x 65B)
Class com.google.common.annotations.VisibleForTesting                                 : loaded 2 times (x 66B)
Class com.android.build.api.dsl.Lint                                                  : loaded 2 times (x 66B)
Class com.android.build.gradle.internal.variant.LegacyVariantInputManager             : loaded 2 times (x 93B)
Class org.gradle.internal.impldep.gnu.trove.PrimeFinder                               : loaded 2 times (x 67B)
Class org.jetbrains.kotlin.idea.gradleTooling.model.kapt.KaptGradleModel              : loaded 2 times (x 66B)
Class org.jetbrains.kotlin.idea.gradleTooling.KotlinDslScriptAdditionalTask           : loaded 2 times (x 66B)
Class org.jetbrains.plugins.gradle.model.ClasspathEntryModel                          : loaded 2 times (x 66B)
Class com.android.build.gradle.internal.TaskManager$Companion$createTasksBeforeEvaluate$9: loaded 2 times (x 70B)
Class com.android.build.api.extension.impl.VariantSelectorImpl                        : loaded 2 times (x 88B)
Class com.android.build.api.dsl.TestFixtures                                          : loaded 2 times (x 66B)
Class com.android.build.gradle.internal.VariantDimensionData                          : loaded 2 times (x 68B)
Class com.google.common.base.CaseFormat$4                                             : loaded 2 times (x 79B)
Class com.android.build.api.dsl.Shaders                                               : loaded 2 times (x 66B)
Class com.google.wireless.android.sdk.stats.GradleTransformExecution                  : loaded 2 times (x 197B)
Class com.google.protobuf.Utf8$UnpairedSurrogateException                             : loaded 2 times (x 78B)
Class com.android.build.gradle.internal.tasks.factory.TaskFactoryUtils                : loaded 2 times (x 67B)
Class com.android.build.gradle.internal.TaskManager$Companion$createTasksBeforeEvaluate$6: loaded 2 times (x 70B)
Class com.google.protobuf.ExtensionRegistry                                           : loaded 2 times (x 83B)
Class com.android.build.gradle.internal.profile.AnalyticsConfiguratorService          : loaded 2 times (x 78B)
Class com.android.build.gradle.internal.services.RunOnceBuildServiceImpl              : loaded 2 times (x 78B)
Class sync_studio_tooling11937_ayuq8i3ljkvhvun6d5xkf0efo                              : loaded 2 times (x 167B)
Class sync_studio_tooling10_8t5ahkmqmdwreyumefg18ga4y$_run_closure1                   : loaded 2 times (x 135B)
Class com.amazon.ion.IonTimestamp                                                     : loaded 2 times (x 66B)
Class com.amazon.ion.impl.bin.PooledBlockAllocatorProvider$PooledBlockAllocator       : loaded 2 times (x 77B)
Class org.jetbrains.plugins.gradle.tooling.serialization.GradleExtensionsSerializationService: loaded 2 times (x 73B)
Class org.gradle.api.JavaVersion                                                      : loaded 2 times (x 75B)
Class org.gradle.tooling.model.Dependency                                             : loaded 2 times (x 66B)
Class com.android.build.gradle.internal.tasks.factory.TaskConfigurationActions        : loaded 2 times (x 71B)
Class com.android.build.gradle.internal.VariantManager$Companion                      : loaded 2 times (x 67B)
Class com.android.build.gradle.internal.tasks.factory.BootClasspathConfigImpl$mockableJarArtifact$2: loaded 2 times (x 75B)
Class com.android.build.gradle.internal.packaging.PackagingOptionsUtilsKt             : loaded 2 times (x 67B)
Class com.google.common.base.CaseFormat$5                                             : loaded 2 times (x 79B)
Class com.android.builder.model.ClassField                                            : loaded 2 times (x 66B)
Class com.android.build.api.dsl.DataBinding                                           : loaded 2 times (x 66B)
Class com.android.build.gradle.internal.plugins.BasePlugin$sdkComponentsBuildService$2$1: loaded 2 times (x 75B)
Class com.google.protobuf.InvalidProtocolBufferException$InvalidWireTypeException     : loaded 2 times (x 84B)
Class org.gradle.api.internal.DefaultClassPathProvider                                : loaded 2 times (x 72B)
Class com.google.protobuf.Internal$FloatList                                          : loaded 2 times (x 66B)
Class com.google.protobuf.Internal$BooleanList                                        : loaded 2 times (x 66B)
Class com.google.protobuf.MessageLiteOrBuilder                                        : loaded 2 times (x 66B)
Class com.google.common.collect.ComparatorOrdering                                    : loaded 2 times (x 111B)
Class org.gradle.accessors.dm.LibrariesForLibs$AndroidxComposeLibraryAccessors        : loaded 2 times (x 75B)
Class com.amazon.ion.IonDatagram                                                      : loaded 2 times (x 66B)
Class com.amazon.ion.impl._Private_RecyclingStack$ElementFactory                      : loaded 2 times (x 66B)
Class com.amazon.ion.impl.bin.IonManagedBinaryWriter$ImportedSymbolResolverMode$1$1   : loaded 2 times (x 74B)
Class com.amazon.ion.impl._Private_ByteTransferSink                                   : loaded 2 times (x 66B)
Class com.intellij.openapi.externalSystem.model.project.dependencies.ResolutionState  : loaded 2 times (x 75B)
Class com.google.common.collect.AllEqualOrdering                                      : loaded 2 times (x 110B)
Class kotlin.collections.ArraysKt___ArraysJvmKt                                       : loaded 2 times (x 67B)
Class kotlin.collections.CollectionsKt__CollectionsKt                                 : loaded 2 times (x 67B)
Class com.android.build.gradle.internal.dsl.ComposeOptionsImpl                        : loaded 2 times (x 82B)
Class com.android.build.api.dsl.TestCoverage                                          : loaded 2 times (x 66B)
Class org.gradle.internal.impldep.gnu.trove.TObjectIntHashMap                         : loaded 2 times (x 105B)
Class com.android.build.gradle.internal.dsl.AaptOptions                               : loaded 2 times (x 116B)
Class com.android.build.api.dsl.BaselineProfile                                       : loaded 2 times (x 66B)
Class org.bouncycastle.jcajce.provider.config.ConfigurableProvider                    : loaded 2 times (x 66B)
Class com.android.build.api.dsl.DynamicFeatureBaseFlavor                              : loaded 2 times (x 66B)
Class com.android.builder.core.ComponentTypeImpl                                      : loaded 2 times (x 101B)
Class com.android.build.gradle.internal.plugins.BasePlugin$versionedSdkLoaderService$2$1$1: loaded 2 times (x 75B)
Class com.android.build.gradle.internal.services.Aapt2DaemonBuildService$Parameters_Decorated: loaded 2 times (x 123B)
Class com.google.protobuf.GeneratedMessageV3$ExtendableBuilder                        : loaded 2 times (x 313B)
Class com.google.protobuf.ByteString$ByteArrayCopier                                  : loaded 2 times (x 66B)
Class com.google.protobuf.GeneratedMessageV3$ExtendableMessage                        : loaded 2 times (x 208B)
Class com.intellij.gradle.toolingExtension.impl.model.buildScriptClasspathModel.GradleBuildScriptClasspathSerializationService$ReadContext: loaded 2 times (x 68B)
Class com.android.build.gradle.internal.res.Aapt2FromMaven$Companion$Aapt2Extractor   : loaded 2 times (x 74B)
Class com.google.gson.LongSerializationPolicy                                         : loaded 2 times (x 76B)
Class com.android.build.gradle.internal.plugins.AndroidPluginBaseServices$syncIssueReporter$2$1: loaded 2 times (x 75B)
Class com.android.build.gradle.internal.plugins.BasePlugin$extensionData$2            : loaded 2 times (x 75B)
Class com.android.build.api.variant.HasAndroidTestBuilder                             : loaded 2 times (x 66B)
Class org.jetbrains.plugins.gradle.model.ExternalLibraryDependency                    : loaded 2 times (x 66B)
Class kotlin.text.Regex$Companion                                                     : loaded 2 times (x 67B)
Class org.gradle.internal.classpath.TransformedClassPath                              : loaded 2 times (x 92B)
Class org.gradle.internal.classloader.InstrumentingClassLoader                        : loaded 2 times (x 66B)
Class com.android.buildanalyzer.common.TaskCategory                                   : loaded 2 times (x 76B)
Class com.android.build.gradle.internal.tasks.UsesAnalytics                           : loaded 2 times (x 66B)
Class com.android.build.gradle.internal.tasks.SigningConfigUtils                      : loaded 2 times (x 67B)
Class com.android.build.gradle.internal.dsl.BundleOptionsDeviceTier$AgpDecorated      : loaded 2 times (x 81B)
Class com.android.build.gradle.internal.dsl.EmulatorControl$AgpDecorated_Decorated    : loaded 2 times (x 130B)
Class com.android.build.gradle.internal.dsl.BaselineProfileImpl$AgpDecorated          : loaded 2 times (x 80B)
Class com.android.build.gradle.internal.dsl.decorator.DslDecorator$CollectingInfoVisitor: loaded 2 times (x 71B)
Class com.android.build.gradle.internal.dsl.decorator.DslDecorator$Companion          : loaded 2 times (x 67B)
Class com.android.build.api.dsl.AnnotationProcessorOptions                            : loaded 2 times (x 66B)
Class com.android.builder.model.BuildType                                             : loaded 2 times (x 66B)
Class com.android.build.gradle.internal.plugins.BasePlugin$versionedSdkLoaderService$2$1$2: loaded 2 times (x 75B)
Class com.android.build.gradle.internal.AvdComponentsBuildService$Parameters_Decorated: loaded 2 times (x 147B)
Class com.android.build.gradle.internal.plugins.BasePlugin$configureProject$1         : loaded 2 times (x 71B)
Class com.android.build.gradle.internal.services.StringCachingBuildService$RegistrationAction: loaded 2 times (x 70B)
Class [Lcom.google.protobuf.Descriptors$EnumValueDescriptor;                          : loaded 2 times (x 65B)
Class com.amazon.ion.impl._Private_IonContainer                                       : loaded 2 times (x 66B)
Class com.google.protobuf.AbstractParser                                              : loaded 2 times (x 146B)
Class com.google.common.collect.AbstractBiMap$Inverse                                 : loaded 2 times (x 158B)
Class com.android.build.gradle.options.IntegerOption                                  : loaded 2 times (x 81B)
Class com.amazon.ion.impl._Private_RecyclingQueue$ElementFactory                      : loaded 2 times (x 66B)
Class org.jetbrains.kotlin.buildtools.api.jvm.ClassSnapshotGranularity                : loaded 2 times (x 75B)
Class com.android.build.gradle.internal.core.dsl.ComponentDslInfo                     : loaded 2 times (x 66B)
Class com.android.build.api.variant.AndroidComponents                                 : loaded 2 times (x 66B)
Class com.android.build.gradle.internal.plugins.BasePlugin                            : loaded 2 times (x 89B)
Class jdk.internal.jrtfs.SystemImage$1                                                : loaded 2 times (x 74B)
Class org.gradle.accessors.dm.LibrariesForLibs$AndroidxLifecycleRuntimeLibraryAccessors: loaded 2 times (x 73B)
Class com.amazon.ion.IonValue                                                         : loaded 2 times (x 66B)
Class com.google.common.collect.ImmutableRangeSet$AsSet                               : loaded 2 times (x 296B)
Class kotlin.jvm.internal.FunctionReference                                           : loaded 2 times (x 118B)
Class [Lkotlin.coroutines.intrinsics.CoroutineSingletons;                             : loaded 2 times (x 65B)
Class kotlin.jvm.internal.FunctionBase                                                : loaded 2 times (x 66B)
Class kotlin.enums.EnumEntriesList                                                    : loaded 2 times (x 219B)
Class com.android.build.gradle.internal.services.VariantServices                      : loaded 2 times (x 66B)
Class com.android.build.gradle.internal.dsl.CommonExtensionImpl                       : loaded 2 times (x 316B)
Class com.android.build.gradle.internal.CompileOptions$Companion                      : loaded 2 times (x 67B)
Class com.android.build.gradle.internal.dsl.decorator.ApplicationInstallationImpl$AgpDecorated: loaded 2 times (x 100B)
Class com.android.builder.core.DefaultVectorDrawablesOptions                          : loaded 2 times (x 76B)
Class com.android.build.gradle.internal.dsl.BaselineProfileImpl                       : loaded 2 times (x 75B)
Class com.android.build.gradle.internal.dsl.ExternalNativeBuild                       : loaded 2 times (x 87B)
Class com.android.build.gradle.internal.dsl.decorator.LockableMap                     : loaded 2 times (x 124B)
Class com.android.build.gradle.internal.dsl.BuildType                                 : loaded 2 times (x 368B)
Class com.android.build.gradle.internal.plugins.BasePlugin$configureProject$2         : loaded 2 times (x 71B)
Class com.google.protobuf.UnsafeUtil$MemoryAccessor                                   : loaded 2 times (x 87B)
Class com.google.wireless.android.sdk.stats.JavaProcessStats$1                        : loaded 2 times (x 147B)
Class com.android.build.gradle.internal.services.BaseServicesImpl                     : loaded 2 times (x 79B)
Class com.google.protobuf.GeneratedMessage$GeneratedExtension                         : loaded 2 times (x 83B)
Class com.android.build.gradle.internal.profile.AnalyticsConfiguratorService$Params_Decorated: loaded 2 times (x 126B)
Class com.google.gson.internal.bind.DefaultDateTypeAdapter                            : loaded 2 times (x 70B)
Class com.google.gson.JsonSerializer                                                  : loaded 2 times (x 66B)
Class [Lcom.android.ide.common.blame.Message$Kind;                                    : loaded 2 times (x 65B)
Class com.google.gson.GsonBuilder                                                     : loaded 2 times (x 68B)
Class com.android.build.gradle.internal.errors.MessageReceiverImpl                    : loaded 2 times (x 71B)
Class com.android.build.gradle.internal.variant.VariantInputModel                     : loaded 2 times (x 66B)
Class jdk.internal.jrtfs.SystemImage$2                                                : loaded 2 times (x 72B)
Class org.gradle.accessors.dm.LibrariesForLibs$OkhttpLibraryAccessors                 : loaded 2 times (x 79B)
Class com.amazon.ion.impl.bin.IonRawBinaryWriter$ContainerType                        : loaded 2 times (x 75B)
Class com.amazon.ion.impl._Private_IonTextWriterBuilder$Mutable                       : loaded 2 times (x 98B)
Class kotlin.collections.CollectionsKt__IteratorsJVMKt                                : loaded 2 times (x 67B)
Class com.google.gson.FieldNamingPolicy                                               : loaded 2 times (x 79B)
Class com.android.build.gradle.internal.dsl.decorator.DslDecorator$Companion$lookupDefineClassMethod$2: loaded 2 times (x 74B)
Class com.google.gson.FormattingStyle                                                 : loaded 2 times (x 74B)
Class com.android.build.gradle.internal.plugins.BasePlugin$configureProject$3         : loaded 2 times (x 73B)
Class com.android.build.gradle.internal.ide.dependencies.MavenCoordinatesCacheBuildService: loaded 2 times (x 76B)
Class com.google.protobuf.ByteString$ByteIterator                                     : loaded 2 times (x 66B)
Class com.google.protobuf.DescriptorProtos$FieldDescriptorProto                       : loaded 2 times (x 218B)
Class com.google.protobuf.DescriptorProtos$FieldDescriptorProtoOrBuilder              : loaded 2 times (x 66B)
Class com.android.builder.profile.AnalyticsProfileWriter                              : loaded 2 times (x 68B)
Class com.android.build.gradle.internal.utils.AnalyticsEnabledValueSource             : loaded 2 times (x 74B)
Class com.google.gson.stream.JsonWriter                                               : loaded 2 times (x 94B)
Class com.google.gson.internal.bind.TypeAdapters                                      : loaded 2 times (x 67B)
Class com.android.build.gradle.internal.plugins.BasePlugin$buildOutputs$2             : loaded 2 times (x 75B)
Class com.android.build.gradle.internal.plugins.AndroidPluginBaseServices$androidProblemReporterProviderService$2: loaded 2 times (x 75B)
Class com.android.build.gradle.internal.component.ApkCreationConfig                   : loaded 2 times (x 66B)
Class com.android.build.gradle.internal.services.RunOnceBuildServiceImpl$RegistrationAction: loaded 2 times (x 69B)
Class org.jetbrains.kotlin.build.report.metrics.GradleBuildTime                       : loaded 2 times (x 82B)
Class org.gradle.accessors.dm.LibrariesForLibs$KoinLibraryAccessors                   : loaded 2 times (x 74B)
Class org.jetbrains.kotlin.idea.gradleTooling.KotlinSourceSetContainer                : loaded 2 times (x 66B)
Class org.jetbrains.plugins.gradle.model.IntelliJSettings                             : loaded 2 times (x 66B)
Class kotlin.Result                                                                   : loaded 2 times (x 68B)
Class org.gradle.internal.service.ServiceLocator                                      : loaded 2 times (x 66B)
Class com.android.build.api.artifact.impl.ArtifactNamingContext                       : loaded 2 times (x 68B)
Class com.google.protobuf.DescriptorProtos$SourceCodeInfo                             : loaded 2 times (x 195B)
Class com.android.build.api.dsl.ExternalNativeBuild                                   : loaded 2 times (x 66B)
Class com.android.build.gradle.internal.dsl.BundleOptionsDensity                      : loaded 2 times (x 73B)
Class com.android.build.api.dsl.Bundle                                                : loaded 2 times (x 66B)
Class com.android.build.gradle.internal.dsl.decorator.SupportedPropertyType$Collection$List: loaded 2 times (x 70B)
Class com.android.build.api.dsl.LibraryProductFlavor                                  : loaded 2 times (x 66B)
Class com.android.build.gradle.internal.plugins.BasePlugin$configureProject$4         : loaded 2 times (x 70B)
Class com.android.repository.Revision                                                 : loaded 2 times (x 83B)
Class com.android.build.gradle.internal.dsl.OptimizationImpl$AgpDecorated_Decorated   : loaded 2 times (x 124B)
Class com.google.protobuf.DescriptorProtos$SourceCodeInfoOrBuilder                    : loaded 2 times (x 66B)
Class com.android.build.api.variant.LintLifecycleExtension                            : loaded 2 times (x 66B)
Class com.android.build.gradle.internal.res.Aapt2FromMaven$Companion$create$aapt2Directory$1: loaded 2 times (x 70B)
Class com.google.gson.internal.bind.TypeAdapterRuntimeTypeWrapper                     : loaded 2 times (x 70B)
Class com.android.ide.common.blame.Message$Kind$Companion                             : loaded 2 times (x 67B)
Class com.android.build.api.artifact.impl.InternalScopedArtifacts$InternalScope       : loaded 2 times (x 75B)
Class com.android.build.gradle.internal.tasks.factory.GlobalTaskCreationConfigImpl$versionedNdkHandler$2: loaded 2 times (x 75B)
Class com.android.build.gradle.internal.core.dsl.ConsumableComponentDslInfo           : loaded 2 times (x 66B)
Class com.android.build.gradle.internal.variant.AbstractVariantInputManager           : loaded 2 times (x 93B)
Class com.android.build.gradle.internal.tasks.factory.GlobalTaskCreationConfigImpl    : loaded 2 times (x 133B)
Class com.android.build.gradle.AbstractAppExtension                                   : loaded 2 times (x 215B)
Class com.android.build.gradle.BasePlugin                                             : loaded 2 times (x 72B)
Class jdk.internal.jrtfs.JrtFileSystemProvider                                        : loaded 2 times (x 97B)
Class com.amazon.ion.impl.IonWriterSystem                                             : loaded 2 times (x 167B)
Class com.amazon.ion.impl.bin.Symbols$2                                               : loaded 2 times (x 103B)
Class com.amazon.ion.impl.bin._Private_IonManagedWriter                               : loaded 2 times (x 66B)
Class com.intellij.gradle.toolingExtension.util.GradleVersionUtil                     : loaded 2 times (x 67B)
Class kotlin.sequences.TransformingSequence$iterator$1                                : loaded 2 times (x 75B)
Class kotlin.Pair                                                                     : loaded 2 times (x 68B)
Class org.gradle.tooling.internal.adapter.ProtocolToModelAdapter$SupportedPropertyInvoker: loaded 2 times (x 72B)
Class org.gradle.tooling.model.UnsupportedMethodException                             : loaded 2 times (x 78B)
Class org.jetbrains.kotlin.compose.compiler.gradle.model.builder.ComposeCompilerModelBuilder: loaded 2 times (x 71B)
Class [Lcom.android.build.gradle.ProguardFiles$ProguardFile;                          : loaded 2 times (x 65B)
Class com.android.build.gradle.internal.ide.v2.NativeModelBuilder$scopes$2            : loaded 2 times (x 75B)
Class com.android.build.api.dsl.SingleVariant                                         : loaded 2 times (x 66B)
Class com.android.build.gradle.internal.dsl.BundleOptionsLanguage$AgpDecorated        : loaded 2 times (x 77B)
Class com.android.build.gradle.internal.TaskManager$Companion$createTasksBeforeEvaluate$5: loaded 2 times (x 70B)
Class com.android.build.gradle.internal.plugins.BasePlugin$configureProject$5         : loaded 2 times (x 70B)
Class com.android.build.gradle.internal.lint.LintFixBuildService                      : loaded 2 times (x 71B)
Class com.google.protobuf.UnsafeUtil$1                                                : loaded 2 times (x 72B)
Class com.android.build.gradle.internal.errors.SyncIssueReporterImpl$GlobalSyncIssueService: loaded 2 times (x 78B)
Class org.gradle.tooling.internal.gradle.DefaultProjectIdentifier                     : loaded 2 times (x 82B)
Class com.google.wireless.android.sdk.stats.GradleBuildProject                        : loaded 2 times (x 256B)
Class com.google.wireless.android.sdk.stats.GradleBuildProfileSpan$ExecutionType      : loaded 2 times (x 83B)
Class com.android.build.gradle.internal.errors.DeprecationReporterImpl                : loaded 2 times (x 78B)
Class com.android.build.gradle.internal.errors.AndroidProblemReporterProvider$RegistrationAction: loaded 2 times (x 70B)
Class com.android.build.gradle.options.ProjectOptions                                 : loaded 2 times (x 68B)
Class com.android.build.gradle.internal.services.RunOnceBuildServiceImpl$ActionName   : loaded 2 times (x 68B)
Class com.google.common.collect.Sets$ImprovedAbstractSet                              : loaded 2 times (x 131B)
Class com.google.common.collect.ImmutableRangeSet                                     : loaded 2 times (x 111B)
Class com.amazon.ion.impl.lite.IonContainerLite                                       : loaded 2 times (x 244B)
Class com.amazon.ion.IonBufferConfiguration$OversizedSymbolTableHandler               : loaded 2 times (x 66B)
Class com.amazon.ion.system.IonWriterBuilder                                          : loaded 2 times (x 70B)
Class org.jetbrains.plugins.gradle.tooling.serialization.ToolingStreamApiUtils        : loaded 2 times (x 67B)
Class com.amazon.ion.facet.Faceted                                                    : loaded 2 times (x 66B)
Class kotlin.collections.CollectionsKt__MutableCollectionsKt                          : loaded 2 times (x 67B)
Class com.android.build.gradle.internal.tasks.factory.TaskProviderCallback            : loaded 2 times (x 66B)
Class com.android.build.gradle.internal.services.FakeDependencyJarBuildService$FakeDependencyJarCreator$Params_Decorated: loaded 2 times (x 128B)
Class com.android.build.gradle.internal.services.FakeDependencyJarBuildService$FakeDependencyJarCreator: loaded 2 times (x 76B)
Class com.android.build.gradle.internal.tasks.factory.BootClasspathConfigImpl$filteredBootClasspath$2: loaded 2 times (x 75B)
Class com.android.build.gradle.internal.dsl.BundleOptionsAiModelVersion$AgpDecorated  : loaded 2 times (x 81B)
Class com.android.build.gradle.internal.dsl.decorator.ApplicationInstallationImpl$AgpDecorated_Decorated: loaded 2 times (x 145B)
Class [Lcom.android.resources.Density;                                                : loaded 2 times (x 65B)
Class com.android.build.gradle.internal.dsl.ExternalNativeBuildOptions_Decorated      : loaded 2 times (x 135B)
Class com.android.build.gradle.internal.variant.BaseVariantFactory$Companion          : loaded 2 times (x 67B)
Class com.android.build.gradle.internal.ide.dependencies.LibraryDependencyCacheBuildService$RegistrationAction: loaded 2 times (x 70B)
Class com.google.protobuf.LazyFieldLite                                               : loaded 2 times (x 80B)
Class com.google.common.util.concurrent.AbstractFuture$UnsafeAtomicHelper$1           : loaded 2 times (x 72B)
Class com.android.utils.DateProvider$1                                                : loaded 2 times (x 71B)
Class com.google.gson.internal.bind.MapTypeAdapterFactory$Adapter                     : loaded 2 times (x 70B)
Class com.google.gson.internal.sql.SqlTimeTypeAdapter$1                               : loaded 2 times (x 71B)
Class com.amazon.ion.IonWriter                                                        : loaded 2 times (x 66B)
Class com.android.build.gradle.internal.variant.BaseVariantFactory                    : loaded 2 times (x 102B)
Class sync_studio_tooling13787_c0vxhlhqtyjq9jru0wmmwhsek                              : loaded 2 times (x 167B)
Class com.amazon.ion.impl.bin.utf8.Poolable                                           : loaded 2 times (x 75B)
Class com.amazon.ion.IonSymbol                                                        : loaded 2 times (x 66B)
Class org.jetbrains.plugins.gradle.tooling.serialization.AnnotationProcessingModelSerializationService$WriteContext: loaded 2 times (x 68B)
Class org.gradle.internal.impldep.gnu.trove.THash                                     : loaded 2 times (x 77B)
Class com.google.common.collect.ImmutableRangeSet$1                                   : loaded 2 times (x 206B)
Class kotlin.reflect.KCallable                                                        : loaded 2 times (x 66B)
Class org.jetbrains.kotlin.gradle.plugin.HasProject                                   : loaded 2 times (x 66B)
Class com.android.build.gradle.internal.services.VariantBuilderServices               : loaded 2 times (x 66B)
Class com.android.build.api.extension.impl.OperationsRegistrar                        : loaded 2 times (x 68B)
Class com.android.tools.lint.model.LintModelSeverity                                  : loaded 2 times (x 75B)
Class com.android.build.gradle.internal.dsl.BundleOptionsAbi$AgpDecorated             : loaded 2 times (x 77B)
Class com.android.build.gradle.internal.dsl.ApplicationAndroidResourcesImpl$AgpDecorated: loaded 2 times (x 131B)
Class com.android.builder.core.AbstractProductFlavor$DimensionRequest                 : loaded 2 times (x 68B)
Class com.android.build.gradle.internal.dsl.LintImpl                                  : loaded 2 times (x 204B)
Class com.android.build.api.dsl.SigningConfig                                         : loaded 2 times (x 66B)
Class com.android.io.CancellableFileIo                                                : loaded 2 times (x 67B)
Class com.amazon.ion.impl.bin._Private_IonRawWriter                                   : loaded 2 times (x 66B)
Class com.android.build.gradle.internal.errors.SyncIssueReporterImpl$GlobalSyncIssueService$Parameters: loaded 2 times (x 66B)
Class com.google.protobuf.Descriptors$FieldDescriptor                                 : loaded 2 times (x 84B)
Class com.android.build.gradle.internal.profile.AnalyticsConfiguratorService$RegistrationAction: loaded 2 times (x 70B)
Class com.amazon.ion.impl.bin.IonRawBinaryWriter$PreallocationMode                    : loaded 2 times (x 78B)
Class com.android.build.api.variant.ComponentIdentity                                 : loaded 2 times (x 66B)
Class com.android.build.gradle.internal.testing.ManagedDeviceRegistry                 : loaded 2 times (x 71B)
Class com.android.build.gradle.internal.tasks.ApplicationTaskManager                  : loaded 2 times (x 81B)
Class com.android.build.gradle.internal.dsl.BaseAppModuleExtension                    : loaded 2 times (x 443B)
Class com.android.build.gradle.AndroidConfig                                          : loaded 2 times (x 66B)
Class com.amazon.ion.impl.lite.IonStructLite                                          : loaded 2 times (x 294B)
Class com.amazon.ion.impl._Private_ReaderWriter                                       : loaded 2 times (x 66B)
Class com.amazon.ion.impl.bin.AbstractSymbolTable                                     : loaded 2 times (x 103B)
Class com.amazon.ion.Decimal                                                          : loaded 2 times (x 129B)
Class com.amazon.ion.impl.bin._Private_IonManagedBinaryWriterBuilder$AllocatorMode$1  : loaded 2 times (x 76B)
Class org.jetbrains.plugins.gradle.tooling.serialization.ProjectDependenciesSerializationService$WriteContext: loaded 2 times (x 68B)
Class org.jetbrains.plugins.gradle.tooling.serialization.ProjectDependenciesSerializationService: loaded 2 times (x 73B)
Class com.intellij.compose.ide.plugin.gradleTooling.rt.ComposeResourcesModel          : loaded 2 times (x 66B)
Class com.google.common.collect.Range                                                 : loaded 2 times (x 83B)
Class org.gradle.tooling.model.kotlin.dsl.KotlinDslScriptModel                        : loaded 2 times (x 66B)
Class org.gradle.tooling.internal.adapter.CollectionMapper                            : loaded 2 times (x 69B)
Class org.jetbrains.kotlin.compose.compiler.gradle.ComposeCompilerGradlePluginExtension_Decorated: loaded 2 times (x 127B)
Class com.android.build.gradle.internal.lint.AndroidLintGlobalTask$GlobalCreationAction$Companion: loaded 2 times (x 67B)
Class com.android.build.gradle.internal.tasks.LintCompile$CreationAction              : loaded 2 times (x 87B)
Class com.android.build.gradle.internal.dsl.AndroidTestImpl$AgpDecorated              : loaded 2 times (x 76B)
Class com.android.build.gradle.internal.tasks.factory.GlobalTaskCreationConfigImpl$testOptionExecutionEnum$2: loaded 2 times (x 75B)
Class com.android.build.gradle.internal.dsl.BundleOptionsCodeTransparency$AgpDecorated_Decorated: loaded 2 times (x 121B)
Class com.android.build.gradle.internal.dsl.ManagedDevices$localDevices$1$1           : loaded 2 times (x 71B)
Class com.android.build.gradle.internal.dsl.AarMetadataImpl$AgpDecorated              : loaded 2 times (x 87B)
Class com.android.build.gradle.internal.dsl.AnnotationProcessorOptions$AgpDecorated_Decorated: loaded 2 times (x 145B)
Class com.android.resources.Density                                                   : loaded 2 times (x 88B)
Class com.amazon.ion.impl.lite.IonSystemLite                                          : loaded 2 times (x 271B)
Class com.android.build.gradle.internal.dsl.decorator.SupportedPropertyType           : loaded 2 times (x 69B)
Class com.android.build.gradle.internal.dsl.InternalSigningConfig                     : loaded 2 times (x 66B)
Class com.android.build.gradle.internal.dependency.JacocoInstrumentationService       : loaded 2 times (x 77B)
Class com.android.build.gradle.internal.ide.v2.GlobalSyncService$Parameters_Decorated : loaded 2 times (x 126B)
Class [Lcom.google.protobuf.Descriptors$EnumDescriptor;                               : loaded 2 times (x 65B)
Class com.android.build.gradle.internal.profile.TaskMetadata                          : loaded 2 times (x 68B)
Class com.android.tools.analytics.StubbableLazy                                       : loaded 2 times (x 72B)
Class org.gradle.accessors.dm.LibrariesForLibs                                        : loaded 2 times (x 82B)
Class com.android.build.gradle.internal.scope.ProjectInfo$Companion                   : loaded 2 times (x 67B)
Class com.google.gson.internal.bind.DefaultDateTypeAdapter$DateType                   : loaded 2 times (x 69B)
Class com.google.protobuf.Internal$EnumLite                                           : loaded 2 times (x 66B)
Class com.android.build.gradle.internal.AbstractAppTaskManager                        : loaded 2 times (x 81B)
Class com.android.build.gradle.internal.plugins.VersionCheckPlugin                    : loaded 2 times (x 70B)
Class com.android.builder.model.v2.models.AndroidDsl                                  : loaded 2 times (x 66B)
Class [Lorg.jetbrains.kotlin.build.report.metrics.BuildTime;                          : loaded 2 times (x 65B)
Class jdk.internal.jimage.ImageLocation                                               : loaded 2 times (x 86B)
Class jdk.internal.jrtfs.JrtDirectoryStream$1                                         : loaded 2 times (x 79B)
Class com.amazon.ion.impl.lite.IonFloatLite                                           : loaded 2 times (x 182B)
Class com.amazon.ion.impl._Private_IonTextWriterBuilder                               : loaded 2 times (x 98B)
Class com.amazon.ion.impl.bin._Private_IonManagedBinaryWriterBuilder$AllocatorMode$2  : loaded 2 times (x 76B)
Class org.gradle.internal.impldep.gnu.trove.Equality                                  : loaded 2 times (x 66B)
Class com.google.common.collect.ExplicitOrdering                                      : loaded 2 times (x 111B)
Class com.android.build.gradle.internal.dsl.VcsInfoImpl$AgpDecorated_Decorated        : loaded 2 times (x 121B)
Class com.android.build.gradle.internal.dsl.BuildType$AgpDecorated                    : loaded 2 times (x 372B)
Class com.android.build.gradle.internal.dsl.ManagedDevices$localDevices$1$2           : loaded 2 times (x 71B)
Class com.android.build.gradle.internal.dsl.decorator.DslDecorator$ClassInfoVisitor   : loaded 2 times (x 66B)
Class com.android.build.gradle.api.JavaCompileOptions                                 : loaded 2 times (x 66B)
Class org.bouncycastle.jce.provider.BouncyCastleProvider                              : loaded 2 times (x 165B)
Class com.android.build.api.dsl.DynamicFeatureBuildType                               : loaded 2 times (x 66B)
Class com.google.protobuf.DescriptorProtos$FileOptions$1                              : loaded 2 times (x 147B)
Class com.google.wireless.android.sdk.stats.GradleBuildMemorySampleOrBuilder          : loaded 2 times (x 66B)
Class com.google.gson.internal.bind.ReflectiveTypeAdapterFactory$1                    : loaded 2 times (x 70B)
Class org.jetbrains.kotlinx.serialization.gradle.SerializationGradleSubplugin         : loaded 2 times (x 78B)
Class org.gradle.accessors.dm.LibrariesForLibsInPluginsBlock$AndroidxLifecycleLibraryAccessors: loaded 2 times (x 74B)
Class org.gradle.accessors.dm.LibrariesForLibs_Decorated                              : loaded 2 times (x 126B)
Class org.jetbrains.plugins.gradle.ExternalDependencyId                               : loaded 2 times (x 66B)
Class com.amazon.ion.impl._Private_RecyclingStack                                     : loaded 2 times (x 75B)
Class com.amazon.ion.impl._Private_IonReaderBuilder                                   : loaded 2 times (x 91B)
Class com.amazon.ion.IonMutableCatalog                                                : loaded 2 times (x 66B)
Class com.intellij.gradle.toolingExtension.impl.model.buildScriptClasspathModel.GradleBuildScriptClasspathSerializationService$WriteContext: loaded 2 times (x 68B)
Class org.gradle.tooling.internal.adapter.ProtocolToModelAdapter                      : loaded 2 times (x 76B)
Class org.jetbrains.kotlin.gradle.plugin.KotlinPlatformType                           : loaded 2 times (x 78B)
Class com.android.build.gradle.internal.dsl.Splits$AgpDecorated                       : loaded 2 times (x 90B)
Class com.android.build.gradle.internal.dsl.decorator.DslDecorator$findAbstractProperties$1$2: loaded 2 times (x 74B)
Class com.android.build.gradle.internal.plugins.AppPlugin                             : loaded 2 times (x 93B)
Class com.android.build.api.dsl.BundleDensity                                         : loaded 2 times (x 66B)
Class com.android.builder.internal.BaseConfigImpl                                     : loaded 2 times (x 111B)
Class com.android.build.api.dsl.AndroidSourceSet                                      : loaded 2 times (x 66B)
Class com.android.build.gradle.internal.SdkComponentsBuildService                     : loaded 2 times (x 76B)
Class [Lcom.android.prefs.VariableValue;                                              : loaded 2 times (x 65B)
Class com.android.build.gradle.internal.utils.EnvironmentProviderImpl                 : loaded 2 times (x 74B)
Class com.android.build.gradle.internal.services.Aapt2ThreadPoolBuildService          : loaded 2 times (x 76B)
Class com.google.wireless.android.sdk.stats.GradleBuildProfileSpan$ExecutionType$1    : loaded 2 times (x 72B)
Class com.google.protobuf.UnsafeUtil$Android32MemoryAccessor                          : loaded 2 times (x 87B)
Class com.google.protobuf.Descriptors$OneofDescriptor                                 : loaded 2 times (x 72B)
Class com.android.build.gradle.internal.profile.AnalyticsResourceManager$getProjectBuilder$1: loaded 2 times (x 75B)
Class com.android.build.gradle.internal.plugins.BasePlugin$managedDeviceRegistry$2    : loaded 2 times (x 75B)
Class com.android.build.gradle.options.FutureStage                                    : loaded 2 times (x 68B)
Class com.google.protobuf.Extension$ExtensionType                                     : loaded 2 times (x 75B)
Class com.google.protobuf.AbstractMessageLite$Builder$LimitedInputStream              : loaded 2 times (x 88B)
Class com.google.gson.internal.bind.ReflectiveTypeAdapterFactory$2                    : loaded 2 times (x 75B)
Class com.android.build.gradle.options.StringOption                                   : loaded 2 times (x 82B)
Class com.google.common.util.concurrent.ListeningExecutorService                      : loaded 2 times (x 66B)
Class com.google.common.collect.AbstractMapBasedMultimap$KeySet$1                     : loaded 2 times (x 78B)
Class jdk.internal.jimage.ImageBufferCache$1                                          : loaded 2 times (x 79B)
Class org.gradle.internal.impldep.gnu.trove.TObjectCanonicalHashingStrategy           : loaded 2 times (x 76B)
Class kotlin.collections.MapsKt__MapsJVMKt                                            : loaded 2 times (x 67B)
Class kotlin.collections.EmptyList                                                    : loaded 2 times (x 170B)
Class org.gradle.internal.time.DefaultTimer                                           : loaded 2 times (x 76B)
Class org.gradle.internal.classloader.ClasspathUtil$1                                 : loaded 2 times (x 72B)
Class com.android.build.gradle.internal.dsl.decorator.DslDecorator$findAbstractProperties$1$3: loaded 2 times (x 74B)
Class com.google.gson.internal.bind.TypeAdapters$34                                   : loaded 2 times (x 72B)
Class com.android.build.api.dsl.BundleDeviceGroup                                     : loaded 2 times (x 66B)
Class com.android.build.gradle.api.AnnotationProcessorOptions                         : loaded 2 times (x 66B)
Class com.android.build.gradle.internal.dsl.CoreBuildType                             : loaded 2 times (x 66B)
Class com.android.build.gradle.internal.services.FakeDependencyJarBuildService$Params_Decorated: loaded 2 times (x 126B)
Class com.google.protobuf.DescriptorProtos$FileDescriptorProtoOrBuilder               : loaded 2 times (x 66B)
Class com.google.wireless.android.sdk.stats.GradlePluginDataOrBuilder                 : loaded 2 times (x 66B)
Class com.google.gson.ToNumberStrategy                                                : loaded 2 times (x 66B)
Class com.google.gson.TypeAdapter                                                     : loaded 2 times (x 69B)
Class com.google.protobuf.Internal                                                    : loaded 2 times (x 67B)
Class com.google.wireless.android.sdk.stats.ProjectApiUse                             : loaded 2 times (x 193B)
Class com.android.build.api.dsl.LibraryAndroidResources                               : loaded 2 times (x 66B)
Class com.android.build.gradle.api.KotlinMultiplatformAndroidPlugin                   : loaded 2 times (x 72B)
Class com.android.build.api.variant.HasDeviceTests                                    : loaded 2 times (x 66B)
Class com.android.build.api.dsl.ApplicationBaseFlavor                                 : loaded 2 times (x 66B)
Class com.google.common.base.Objects                                                  : loaded 2 times (x 67B)
Class jdk.internal.jimage.ImageBufferCache$2                                          : loaded 2 times (x 87B)
Class org.gradle.accessors.dm.LibrariesForLibsInPluginsBlock$AndroidxLifecycleViewmodelLibraryAccessors: loaded 2 times (x 73B)
Class com.amazon.ion.impl.bin.PooledBlockAllocatorProvider$PooledBlockAllocator$1     : loaded 2 times (x 75B)
Class com.amazon.ion.impl.lite.IonStringLite                                          : loaded 2 times (x 208B)
Class org.gradle.tooling.internal.adapter.ProtocolToModelAdapter$ViewKey              : loaded 2 times (x 68B)
Class org.gradle.api.internal.classpath.DefaultModuleRegistry$DefaultModule           : loaded 2 times (x 82B)
Class com.android.build.gradle.internal.PropertiesValueSource                         : loaded 2 times (x 74B)
Class com.android.build.gradle.internal.core.Abi                                      : loaded 2 times (x 75B)
Class com.android.build.gradle.internal.dsl.DataBindingOptions$AgpDecorated_Decorated : loaded 2 times (x 159B)
Class com.android.build.gradle.internal.api.artifact.SourceArtifactType$ML_MODELS     : loaded 2 times (x 70B)
Class com.android.builder.model.v2.CustomSourceDirectory                              : loaded 2 times (x 66B)
Class com.android.build.gradle.internal.dsl.decorator.DslDecorator$Companion$classLoaderDefineClass$2: loaded 2 times (x 74B)
Class com.android.build.gradle.internal.dsl.BundleOptionsAbi                          : loaded 2 times (x 73B)
Class com.android.build.gradle.internal.services.VersionedSdkLoaderService$versionedSdkLoader$2: loaded 2 times (x 75B)
Class com.android.build.gradle.internal.services.ClassesHierarchyBuildService$RegistrationAction: loaded 2 times (x 70B)
Class com.android.build.gradle.internal.services.AndroidLocationsBuildService$AndroidLocations: loaded 2 times (x 78B)
Class com.google.protobuf.CodedInputStream$IterableDirectByteBufferDecoder            : loaded 2 times (x 116B)
Class com.google.protobuf.Internal$DoubleList                                         : loaded 2 times (x 66B)
Class com.android.build.api.dsl.ExternalNativeBuildFlags                              : loaded 2 times (x 66B)
Class com.android.build.gradle.internal.dsl.BundleOptions$AgpDecorated                : loaded 2 times (x 135B)
Class com.android.build.gradle.internal.plugins.BasePlugin$globalConfig$2             : loaded 2 times (x 75B)
Class com.android.build.gradle.internal.plugins.BasePlugin$variantApiOperations$2     : loaded 2 times (x 75B)
Class com.android.build.gradle.internal.plugins.AndroidPluginBaseServices$configuratorService$2: loaded 2 times (x 75B)
Class com.android.build.api.variant.GeneratesApk                                      : loaded 2 times (x 66B)
Class com.android.build.gradle.internal.dsl.TestedExtensionImpl                       : loaded 2 times (x 330B)
Class com.android.build.gradle.LibraryPlugin                                          : loaded 2 times (x 72B)
Class com.android.build.gradle.internal.services.BuildServicesKt                      : loaded 2 times (x 67B)
Class org.gradle.accessors.dm.LibrariesForLibsInPluginsBlock$AndroidxCoreLibraryAccessors: loaded 2 times (x 73B)
Class com.amazon.ion.impl.bin.Block                                                   : loaded 2 times (x 75B)
Class com.google.common.collect.NullsFirstOrdering                                    : loaded 2 times (x 111B)
Class kotlin.ResultKt                                                                 : loaded 2 times (x 67B)
Class org.gradle.tooling.internal.adapter.ProtocolToModelAdapter$PropertyCachingMethodInvoker: loaded 2 times (x 72B)
Class com.android.build.gradle.internal.tasks.factory.TaskCreationAction              : loaded 2 times (x 85B)
Class com.android.build.gradle.options.SigningOptions                                 : loaded 2 times (x 68B)
Class com.android.build.gradle.internal.core.ExecutionProfileOptions                  : loaded 2 times (x 68B)
Class com.android.build.gradle.internal.dsl.BundleOptionsDeviceTier$AgpDecorated_Decorated: loaded 2 times (x 126B)
Class com.android.build.gradle.internal.dsl.decorator.ApplicationInstallationImpl     : loaded 2 times (x 95B)
Class com.android.build.gradle.internal.services.TaskCreationServicesImpl             : loaded 2 times (x 98B)
Class com.android.build.gradle.internal.TaskManager$Companion$createTasksBeforeEvaluate$4: loaded 2 times (x 71B)
Class com.android.build.gradle.internal.dsl.decorator.DslDecorator                    : loaded 2 times (x 68B)
Class com.android.build.api.dsl.AndroidTest                                           : loaded 2 times (x 66B)
Class com.android.builder.model.DimensionAware                                        : loaded 2 times (x 66B)
Class com.android.build.gradle.internal.res.Aapt2FromMaven$Companion$Aapt2Extractor$Inject_1: loaded 2 times (x 105B)
Class org.gradle.api.internal.classpath.EffectiveClassPath                            : loaded 2 times (x 86B)
Class kotlin.sequences.SequencesKt___SequencesKt$flatMap$2                            : loaded 2 times (x 121B)
Class com.android.builder.model.v2.models.ProjectSyncIssues                           : loaded 2 times (x 66B)
Class sync_studio_tooling10_8t5ahkmqmdwreyumefg18ga4y                                 : loaded 2 times (x 167B)
Class org.jetbrains.plugins.gradle.model.ExternalTask                                 : loaded 2 times (x 66B)
Class com.amazon.ion.impl.bin.utf8.Utf8StringEncoderPool$1                            : loaded 2 times (x 72B)
Class com.amazon.ion.impl.lite.IonLoaderLite                                          : loaded 2 times (x 78B)
Class com.amazon.ion.impl.lite.IonContext                                             : loaded 2 times (x 66B)
Class com.amazon.ion.impl.IonWriterSystemText                                         : loaded 2 times (x 186B)
Class [Lcom.amazon.ion.impl.bin.IonManagedBinaryWriter$ImportedSymbolResolverMode;    : loaded 2 times (x 65B)
Class com.amazon.ion.ValueFactory                                                     : loaded 2 times (x 66B)
Class kotlin.collections.ArraysKt__ArraysKt                                           : loaded 2 times (x 67B)
Class kotlin.Result$Failure                                                           : loaded 2 times (x 68B)
Class org.gradle.internal.time.DefaultCountdownTimer                                  : loaded 2 times (x 84B)
Class org.jetbrains.kotlin.gradle.plugin.HasKotlinDependencies                        : loaded 2 times (x 66B)
Class com.android.build.gradle.internal.api.artifact.SourceArtifactType$BASELINE_PROFILES: loaded 2 times (x 70B)
Class com.android.build.api.dsl.AaptOptions                                           : loaded 2 times (x 66B)
Class com.android.build.api.dsl.LibraryBaseFlavor                                     : loaded 2 times (x 66B)
Class com.android.build.gradle.internal.services.Aapt2ThreadPoolBuildService$Params   : loaded 2 times (x 66B)
Class com.google.protobuf.ByteString$ArraysByteArrayCopier                            : loaded 2 times (x 70B)
Class com.google.protobuf.DescriptorProtos$FileOptionsOrBuilder                       : loaded 2 times (x 66B)
Class [Lcom.google.wireless.android.sdk.stats.GradleBuildProject$PluginGeneration;    : loaded 2 times (x 65B)
Class com.android.build.gradle.internal.DependencyResolutionChecksKt                  : loaded 2 times (x 67B)
Class com.google.protobuf.Internal$ProtobufList                                       : loaded 2 times (x 66B)
Class com.android.build.gradle.internal.lint.LintFromMaven$Companion                  : loaded 2 times (x 67B)
Class com.google.gson.internal.ObjectConstructor                                      : loaded 2 times (x 66B)
Class com.android.ide.common.blame.SourceFile                                         : loaded 2 times (x 68B)
Class com.google.common.collect.Ordering                                              : loaded 2 times (x 110B)
Class com.android.build.gradle.internal.plugins.BasePlugin$newExtension$2             : loaded 2 times (x 75B)
Class com.android.build.api.dsl.ApplicationAndroidResources                           : loaded 2 times (x 66B)
Class com.android.build.gradle.internal.services.VersionedSdkLoaderService            : loaded 2 times (x 68B)
Class org.gradle.accessors.dm.LibrariesForLibs$PluginAccessors                        : loaded 2 times (x 71B)
Class com.amazon.ion.impl._Private_IonReaderBuilder$TwoElementSequenceInputStream     : loaded 2 times (x 88B)
Class com.amazon.ion.impl.bin.IonManagedBinaryWriter$SymbolResolver                   : loaded 2 times (x 66B)
Class com.amazon.ion.impl._Private_SymbolToken                                        : loaded 2 times (x 66B)
Class com.amazon.ion.impl.bin._Private_IonManagedBinaryWriterBuilder$AllocatorMode    : loaded 2 times (x 76B)
Class org.jetbrains.plugins.gradle.tooling.util.ObjectCollector                       : loaded 2 times (x 68B)
Class org.jetbrains.plugins.gradle.model.GradleTaskModel                              : loaded 2 times (x 66B)
Class kotlin.collections.SetsKt__SetsJVMKt                                            : loaded 2 times (x 67B)
Class org.gradle.tooling.internal.adapter.ProtocolToModelAdapter$AdaptingMethodInvoker: loaded 2 times (x 72B)
Class org.gradle.tooling.internal.gradle.DefaultBuildIdentifier                       : loaded 2 times (x 75B)
Class kotlin.Function                                                                 : loaded 2 times (x 66B)
Class org.gradle.api.internal.classpath.Module                                        : loaded 2 times (x 66B)
Class com.google.wireless.android.sdk.stats.GradleBuildProject$CompileOptions$Builder : loaded 2 times (x 295B)
Class com.android.build.gradle.internal.crash.CrashReporting$afterEvaluate$1          : loaded 2 times (x 71B)
Class com.android.build.api.dsl.Packaging                                             : loaded 2 times (x 66B)
Class com.android.build.gradle.internal.dsl.ProductFlavor                             : loaded 2 times (x 453B)
Class com.android.build.gradle.internal.SdkComponentsBuildService$RegistrationAction  : loaded 2 times (x 70B)
Class com.android.build.gradle.internal.ide.dependencies.LibraryDependencyCacheBuildService: loaded 2 times (x 76B)
Class com.google.protobuf.DescriptorProtos$EnumValueOptions$1                         : loaded 2 times (x 147B)
Class com.google.protobuf.ByteString$BoundedByteString                                : loaded 2 times (x 102B)
Class com.google.protobuf.Descriptors$FileDescriptor                                  : loaded 2 times (x 72B)
Class com.google.wireless.android.sdk.stats.GarbageCollectionStats                    : loaded 2 times (x 197B)
Class org.jetbrains.plugins.gradle.tooling.serialization.internal.IdeaProjectSerializationService: loaded 2 times (x 73B)
Class com.google.protobuf.ExtensionRegistry$ExtensionInfo                             : loaded 2 times (x 68B)
Class com.android.build.gradle.options.Option$Status$Removed                          : loaded 2 times (x 68B)
Class com.android.build.gradle.internal.plugins.AndroidPluginBaseServices$syncIssueReporter$2: loaded 2 times (x 75B)
Class com.android.build.api.variant.CanMinifyCode                                     : loaded 2 times (x 66B)
Class com.android.build.gradle.options.ProjectOptionService                           : loaded 2 times (x 73B)
Class org.gradle.accessors.dm.LibrariesForLibsInPluginsBlock$VersionAccessors         : loaded 2 times (x 88B)
Class com.amazon.ion.impl._Private_IonReaderBuilder$Mutable                           : loaded 2 times (x 91B)
Class com.intellij.openapi.externalSystem.model.project.IExternalSystemSourceType     : loaded 2 times (x 66B)
Class org.gradle.api.internal.classpath.UnknownModuleException                        : loaded 2 times (x 78B)
Class com.android.build.gradle.internal.dsl.LintImpl$SeverityOverrideSet              : loaded 2 times (x 139B)
Class com.android.builder.model.AdbOptions                                            : loaded 2 times (x 66B)
Class com.android.builder.model.DataBindingOptions                                    : loaded 2 times (x 66B)
Class com.android.prefs.VariableValue                                                 : loaded 2 times (x 80B)
Class com.android.prefs.AbstractAndroidLocations$Companion                            : loaded 2 times (x 67B)
Class com.google.protobuf.SmallSortedMap                                              : loaded 2 times (x 128B)
Class org.gradle.accessors.dm.LibrariesForLibsInPluginsBlock$PluginAccessors          : loaded 2 times (x 71B)
Class com.android.build.gradle.options.SyncOptions$EvaluationMode                     : loaded 2 times (x 75B)
Class com.google.gson.internal.bind.TypeAdapters$33                                   : loaded 2 times (x 72B)
Class com.google.gson.stream.JsonReader$1                                             : loaded 2 times (x 68B)
Class com.android.ide.common.blame.SourcePositionJsonTypeAdapter                      : loaded 2 times (x 71B)
Class com.android.build.gradle.options.FeatureStage$Removed                           : loaded 2 times (x 68B)
Class com.android.build.gradle.options.Stage                                          : loaded 2 times (x 68B)
Class sync_studio_tooling3_4yqn3ak6qr28qd3h3xwrdf1tc                                  : loaded 2 times (x 167B)
Class jdk.internal.jimage.ImageHeader                                                 : loaded 2 times (x 67B)
Class org.jetbrains.plugins.gradle.tooling.serialization.ProjectDependenciesSerializationService$ReadContext: loaded 2 times (x 68B)
Class org.gradle.internal.impldep.gnu.trove.TObjectIdentityHashingStrategy            : loaded 2 times (x 74B)
Class com.intellij.openapi.externalSystem.model.project.dependencies.ProjectDependencies: loaded 2 times (x 66B)
Class com.android.build.gradle.internal.lint.LintTaskManager                          : loaded 2 times (x 68B)
Class com.android.build.gradle.internal.tasks.ExtractProguardFiles                    : loaded 2 times (x 317B)
Class com.android.build.gradle.internal.tasks.factory.GlobalTaskCreationConfigImpl$platformAttrs$2: loaded 2 times (x 75B)
Class com.android.build.api.variant.ScopedArtifacts                                   : loaded 2 times (x 66B)
Class com.android.build.gradle.internal.services.FakeDependencyJarBuildService$Params$Inject_: loaded 2 times (x 102B)
Class com.google.common.base.Converter$ConverterComposition                           : loaded 2 times (x 86B)
Class com.android.build.gradle.internal.dsl.decorator.SupportedPropertyType$Block     : loaded 2 times (x 70B)
Class com.google.protobuf.SmallSortedMap$1                                            : loaded 2 times (x 128B)
Class com.google.wireless.android.sdk.stats.GradleBuildProject$PluginGeneration$1     : loaded 2 times (x 72B)
Class com.google.gson.internal.bind.ObjectTypeAdapter                                 : loaded 2 times (x 70B)
Class com.android.builder.profile.NameAnonymizer$VariantIdCacheLoader                 : loaded 2 times (x 72B)
Class com.android.build.gradle.internal.profile.ProjectData                           : loaded 2 times (x 68B)
Class com.google.protobuf.UnknownFieldSet                                             : loaded 2 times (x 83B)
Class com.android.build.gradle.internal.core.dsl.MultiVariantComponentDslInfo         : loaded 2 times (x 66B)
Class com.android.build.api.dsl.ApplicationDefaultConfig                              : loaded 2 times (x 66B)
Class ijInit17_2dtmjmxxsua1xy3sxan4t5nlv$_run_closure1                                : loaded 2 times (x 136B)
Class com.android.build.gradle.internal.PropertiesValueSource$Params$Inject_          : loaded 2 times (x 102B)
Class org.jetbrains.kotlin.gradle.plugin.SubpluginOption                              : loaded 2 times (x 68B)
Class com.android.build.gradle.internal.tasks.factory.PreConfigAction                 : loaded 2 times (x 66B)
Class com.android.build.gradle.internal.plugins.BasePlugin$createVariantModel$1       : loaded 2 times (x 75B)
Class com.android.build.gradle.api.VersionedVariant                                   : loaded 2 times (x 66B)
Class com.android.build.gradle.internal.dsl.ManagedDevices$allDevices$1$1             : loaded 2 times (x 71B)
Class com.android.build.OutputFile                                                    : loaded 2 times (x 66B)
Class com.android.build.gradle.internal.dsl.OptimizationImpl$AgpDecorated             : loaded 2 times (x 79B)
Class org.objectweb.asm.commons.Method                                                : loaded 2 times (x 72B)
Class org.bouncycastle.operator.OperatorException                                     : loaded 2 times (x 78B)
Class com.android.build.gradle.internal.services.BuildServicesKt$getBuildService$1    : loaded 2 times (x 71B)
Class com.google.protobuf.DescriptorProtos$EnumValueOptions                           : loaded 2 times (x 248B)
Class com.google.wireless.android.sdk.stats.GarbageCollectionStats$Builder            : loaded 2 times (x 297B)
Class com.google.wireless.android.sdk.stats.GradleBuildProfile$Builder                : loaded 2 times (x 344B)
Class [Lcom.google.gson.ToNumberPolicy;                                               : loaded 2 times (x 65B)
Class com.google.gson.ToNumberPolicy                                                  : loaded 2 times (x 79B)
Class com.android.build.gradle.internal.services.R8D8ThreadPoolBuildService           : loaded 2 times (x 76B)
Class [Lcom.android.build.gradle.options.Version;                                     : loaded 2 times (x 65B)
Class com.google.wireless.android.sdk.stats.GradleBuildProject$PluginType             : loaded 2 times (x 83B)
Class com.android.build.gradle.internal.services.BaseServices                         : loaded 2 times (x 66B)
Class com.android.build.api.dsl.TestedExtension                                       : loaded 2 times (x 66B)
Class com.android.build.gradle.internal.BadPluginException                            : loaded 2 times (x 78B)
Class com.amazon.ion.IonBufferConfiguration                                           : loaded 2 times (x 69B)
Class com.amazon.ion.impl.bin.Symbols                                                 : loaded 2 times (x 67B)
Class org.jetbrains.plugins.gradle.tooling.serialization.RepositoriesModelSerializationService: loaded 2 times (x 78B)
Class com.android.ide.gradle.model.artifacts.AdditionalClassifierArtifactsModel       : loaded 2 times (x 66B)
Class org.gradle.tooling.internal.gradle.GradleProjectIdentity                        : loaded 2 times (x 66B)
Class org.gradle.api.internal.DefaultClassPathRegistry                                : loaded 2 times (x 72B)
Class com.android.build.gradle.internal.SdkLocator                                    : loaded 2 times (x 67B)
Class com.android.build.gradle.internal.plugins.BasePlugin$createVariantModel$2       : loaded 2 times (x 75B)
Class com.android.build.gradle.internal.dsl.DexPackagingImpl$AgpDecorated_Decorated   : loaded 2 times (x 123B)
Class com.android.build.gradle.internal.dsl.ApplicationAndroidResourcesImpl$AgpDecorated_Decorated: loaded 2 times (x 181B)
Class com.android.build.gradle.internal.dsl.ManagedDevices$allDevices$1$2             : loaded 2 times (x 71B)
Class com.android.build.gradle.internal.dependency.SourceSetManager$createConfigurationsForSourceSet$2: loaded 2 times (x 71B)
Class com.google.protobuf.Descriptors$EnumDescriptor                                  : loaded 2 times (x 75B)
Class [Lcom.google.protobuf.Descriptors$OneofDescriptor;                              : loaded 2 times (x 65B)
Class com.android.build.gradle.internal.dsl.LibraryKeepRulesImpl                      : loaded 2 times (x 84B)
Class com.android.build.gradle.internal.dsl.BundleOptionsCodeTransparency             : loaded 2 times (x 73B)
Class com.android.prefs.PathLocator$singlePathOf$values$1                             : loaded 2 times (x 75B)
Class com.google.protobuf.DescriptorProtos$EnumDescriptorProto$1                      : loaded 2 times (x 147B)
Class com.android.tools.analytics.AnalyticsSettings$optedIn$1                         : loaded 2 times (x 74B)
Class com.android.sdklib.AndroidApiLevel                                              : loaded 2 times (x 70B)
Class com.android.build.gradle.options.Option$Status$EXPERIMENTAL                     : loaded 2 times (x 67B)
Class com.android.build.gradle.internal.services.ServiceRegistrationAction            : loaded 2 times (x 70B)
Class sync_studio_tooling12581_6m20rjc6tywnyq8csdrq7bo15                              : loaded 2 times (x 167B)
Class sync_studio_tooling11_d4fptw8dp8w5mysnp2c49ezes$_run_closure1                   : loaded 2 times (x 135B)
Class [Lcom.amazon.ion.impl.bin.AbstractIonWriter$WriteValueOptimization;             : loaded 2 times (x 65B)
Class org.jetbrains.plugins.gradle.tooling.serialization.RepositoriesModelSerializationService$ReadContext: loaded 2 times (x 68B)
Class sync_studio_tooling6_cj5bx5xvq5z6hcofvg03zewbs                                  : loaded 2 times (x 167B)
Class org.gradle.api.internal.ClassPathRegistry                                       : loaded 2 times (x 66B)
Class org.gradle.internal.classpath.DefaultClassPath$ImmutableUniqueList              : loaded 2 times (x 195B)
Class com.android.build.gradle.internal.plugins.BasePlugin$createVariantModel$3       : loaded 2 times (x 75B)
Class com.android.build.api.variant.impl.DeferredActionManager                        : loaded 2 times (x 68B)
Class com.android.build.gradle.internal.dsl.DataBindingOptions$AgpDecorated           : loaded 2 times (x 108B)
Class com.android.build.gradle.internal.DefaultConfigData                             : loaded 2 times (x 68B)
Class com.android.build.gradle.internal.dsl.VectorDrawablesOptions_Decorated          : loaded 2 times (x 128B)
Class com.android.build.gradle.internal.dsl.decorator.annotation.WithLazyInitialization: loaded 2 times (x 66B)
Class com.android.build.api.dsl.ResourcesPackaging                                    : loaded 2 times (x 66B)
Class com.android.build.gradle.internal.model.CoreNdkBuildOptions                     : loaded 2 times (x 66B)
Class com.android.prefs.PathLocator$singlePathOf$values$2                             : loaded 2 times (x 74B)
Class com.android.build.gradle.internal.services.StringCachingBuildService            : loaded 2 times (x 80B)
Class com.google.protobuf.DescriptorProtos$FileOptions                                : loaded 2 times (x 294B)
Class com.android.build.gradle.internal.errors.AndroidProblemReporterProvider$reporter$1: loaded 2 times (x 70B)
Class com.android.build.gradle.internal.component.ComponentCreationConfig             : loaded 2 times (x 66B)
Class com.android.build.gradle.internal.variant.VariantModel                          : loaded 2 times (x 66B)
Class com.google.common.base.ExtraObjectsMethodsForWeb                                : loaded 2 times (x 67B)
Class jdk.internal.jimage.decompressor.ResourceDecompressor                           : loaded 2 times (x 66B)
Class org.gradle.accessors.dm.LibrariesForLibs$KoinAndroidxLibraryAccessors           : loaded 2 times (x 73B)
Class com.amazon.ion.impl.bin.IonManagedBinaryWriter$UserState                        : loaded 2 times (x 81B)
Class org.jetbrains.plugins.gradle.tooling.serialization.internal.adapter.InternalBuildIdentifier: loaded 2 times (x 71B)
Class com.amazon.ion.impl._Private_IonWriter                                          : loaded 2 times (x 66B)
Class com.amazon.ion.impl.bin._Private_IonManagedBinaryWriterBuilder                  : loaded 2 times (x 68B)
Class com.intellij.gradle.toolingExtension.impl.model.projectModel.GradleExternalProjectSerializationService$WriteContext: loaded 2 times (x 69B)
Class ijInit17_2dtmjmxxsua1xy3sxan4t5nlv                                              : loaded 2 times (x 167B)
Class com.google.common.collect.NullnessCasts                                         : loaded 2 times (x 67B)
Class com.android.build.gradle.internal.variant.AbstractVariantInputManager$Companion : loaded 2 times (x 67B)
Class com.android.build.gradle.internal.plugins.BasePlugin$createVariantModel$4       : loaded 2 times (x 75B)
Class com.android.build.api.variant.VariantFilter                                     : loaded 2 times (x 66B)
Class com.android.build.gradle.internal.tasks.factory.BootClasspathConfigImpl$bootClasspath$2: loaded 2 times (x 75B)
Class com.android.build.gradle.internal.dsl.ResourcesPackagingImpl$AgpDecorated       : loaded 2 times (x 82B)
Class com.android.build.gradle.internal.dsl.ExternalNativeBuild$AgpDecorated          : loaded 2 times (x 92B)
Class [Lcom.android.builder.model.TestOptions$Execution;                              : loaded 2 times (x 65B)
Class com.android.build.gradle.internal.dsl.LintOptions                               : loaded 2 times (x 197B)
Class com.android.build.gradle.internal.api.DefaultAndroidSourceDirectorySet$directories$1: loaded 2 times (x 139B)
Class com.android.build.api.dsl.Cmake                                                 : loaded 2 times (x 66B)
Class com.android.build.api.dsl.AarMetadata                                           : loaded 2 times (x 66B)
Class com.google.protobuf.Utf8$UnsafeProcessor                                        : loaded 2 times (x 73B)
Class com.google.protobuf.ByteString$LiteralByteString                                : loaded 2 times (x 102B)
Class com.google.wireless.android.sdk.stats.GradleIntegerOptionEntry                  : loaded 2 times (x 193B)
Class com.android.build.gradle.internal.dsl.decorator.SupportedPropertyType$Collection$Map: loaded 2 times (x 70B)
Class com.google.protobuf.UnknownFieldSet$Parser                                      : loaded 2 times (x 146B)
Class com.android.build.gradle.internal.dependency.GenericTransformParameters_Decorated: loaded 2 times (x 126B)
Class com.google.gson.internal.bind.ArrayTypeAdapter$1                                : loaded 2 times (x 71B)
Class com.google.common.collect.AbstractBiMap                                         : loaded 2 times (x 155B)
Class com.google.gson.internal.bind.JsonTreeWriter                                    : loaded 2 times (x 94B)
Class [Lcom.android.build.gradle.options.SyncOptions$ErrorFormatMode;                 : loaded 2 times (x 65B)
Class com.android.build.gradle.internal.dsl.SplitOptions                              : loaded 2 times (x 84B)
Class com.android.build.gradle.internal.utils.GradlePluginUtils                       : loaded 2 times (x 67B)
Class com.android.build.gradle.internal.dsl.LibraryPublishingImpl                     : loaded 2 times (x 82B)
Class com.android.builder.model.v2.models.AndroidProject                              : loaded 2 times (x 66B)
Class Settings_gradle$1                                                               : loaded 2 times (x 70B)
Class [Lcom.amazon.ion.SymbolToken;                                                   : loaded 2 times (x 65B)
Class kotlin.collections.SetsKt                                                       : loaded 2 times (x 67B)
Class org.gradle.internal.classpath.ClassPath                                         : loaded 2 times (x 66B)
Class com.android.build.gradle.internal.dsl.ConfigurableFilesImpl                     : loaded 2 times (x 76B)
Class com.android.build.gradle.internal.dsl.decorator.LockableList                    : loaded 2 times (x 204B)
Class com.android.build.gradle.internal.dsl.decorator.SupportedPropertyType$Var$Int   : loaded 2 times (x 70B)
Class com.android.build.gradle.internal.dsl.decorator.SupportedPropertyType$Var$NullableBoolean: loaded 2 times (x 70B)
Class com.android.builder.model.ProductFlavor                                         : loaded 2 times (x 66B)
Class com.android.build.gradle.internal.services.ConfigPhaseFileCreator$Params        : loaded 2 times (x 66B)
Class com.google.wireless.android.sdk.stats.GradleIntegerOptionEntry$1                : loaded 2 times (x 147B)
Class com.google.protobuf.Descriptors                                                 : loaded 2 times (x 67B)
Class com.google.protobuf.DescriptorProtos$EnumValueDescriptorProto$1                 : loaded 2 times (x 147B)
Class com.android.tools.analytics.HostData$classLoadingBean$2                         : loaded 2 times (x 74B)
Class com.google.common.base.Enums$StringConverter                                    : loaded 2 times (x 86B)
Class com.android.build.gradle.internal.core.dsl.PublishableComponentDslInfo          : loaded 2 times (x 66B)
Class com.android.build.gradle.TestedAndroidConfig                                    : loaded 2 times (x 66B)
Class org.jetbrains.plugins.gradle.model.ExternalProjectDependency                    : loaded 2 times (x 66B)
Class org.jetbrains.plugins.gradle.tooling.serialization.KotlinDslScriptsModelSerializationService: loaded 2 times (x 77B)
Class kotlin.reflect.KFunction                                                        : loaded 2 times (x 66B)
Class kotlin.collections.ArrayDeque                                                   : loaded 2 times (x 203B)
Class com.android.build.gradle.internal.tasks.factory.GlobalTaskNames                 : loaded 2 times (x 66B)
Class com.android.build.api.artifact.impl.ArtifactsImpl$2$1                           : loaded 2 times (x 76B)
Class com.android.build.api.dsl.PublishingOptions                                     : loaded 2 times (x 66B)
Class com.android.build.gradle.internal.dsl.ExternalNativeCmakeOptions                : loaded 2 times (x 104B)
Class com.android.build.gradle.internal.api.DefaultAndroidSourceSet_Decorated         : loaded 2 times (x 274B)
Class com.android.build.gradle.internal.dsl.NdkBuildOptions                           : loaded 2 times (x 88B)
Class com.android.build.gradle.internal.dsl.DataBindingOptions                        : loaded 2 times (x 104B)
Class com.android.build.gradle.internal.services.AndroidLocationsBuildService$AndroidDirectoryCreator: loaded 2 times (x 76B)
Class [Lcom.google.protobuf.Descriptors$DescriptorPool$SearchFilter;                  : loaded 2 times (x 65B)
Class [Lcom.google.protobuf.Descriptors$FieldDescriptor;                              : loaded 2 times (x 65B)
Class com.android.builder.profile.NameAnonymizer$Project                              : loaded 2 times (x 68B)
Class com.google.common.util.concurrent.AbstractFuture$AtomicHelper                   : loaded 2 times (x 74B)
Class com.google.gson.internal.JsonReaderInternalAccess                               : loaded 2 times (x 68B)
Class com.android.build.gradle.internal.res.Aapt2FromMaven$Companion$create$1         : loaded 2 times (x 71B)
Class com.android.sdklib.AndroidApiLevel$Companion                                    : loaded 2 times (x 67B)
Class com.android.build.gradle.options.Option$Status                                  : loaded 2 times (x 67B)
Class com.android.prefs.AndroidLocationsProvider                                      : loaded 2 times (x 66B)
Class com.android.build.api.variant.ApplicationVariant                                : loaded 2 times (x 66B)
Class sync_studio_tooling4_941uboqu581ytk8wuwps8mz25                                  : loaded 2 times (x 167B)
Class com.amazon.ion.system.IonSystemBuilder$Mutable                                  : loaded 2 times (x 71B)
Class com.amazon.ion.impl.bin.IonManagedBinaryWriter$SymbolResolverBuilder            : loaded 2 times (x 66B)
Class org.jetbrains.plugins.gradle.tooling.serialization.ExternalTestsSerializationService$WriteContext: loaded 2 times (x 68B)
Class org.jetbrains.kotlin.idea.gradleTooling.KotlinGradleModel                       : loaded 2 times (x 66B)
Class kotlin.collections.MapsKt__MapsKt                                               : loaded 2 times (x 67B)
Class com.android.build.api.dsl.Device                                                : loaded 2 times (x 66B)
Class [Lcom.google.common.base.CaseFormat;                                            : loaded 2 times (x 65B)
Class com.android.builder.model.LintOptions                                           : loaded 2 times (x 66B)
Class com.android.build.gradle.internal.dsl.VectorDrawablesOptions                    : loaded 2 times (x 83B)
Class com.google.protobuf.Descriptors$DescriptorPool$PackageDescriptor                : loaded 2 times (x 72B)
Class com.google.wireless.android.sdk.stats.JavaProcessStats$Builder                  : loaded 2 times (x 303B)
Class com.android.build.gradle.internal.dsl.BundleOptionsStoreArchive$AgpDecorated_Decorated: loaded 2 times (x 121B)
Class com.google.wireless.android.sdk.stats.GradleBuildVariant$Builder                : loaded 2 times (x 378B)
Class com.google.gson.internal.bind.ReflectiveTypeAdapterFactory                      : loaded 2 times (x 71B)
Class com.google.gson.internal.sql.SqlTimestampTypeAdapter                            : loaded 2 times (x 72B)
Class com.android.build.gradle.internal.errors.AndroidProblemReporterProvider         : loaded 2 times (x 72B)
Class com.android.build.gradle.LintLifecycleExtensionImpl_Decorated                   : loaded 2 times (x 120B)
Class com.android.build.gradle.internal.tasks.factory.BootClasspathConfigImpl         : loaded 2 times (x 75B)
Class com.android.build.gradle.internal.tasks.factory.GlobalTaskCreationConfig        : loaded 2 times (x 66B)
Class com.android.build.gradle.internal.tasks.factory.BootClasspathConfig             : loaded 2 times (x 66B)
Class jdk.internal.jimage.ImageStringsReader                                          : loaded 2 times (x 76B)
Class org.gradle.accessors.dm.LibrariesForLibs$AndroidxDatastoreLibraryAccessors      : loaded 2 times (x 73B)
Class com.amazon.ion.impl._Private_RecyclingStack$Recycler                            : loaded 2 times (x 66B)
Class com.amazon.ion.impl.bin.IonManagedBinaryWriter$LocalSymbolTableView             : loaded 2 times (x 103B)
Class com.amazon.ion.impl.bin.IonRawBinaryWriter$ThrowingRunnable                     : loaded 2 times (x 66B)
Class org.gradle.tooling.model.Model                                                  : loaded 2 times (x 66B)
Class com.android.build.gradle.internal.tasks.SigningConfigUtils$Companion            : loaded 2 times (x 67B)
Class com.android.build.gradle.api.AndroidSourceDirectorySet                          : loaded 2 times (x 66B)
Class com.android.build.gradle.internal.dsl.NdkOptions                                : loaded 2 times (x 112B)
Class com.android.build.api.dsl.CompileOptions                                        : loaded 2 times (x 66B)
Class com.google.protobuf.Utf8                                                        : loaded 2 times (x 67B)
Class [Lcom.google.protobuf.Descriptors$Descriptor;                                   : loaded 2 times (x 65B)
Class com.google.protobuf.DescriptorProtos$EnumValueDescriptorProtoOrBuilder          : loaded 2 times (x 66B)
Class com.android.build.gradle.internal.TaskManager$Companion$createTasksBeforeEvaluate$3: loaded 2 times (x 70B)
Class com.google.protobuf.GeneratedMessageV3                                          : loaded 2 times (x 174B)
Class com.google.gson.internal.sql.SqlDateTypeAdapter$1                               : loaded 2 times (x 71B)
Class com.android.build.gradle.options.OptionParsers                                  : loaded 2 times (x 67B)
Class com.android.build.gradle.internal.tasks.factory.GlobalTaskCreationAction        : loaded 2 times (x 85B)
Class org.gradle.internal.classloader.ClassLoaderVisitor                              : loaded 2 times (x 72B)
Class com.android.build.gradle.internal.services.AndroidLocationsBuildService         : loaded 2 times (x 86B)
Class com.android.build.api.variant.Variant                                           : loaded 2 times (x 66B)
Class com.android.build.api.dsl.ApplicationExtension                                  : loaded 2 times (x 66B)
Class org.gradle.accessors.dm.LibrariesForLibs$RetrofitLibraryAccessors               : loaded 2 times (x 79B)
Class com.amazon.ion.UnknownSymbolException                                           : loaded 2 times (x 82B)
Class com.android.ide.gradle.model.composites.BuildMap                                : loaded 2 times (x 66B)
Class kotlin.text.MatchResult$Destructured                                            : loaded 2 times (x 68B)
Class kotlin.Metadata                                                                 : loaded 2 times (x 66B)
Class kotlin.UninitializedPropertyAccessException                                     : loaded 2 times (x 78B)
Class com.android.build.gradle.internal.PropertiesValueSource$Inject_                 : loaded 2 times (x 105B)
Class com.android.build.gradle.internal.lint.AndroidLintGlobalTask                    : loaded 2 times (x 314B)
Class com.android.build.gradle.internal.dsl.BuildType$Companion                       : loaded 2 times (x 67B)
Class com.android.build.api.artifact.Artifacts                                        : loaded 2 times (x 66B)
Class com.android.build.gradle.internal.services.FakeDependencyJarBuildService$lazyCachedFakeJar$1: loaded 2 times (x 71B)
Class com.android.build.gradle.internal.dsl.SdkComponentsImpl$aapt2$2                 : loaded 2 times (x 75B)
Class com.android.build.gradle.internal.dsl.JavaCompileOptions$AgpDecorated_Decorated : loaded 2 times (x 126B)
Class com.android.build.gradle.internal.dsl.BundleOptionsLanguage                     : loaded 2 times (x 73B)
Class com.android.build.gradle.internal.dsl.BundleOptionsCountrySet                   : loaded 2 times (x 77B)
Class com.android.build.api.dsl.DynamicFeatureProductFlavor                           : loaded 2 times (x 66B)
Class com.android.builder.model.Named                                                 : loaded 2 times (x 66B)
Class [Lcom.android.tools.build.gradle.internal.profile.BooleanOption;                : loaded 2 times (x 65B)
Class kotlin.collections.AbstractList$Companion                                       : loaded 2 times (x 67B)
Class com.google.protobuf.MessageLite$Builder                                         : loaded 2 times (x 66B)
Class com.android.build.gradle.options.ApiStage$Experimental                          : loaded 2 times (x 68B)
Class com.android.build.gradle.internal.core.dsl.ApkProducingComponentDslInfo         : loaded 2 times (x 66B)
Class com.android.build.api.extension.impl.AndroidComponentsExtensionImpl             : loaded 2 times (x 105B)
Class com.android.builder.model.v2.models.Versions                                    : loaded 2 times (x 66B)
Class jdk.internal.jimage.ImageReader                                                 : loaded 2 times (x 71B)
Class org.jetbrains.plugins.gradle.model.IntelliJProjectSettings                      : loaded 2 times (x 66B)
Class org.gradle.tooling.internal.adapter.ProtocolToModelAdapter$MethodInvocationCache: loaded 2 times (x 69B)
Class kotlin.sequences.SequencesKt___SequencesKt                                      : loaded 2 times (x 67B)
Class com.android.build.gradle.internal.tasks.factory.BootClasspathConfigImpl$fullBootClasspathProvider$2: loaded 2 times (x 75B)
Class com.android.tools.lint.model.LintModelSeverity$Companion                        : loaded 2 times (x 67B)
Class com.android.build.api.artifact.Artifact                                         : loaded 2 times (x 70B)
Class com.android.build.gradle.internal.api.LazyAndroidSourceSet$sourceSet$1          : loaded 2 times (x 75B)
Class kotlin.text.MatcherMatchResult$groupValues$1                                    : loaded 2 times (x 194B)
Class com.android.build.gradle.internal.dsl.ExternalNativeCmakeOptions_Decorated      : loaded 2 times (x 148B)
Class com.google.common.collect.ReverseNaturalOrdering                                : loaded 2 times (x 110B)
Class com.android.builder.core.AbstractBuildType                                      : loaded 2 times (x 149B)
Class com.google.protobuf.Descriptors$DescriptorPool$SearchFilter                     : loaded 2 times (x 75B)
Class com.google.wireless.android.sdk.stats.GradleBuildSplitsOrBuilder                : loaded 2 times (x 66B)
Class com.android.builder.profile.Recorder                                            : loaded 2 times (x 66B)
Class com.amazon.ion.impl.bin.IonManagedBinaryWriter$ImportedSymbolResolverMode$2     : loaded 2 times (x 76B)
Class com.google.wireless.android.sdk.stats.GradleBuildProfileSpanOrBuilder           : loaded 2 times (x 66B)
Class com.google.protobuf.Parser                                                      : loaded 2 times (x 66B)
Class com.google.gson.internal.bind.ReflectiveTypeAdapterFactory$Adapter              : loaded 2 times (x 73B)
Class com.google.gson.internal.bind.TypeAdapters$10                                   : loaded 2 times (x 71B)
Class com.android.build.gradle.internal.plugins.AbstractAppPlugin                     : loaded 2 times (x 89B)
Class com.android.build.gradle.options.BooleanOption                                  : loaded 2 times (x 82B)
Class com.google.common.util.concurrent.DirectExecutor                                : loaded 2 times (x 78B)
Class org.jetbrains.kotlin.compose.compiler.gradle.ComposeCompilerGradleSubplugin     : loaded 2 times (x 79B)
Class jdk.internal.jimage.ImageReader$SharedImageReader                               : loaded 2 times (x 91B)
Class org.gradle.accessors.dm.LibrariesForLibs$AndroidxComposeUiToolingLibraryAccessors: loaded 2 times (x 79B)
Class org.jetbrains.plugins.gradle.model.ExternalDependency                           : loaded 2 times (x 66B)
Class com.intellij.util.containers.IntObjectHashMap                                   : loaded 2 times (x 68B)
Class com.google.common.collect.SortedIterable                                        : loaded 2 times (x 66B)
Class org.gradle.api.internal.classpath.ModuleRegistry                                : loaded 2 times (x 66B)
Class org.gradle.internal.installation.GradleInstallation$1                           : loaded 2 times (x 71B)
Class [Lcom.android.build.api.artifact.impl.InternalScopedArtifacts$InternalScope;    : loaded 2 times (x 65B)
Class com.android.build.gradle.internal.services.FakeDependencyJarBuildService$FakeDependencyJarCreator$Inject_: loaded 2 times (x 107B)
Class com.android.build.gradle.internal.dsl.ComposeOptionsImpl_Decorated              : loaded 2 times (x 128B)
Class com.android.build.gradle.internal.dsl.decorator.DslDecorator$cache$1            : loaded 2 times (x 71B)
Class com.google.wireless.android.sdk.stats.GradleBuildVariant$VariantType            : loaded 2 times (x 83B)
Class com.android.ProgressManagerAdapter                                              : loaded 2 times (x 69B)
Class com.google.protobuf.DescriptorProtos$EnumValueDescriptorProto$Builder           : loaded 2 times (x 298B)
Class com.google.protobuf.DescriptorProtos$EnumValueOptionsOrBuilder                  : loaded 2 times (x 66B)
Class com.google.protobuf.ByteString$LeafByteString                                   : loaded 2 times (x 99B)
Class [Lcom.android.build.gradle.options.IntegerOption;                               : loaded 2 times (x 65B)
Class com.google.protobuf.Descriptors$GenericDescriptor                               : loaded 2 times (x 71B)
Class com.google.gson.internal.bind.TypeAdapters$11                                   : loaded 2 times (x 71B)
Class com.android.ide.common.blame.MessageJsonSerializer                              : loaded 2 times (x 72B)
Class [Lcom.google.gson.FieldNamingPolicy;                                            : loaded 2 times (x 65B)
Class com.google.gson.internal.bind.TypeAdapters$32                                   : loaded 2 times (x 72B)
Class com.google.wireless.android.sdk.stats.GarbageCollectionStatsOrBuilder           : loaded 2 times (x 66B)
Class com.android.build.gradle.internal.profile.AnalyticsService                      : loaded 2 times (x 106B)
Class com.android.build.gradle.internal.plugins.FusedLibraryPlugin                    : loaded 2 times (x 77B)
Class com.android.build.api.dsl.AndroidResources                                      : loaded 2 times (x 66B)
Class com.android.build.gradle.internal.services.RunOnceBuildServiceImpl$Inject_      : loaded 2 times (x 98B)
Class jdk.internal.jimage.decompressor.ResourceDecompressorFactory                    : loaded 2 times (x 70B)
Class com.amazon.ion.impl.bin.IonManagedBinaryWriter$SymbolState$1                    : loaded 2 times (x 76B)
Class com.amazon.ion.impl.LocalSymbolTableAsStruct$Factory                            : loaded 2 times (x 75B)
Class [Lcom.amazon.ion.IonType;                                                       : loaded 2 times (x 65B)
Class com.intellij.gradle.toolingExtension.impl.model.sourceSetDependencyModel.GradleSourceSetDependencySerialisationService$SourceSetDependencyModelReadContext: loaded 2 times (x 68B)
Class com.intellij.gradle.toolingExtension.impl.model.dependencyModel.DependencyReadContext: loaded 2 times (x 68B)
Class org.jetbrains.plugins.gradle.model.VersionCatalogsModel                         : loaded 2 times (x 66B)
Class org.gradle.tooling.internal.adapter.ObjectGraphAdapter                          : loaded 2 times (x 66B)
Class com.android.build.gradle.internal.services.TaskCreationServices                 : loaded 2 times (x 66B)
Class com.android.build.api.artifact.Artifact$Replaceable                             : loaded 2 times (x 66B)
Class com.android.builder.model.SourceProvider                                        : loaded 2 times (x 66B)
Class com.android.utils.HelpfulEnumConverter                                          : loaded 2 times (x 88B)
Class com.android.build.gradle.internal.services.AndroidLocationsBuildService$AndroidDirectoryCreator$Params: loaded 2 times (x 66B)
Class com.android.build.gradle.internal.services.Aapt2DaemonBuildService$RegistrationAction: loaded 2 times (x 70B)
Class com.android.build.gradle.internal.ide.dependencies.LibraryDependencyCacheBuildService$Parameters_Decorated: loaded 2 times (x 126B)
Class com.google.common.util.concurrent.AbstractFuture$UnsafeAtomicHelper             : loaded 2 times (x 74B)
Class com.android.utils.EnvironmentProvider$DirectEnvironmentProvider                 : loaded 2 times (x 76B)
Class com.android.build.gradle.internal.dsl.BaseFlavor                                : loaded 2 times (x 411B)
Class com.google.protobuf.AbstractMessageLite                                         : loaded 2 times (x 97B)
Class com.google.gson.internal.bind.TypeAdapters$12                                   : loaded 2 times (x 71B)
Class [Lcom.google.gson.ToNumberStrategy;                                             : loaded 2 times (x 65B)
Class com.android.build.gradle.options.ReplacedOption                                 : loaded 2 times (x 82B)
Class [Lcom.android.build.gradle.options.OptionalBooleanOption;                       : loaded 2 times (x 65B)
Class com.android.build.api.variant.CanMinifyAndroidResourcesBuilder                  : loaded 2 times (x 66B)
Class com.android.build.api.dsl.ProductFlavor                                         : loaded 2 times (x 66B)
Class com.android.build.api.dsl.BaseFlavor                                            : loaded 2 times (x 66B)
Class com.android.build.gradle.internal.dsl.Lockable                                  : loaded 2 times (x 66B)
Class org.jetbrains.kotlinx.serialization.gradle.SerializationGradleSubplugin$Companion: loaded 2 times (x 67B)
Class org.jetbrains.plugins.gradle.model.ProjectImportModelProvider                   : loaded 2 times (x 66B)
Class org.jetbrains.plugins.gradle.model.ExternalSourceSet                            : loaded 2 times (x 66B)
Class com.amazon.ion.impl.bin.IonManagedBinaryWriter$SymbolState$2                    : loaded 2 times (x 76B)
Class com.amazon.ion.IonNull                                                          : loaded 2 times (x 66B)
Class com.intellij.gradle.toolingExtension.impl.model.warmUp.GradleTaskWarmUpRequest  : loaded 2 times (x 66B)
Class com.google.common.collect.ImmutableSortedAsList                                 : loaded 2 times (x 217B)
Class kotlin.text.RegexKt                                                             : loaded 2 times (x 67B)
Class kotlin.coroutines.intrinsics.IntrinsicsKt__IntrinsicsKt                         : loaded 2 times (x 67B)
Class com.android.build.gradle.internal.dsl.TestOptions                               : loaded 2 times (x 120B)
Class com.android.build.gradle.internal.dsl.decorator.DslDecorator$Companion$privateLookupInMethod$2: loaded 2 times (x 74B)
Class com.android.build.gradle.internal.CompileOptions                                : loaded 2 times (x 90B)
Class com.android.build.gradle.internal.dsl.BundleOptionsDeviceTier                   : loaded 2 times (x 77B)
Class [Lcom.android.prefs.Global;                                                     : loaded 2 times (x 65B)
Class com.android.build.gradle.internal.services.ConfigPhaseFileCreator               : loaded 2 times (x 66B)
Class com.android.build.gradle.internal.services.Aapt2ThreadPoolBuildService$Params_Decorated: loaded 2 times (x 126B)
Class com.android.build.gradle.internal.dsl.SigningConfigFactory                      : loaded 2 times (x 73B)
Class com.google.wireless.android.sdk.stats.GradleBuildProfile$1                      : loaded 2 times (x 147B)
Class com.google.gson.internal.bind.TypeAdapters$13                                   : loaded 2 times (x 71B)
Class com.android.build.gradle.internal.dsl.ShaderOptions                             : loaded 2 times (x 83B)
Class com.android.build.api.variant.HasTestFixtures                                   : loaded 2 times (x 66B)
Class jdk.internal.jimage.ImageReader$Node                                            : loaded 2 times (x 80B)
Class com.amazon.ion.impl.bin.IonRawBinaryWriter$ContainerInfo                        : loaded 2 times (x 70B)
Class com.amazon.ion.impl.bin.IonManagedBinaryWriter$SymbolState$3                    : loaded 2 times (x 76B)
Class com.amazon.ion.impl.bin.IonRawBinaryWriter$StreamFlushMode                      : loaded 2 times (x 75B)
Class com.amazon.ion.IonBinaryWriter                                                  : loaded 2 times (x 66B)
Class com.intellij.gradle.toolingExtension.impl.model.sourceSetArtifactIndex.GradleSourceSetArtifactBuildRequest: loaded 2 times (x 66B)
Class com.google.common.collect.Lists$TransformingRandomAccessList                    : loaded 2 times (x 195B)
Class kotlin.collections.CollectionsKt__CollectionsJVMKt                              : loaded 2 times (x 67B)
Class org.gradle.api.internal.classpath.DefaultModuleRegistry                         : loaded 2 times (x 82B)
Class com.android.build.gradle.internal.ProguardFilesProvider                         : loaded 2 times (x 66B)
Class com.android.build.gradle.internal.dsl.ApplicationBuildFeaturesImpl              : loaded 2 times (x 116B)
Class [Lcom.android.build.api.artifact.Artifact$Category;                             : loaded 2 times (x 65B)
Class com.android.build.gradle.internal.dsl.KeepRulesImpl$AgpDecorated                : loaded 2 times (x 85B)
Class com.android.build.gradle.internal.cxx.model.CxxAbiModel                         : loaded 2 times (x 68B)
Class com.android.build.api.dsl.ApplicationPublishing                                 : loaded 2 times (x 66B)
Class com.android.build.gradle.internal.TaskManager$Companion$createTasksBeforeEvaluate$2: loaded 2 times (x 70B)
Class org.gradle.internal.classloader.DefaultClassLoaderFactory                       : loaded 2 times (x 78B)
Class com.google.gson.internal.bind.NumberTypeAdapter$1                               : loaded 2 times (x 72B)
Class com.google.gson.internal.bind.TypeAdapters$1                                    : loaded 2 times (x 71B)
Class com.google.gson.internal.bind.TypeAdapters$14                                   : loaded 2 times (x 71B)
Class com.intellij.util.containers.IntObjectHashMap$ArrayProducer                     : loaded 2 times (x 66B)
Class com.amazon.ion.impl.bin.IonManagedBinaryWriter$ImportedSymbolResolverMode$1     : loaded 2 times (x 76B)
Class com.android.builder.errors.IssueReporter                                        : loaded 2 times (x 69B)
Class org.jetbrains.kotlin.build.report.metrics.GradleBuildTime$Companion             : loaded 2 times (x 67B)
Class jdk.internal.jimage.BasicImageReader$1                                          : loaded 2 times (x 73B)
Class org.gradle.accessors.dm.LibrariesForLibsInPluginsBlock$AndroidxEspressoLibraryAccessors: loaded 2 times (x 73B)
Class org.gradle.accessors.dm.LibrariesForLibsInPluginsBlock$RetrofitLibraryAccessors : loaded 2 times (x 79B)
Class org.gradle.accessors.dm.LibrariesForLibs$AndroidxComposeUiLibraryAccessors      : loaded 2 times (x 81B)
Class com.amazon.ion.impl.bin.IonManagedBinaryWriter$SymbolState$4                    : loaded 2 times (x 76B)
Class org.jetbrains.plugins.gradle.tooling.serialization.internal.IdeaProjectSerializationService$WriteContext$1: loaded 2 times (x 79B)
Class org.jetbrains.plugins.gradle.model.ExternalProject                              : loaded 2 times (x 66B)
Class kotlin.sequences.SequencesKt                                                    : loaded 2 times (x 67B)
Class kotlin.collections.CollectionsKt__IteratorsKt                                   : loaded 2 times (x 67B)
Class com.android.build.gradle.internal.PropertiesValueSource$Params_Decorated        : loaded 2 times (x 126B)
Class com.android.build.gradle.internal.services.FakeDependencyJarBuildService$FakeDependencyJarCreator$Params$Inject_: loaded 2 times (x 104B)
Class com.android.build.gradle.internal.dsl.SdkComponentsImpl$sdkDirectory$1          : loaded 2 times (x 71B)
Class com.android.build.gradle.api.AndroidArtifactVariant                             : loaded 2 times (x 66B)
Class com.android.build.gradle.internal.dsl.TestFixturesImpl                          : loaded 2 times (x 77B)
Class com.amazon.ion.impl.lite.IonSymbolLite                                          : loaded 2 times (x 242B)
Class com.android.build.gradle.internal.services.Aapt2DaemonBuildService$Parameters   : loaded 2 times (x 68B)
Class com.google.protobuf.SmallSortedMap$EmptySet$1                                   : loaded 2 times (x 77B)
Class [Lcom.amazon.ion.impl.bin.IonRawBinaryWriter$StreamCloseMode;                   : loaded 2 times (x 65B)
Class org.jetbrains.kotlin.idea.gradleTooling.AndroidAwareGradleModelProvider$Companion: loaded 2 times (x 67B)
Class com.google.gson.Strictness                                                      : loaded 2 times (x 75B)
Class com.google.gson.internal.sql.SqlTypesSupport$1                                  : loaded 2 times (x 70B)
Class com.google.gson.internal.bind.TypeAdapters$2                                    : loaded 2 times (x 71B)
Class com.google.gson.internal.bind.TypeAdapters$15                                   : loaded 2 times (x 71B)
Class com.android.build.gradle.internal.plugins.AndroidPluginBaseServices$androidProblemReporterProviderService$2$1: loaded 2 times (x 75B)
Class com.android.build.api.variant.HasDeviceTestsBuilder                             : loaded 2 times (x 66B)
Class com.android.build.gradle.options.Option$Status$STABLE                           : loaded 2 times (x 67B)
Class com.android.build.api.dsl.Installation                                          : loaded 2 times (x 66B)
Class com.android.build.gradle.BaseExtension                                          : loaded 2 times (x 195B)
Class com.android.build.gradle.internal.plugins.VersionCheckPlugin$Companion          : loaded 2 times (x 67B)
Class com.amazon.ion.impl.bin.utf8.Pool                                               : loaded 2 times (x 70B)
Class com.amazon.ion.impl._Private_SymtabExtendsCache                                 : loaded 2 times (x 68B)
Class org.jetbrains.plugins.gradle.tooling.serialization.internal.IdeaProjectSerializationService$WriteContext$2: loaded 2 times (x 79B)
Class sync_studio_tooling9330_3eq52wwj64uylqw2z1t6h7qvk$_run_closure1                 : loaded 2 times (x 135B)
Class com.google.common.base.CaseFormat$StringConverter                               : loaded 2 times (x 86B)
Class com.google.gson.JsonSyntaxException                                             : loaded 2 times (x 78B)
Class com.android.build.gradle.internal.dsl.AbstractPublishing                        : loaded 2 times (x 69B)
Class com.google.protobuf.SmallSortedMap$EmptySet$2                                   : loaded 2 times (x 75B)
Class com.android.build.gradle.internal.profile.AnalyticsServiceApi                   : loaded 2 times (x 66B)
Class com.google.gson.internal.bind.TypeAdapters$31                                   : loaded 2 times (x 72B)
Class com.google.wireless.android.sdk.stats.GradleBuildProfileOrBuilder               : loaded 2 times (x 66B)
Class com.google.gson.internal.sql.SqlTypesSupport$2                                  : loaded 2 times (x 70B)
Class com.google.gson.internal.bind.TypeAdapters$16                                   : loaded 2 times (x 71B)
Class com.google.gson.internal.bind.TypeAdapters$3                                    : loaded 2 times (x 71B)
Class com.android.build.api.variant.HasAndroidTest                                    : loaded 2 times (x 66B)
Class org.gradle.accessors.dm.LibrariesForLibsInPluginsBlock$AndroidxComposeLibraryAccessors: loaded 2 times (x 75B)
Class com.amazon.ion.impl._Private_IonSymbol                                          : loaded 2 times (x 66B)
Class com.amazon.ion.impl.lite.IonValueLite                                           : loaded 2 times (x 143B)
Class com.amazon.ion.IonContainer                                                     : loaded 2 times (x 66B)
Class com.amazon.ion.impl.bin.PooledBlockAllocatorProvider                            : loaded 2 times (x 69B)
Class com.google.gson.internal.bind.JsonAdapterAnnotationTypeAdapterFactory$DummyTypeAdapterFactory: loaded 2 times (x 71B)
Class org.jetbrains.plugins.gradle.tooling.serialization.internal.IdeaProjectSerializationService$WriteContext$3: loaded 2 times (x 79B)
Class kotlin.coroutines.jvm.internal.RestrictedContinuationImpl                       : loaded 2 times (x 83B)
Class org.gradle.util.internal.DefaultGradleVersion$Stage                             : loaded 2 times (x 71B)
Class com.android.build.gradle.internal.dsl.BundleOptionsDeviceGroup$AgpDecorated_Decorated: loaded 2 times (x 126B)
Class com.android.build.gradle.internal.dsl.TestOptions$UnitTestOptions_Decorated     : loaded 2 times (x 126B)
Class com.android.build.gradle.internal.api.artifact.SourceArtifactType$KOTLIN_SOURCES: loaded 2 times (x 70B)
Class com.android.build.api.dsl.LibraryPublishing                                     : loaded 2 times (x 66B)
Class com.android.build.gradle.internal.SdkComponentsBuildService$Parameters_Decorated: loaded 2 times (x 147B)
Class [Lcom.google.protobuf.Internal$EnumLiteMap;                                     : loaded 2 times (x 65B)
Class com.google.protobuf.DescriptorProtos$FeatureSetOrBuilder                        : loaded 2 times (x 66B)
Class com.google.protobuf.SingleFieldBuilderV3                                        : loaded 2 times (x 80B)
Class com.google.protobuf.IterableByteBufferInputStream                               : loaded 2 times (x 88B)
Class com.google.gson.internal.bind.TypeAdapters$17                                   : loaded 2 times (x 71B)
Class com.google.gson.internal.bind.TypeAdapters$4                                    : loaded 2 times (x 71B)
Class com.google.common.collect.Maps$EntryTransformer                                 : loaded 2 times (x 66B)
Class com.android.build.api.dsl.ApplicationBuildType                                  : loaded 2 times (x 66B)
Class com.android.build.gradle.internal.services.DslServicesImpl                      : loaded 2 times (x 95B)
Class jdk.internal.jimage.decompressor.Decompressor                                   : loaded 2 times (x 68B)
Class jdk.internal.jimage.ImageReader$Resource                                        : loaded 2 times (x 80B)
Class org.gradle.accessors.dm.LibrariesForLibs$AndroidxCoreLibraryAccessors           : loaded 2 times (x 73B)
Class org.jetbrains.kotlin.idea.gradleTooling.AndroidAwareGradleModelProvider         : loaded 2 times (x 75B)
Class org.jetbrains.plugins.gradle.tooling.serialization.internal.IdeaProjectSerializationService$WriteContext$4: loaded 2 times (x 79B)
Class com.intellij.gradle.toolingExtension.impl.model.sourceSetDependencyModel.GradleSourceSetDependencySerialisationService$Companion: loaded 2 times (x 67B)
Class com.google.common.collect.UsingToStringOrdering                                 : loaded 2 times (x 110B)
Class kotlin.text.MatchNamedGroupCollection                                           : loaded 2 times (x 66B)
Class kotlin.jvm.internal.markers.KMutableList                                        : loaded 2 times (x 66B)
Class org.gradle.internal.time.MonotonicClock                                         : loaded 2 times (x 73B)
Class org.gradle.internal.service.ServiceLookupException                              : loaded 2 times (x 78B)
Class com.android.build.gradle.internal.dsl.DexOptions_Decorated                      : loaded 2 times (x 152B)
Class com.android.build.api.dsl.LintOptions                                           : loaded 2 times (x 66B)
Class com.android.build.gradle.api.BaseVariantOutput                                  : loaded 2 times (x 66B)
Class com.android.build.api.dsl.AndroidSourceDirectorySet                             : loaded 2 times (x 66B)
Class [Lcom.android.resources.ResourceEnum;                                           : loaded 2 times (x 65B)
Class com.android.builder.model.ApiVersion                                            : loaded 2 times (x 66B)
Class com.android.build.gradle.internal.plugins.BasePlugin$dslServices$2$1            : loaded 2 times (x 75B)
Class com.google.protobuf.NioByteString                                               : loaded 2 times (x 100B)
Class com.google.protobuf.DescriptorProtos$DescriptorProtoOrBuilder                   : loaded 2 times (x 66B)
Class com.google.protobuf.GeneratedMessageV3$BuilderParent                            : loaded 2 times (x 66B)
Class com.google.protobuf.FieldSet$FieldDescriptorLite                                : loaded 2 times (x 66B)
Class com.google.protobuf.ExtensionLite                                               : loaded 2 times (x 73B)
Class com.google.gson.internal.bind.SerializationDelegatingTypeAdapter                : loaded 2 times (x 70B)
Class com.google.gson.internal.bind.TypeAdapters$18                                   : loaded 2 times (x 71B)
Class com.google.gson.internal.bind.TypeAdapters$5                                    : loaded 2 times (x 71B)
Class com.android.build.api.variant.HasTestFixturesBuilder                            : loaded 2 times (x 66B)
Class com.android.build.api.dsl.BuildFeatures                                         : loaded 2 times (x 66B)
Class com.android.build.gradle.internal.core.SettingsOptions                          : loaded 2 times (x 68B)
Class org.jetbrains.kotlin.compose.compiler.gradle.ComposeCompilerGradleSubplugin$Companion: loaded 2 times (x 67B)
Class sync_studio_tooling5976_bjyjvg1361woo7ec6w8ewsgyi$_run_closure1                 : loaded 2 times (x 135B)
Class jdk.internal.jrtfs.JrtFileAttributes                                            : loaded 2 times (x 79B)
Class com.amazon.ion.BufferConfiguration$Builder                                      : loaded 2 times (x 74B)
Class org.jetbrains.plugins.gradle.tooling.serialization.internal.IdeaProjectSerializationService$WriteContext$5: loaded 2 times (x 79B)
Class com.intellij.gradle.toolingExtension.impl.model.sourceSetDependencyModel.GradleSourceSetDependencySerialisationService$SourceSetDependencyModelWriteContext: loaded 2 times (x 68B)
Class com.google.common.collect.ImmutableSortedSet                                    : loaded 2 times (x 296B)
Class org.gradle.internal.classloader.ClassLoaderFactory                              : loaded 2 times (x 66B)
Class com.google.protobuf.Internal$IntList                                            : loaded 2 times (x 66B)
Class com.android.build.gradle.internal.PropertiesValueSource$Params                  : loaded 2 times (x 66B)
Class com.android.build.gradle.internal.tasks.factory.GlobalTaskCreationConfigImpl$buildToolsRevision$2: loaded 2 times (x 75B)
Class com.android.build.gradle.internal.dsl.LintImpl$severities$2                     : loaded 2 times (x 75B)
Class com.android.build.gradle.internal.api.artifact.SourceArtifactType$AIDL          : loaded 2 times (x 70B)
Class com.android.build.gradle.internal.api.DefaultAndroidSourceFile                  : loaded 2 times (x 84B)
Class com.android.build.api.dsl.CmakeFlags                                            : loaded 2 times (x 66B)
Class com.android.build.gradle.internal.dsl.KeepRulesImpl                             : loaded 2 times (x 80B)
Class com.google.protobuf.UnsafeUtil                                                  : loaded 2 times (x 67B)
Class com.google.protobuf.DescriptorProtos$FileDescriptorProto$1                      : loaded 2 times (x 147B)
Class com.google.wireless.android.sdk.stats.GradleBuildProject$CompileOptions         : loaded 2 times (x 195B)
Class com.google.wireless.android.sdk.stats.GradleProjectOptionsSettingsOrBuilder     : loaded 2 times (x 66B)
Class com.android.build.gradle.internal.dsl.BuildTypeFactory                          : loaded 2 times (x 73B)
Class com.android.build.gradle.internal.errors.SyncIssueReporterImpl$GlobalSyncIssueService$RegistrationAction: loaded 2 times (x 70B)
Class com.android.build.api.dsl.AssetPackBundleExtension                              : loaded 2 times (x 66B)
Class com.android.build.gradle.internal.utils.AnalyticsSettingsUtils                  : loaded 2 times (x 67B)
Class com.google.gson.internal.bind.ReflectiveTypeAdapterFactory$FieldReflectionAdapter: loaded 2 times (x 73B)
Class com.google.gson.internal.bind.TypeAdapters$19                                   : loaded 2 times (x 71B)
Class com.google.gson.internal.bind.TypeAdapters$6                                    : loaded 2 times (x 71B)
Class com.android.ide.common.blame.Message$Kind                                       : loaded 2 times (x 75B)
Class com.android.build.gradle.internal.plugins.KotlinMultiplatformAndroidPlugin      : loaded 2 times (x 77B)
Class com.android.build.gradle.internal.plugins.BasePlugin$lintDslLifecycleRegistrar$2: loaded 2 times (x 75B)
Class com.android.build.api.variant.HasHostTestsBuilder                               : loaded 2 times (x 66B)
Class com.android.build.api.variant.ComponentBuilder                                  : loaded 2 times (x 66B)
Class com.android.build.api.dsl.SettingsExtension                                     : loaded 2 times (x 66B)
Class com.android.build.api.dsl.CommonExtension                                       : loaded 2 times (x 66B)
Class com.amazon.ion.impl.bin.IntList                                                 : loaded 2 times (x 73B)
Class com.amazon.ion.impl._Private_RecyclingQueue$ElementIterator                     : loaded 2 times (x 78B)
Class com.amazon.ion.impl.lite._Private_LiteDomTrampoline                             : loaded 2 times (x 67B)
Class com.amazon.ion.IonType                                                          : loaded 2 times (x 75B)
Class org.jetbrains.plugins.gradle.tooling.serialization.internal.IdeaProjectSerializationService$WriteContext$6: loaded 2 times (x 79B)
Class org.jetbrains.plugins.gradle.tooling.util.IntObjectMap                          : loaded 2 times (x 69B)
Class org.gradle.internal.service.CachingServiceLocator                               : loaded 2 times (x 78B)
Class [Lcom.android.buildanalyzer.common.TaskCategory;                                : loaded 2 times (x 65B)
Class com.android.build.gradle.internal.dsl.CoreExternalNativeBuildOptions            : loaded 2 times (x 66B)
Class com.google.protobuf.Descriptors$EnumValueDescriptor                             : loaded 2 times (x 75B)
Class com.android.utils.DateProvider                                                  : loaded 2 times (x 66B)
Class com.android.build.gradle.internal.utils.AnalyticsEnabledValueSource$Params      : loaded 2 times (x 66B)
Class com.google.gson.internal.bind.TypeAdapters$7                                    : loaded 2 times (x 71B)
Class com.google.gson.internal.$Gson$Preconditions                                    : loaded 2 times (x 67B)
Class com.android.build.api.dsl.JniLibsPackaging                                      : loaded 2 times (x 66B)
Class com.android.build.api.variant.HasHostTests                                      : loaded 2 times (x 66B)
Class com.google.common.collect.AbstractMapBasedMultimap$KeySet                       : loaded 2 times (x 133B)
Class com.amazon.ion.impl.lite.ValueFactoryLite                                       : loaded 2 times (x 214B)
Class org.jetbrains.plugins.gradle.tooling.serialization.internal.IdeaProjectSerializationService$WriteContext$7: loaded 2 times (x 79B)
Class org.jetbrains.plugins.gradle.model.RepositoryModels                             : loaded 2 times (x 66B)
Class com.google.common.collect.RegularImmutableSortedSet                             : loaded 2 times (x 296B)
Class kotlin.collections.AbstractList$SubList                                         : loaded 2 times (x 194B)
Class kotlin.jvm.internal.CallableReference                                           : loaded 2 times (x 102B)
Class com.android.build.gradle.internal.scope.InternalArtifactType                    : loaded 2 times (x 70B)
Class com.android.build.gradle.internal.dsl.SdkComponentsImpl$adb$1                   : loaded 2 times (x 71B)
Class com.android.build.gradle.internal.dsl.ManagedVirtualDeviceFactory               : loaded 2 times (x 71B)
Class com.android.build.gradle.internal.dsl.ManagedVirtualDevice                      : loaded 2 times (x 117B)
Class com.android.build.gradle.internal.api.AndroidSourceSetName                      : loaded 2 times (x 68B)
Class com.android.build.gradle.internal.TaskManager$Companion$createTasksBeforeEvaluate$1: loaded 2 times (x 70B)
Class com.android.build.api.dsl.BundleAbi                                             : loaded 2 times (x 66B)
Class com.android.build.gradle.internal.services.LintClassLoaderBuildService          : loaded 2 times (x 76B)
Class com.google.gson.internal.bind.CollectionTypeAdapterFactory$Adapter              : loaded 2 times (x 70B)
Class com.google.gson.internal.bind.TypeAdapters$8                                    : loaded 2 times (x 71B)
Class com.android.build.api.artifact.impl.ArtifactContainer                           : loaded 2 times (x 71B)
Class com.android.build.gradle.options.ProjectOptionService$RegistrationAction        : loaded 2 times (x 70B)
Class com.android.build.api.variant.ApplicationVariantBuilder                         : loaded 2 times (x 66B)
Class com.android.build.gradle.internal.services.DslServices                          : loaded 2 times (x 66B)
Class org.jetbrains.kotlin.build.report.metrics.BuildTime                             : loaded 2 times (x 66B)
Class com.amazon.ion.impl.bin.WriteBuffer                                             : loaded 2 times (x 74B)
Class com.amazon.ion.impl.bin.IonManagedBinaryWriter                                  : loaded 2 times (x 162B)
Class org.jetbrains.plugins.gradle.tooling.serialization.internal.IdeaProjectSerializationService$WriteContext$8: loaded 2 times (x 79B)
Class [Lorg.gradle.api.JavaVersion;                                                   : loaded 2 times (x 65B)
Class org.gradle.tooling.model.idea.IdeaDependencyScope                               : loaded 2 times (x 66B)
Class org.gradle.internal.time.TimeSource                                             : loaded 2 times (x 66B)
Class org.gradle.tooling.model.kotlin.dsl.KotlinDslScriptsModel                       : loaded 2 times (x 66B)
Class com.android.build.gradle.internal.tasks.BuildAnalyzer                           : loaded 2 times (x 66B)
Class com.android.builder.signing.DefaultSigningConfig$DebugSigningConfig             : loaded 2 times (x 68B)
Class com.android.build.gradle.internal.core.dsl.impl.features.DeviceTestOptionsDslInfoImpl: loaded 2 times (x 80B)
Class com.android.build.gradle.internal.core.dsl.features.TestOptionsDslInfo          : loaded 2 times (x 66B)
Class com.android.build.gradle.internal.dsl.DexPackagingImpl$AgpDecorated             : loaded 2 times (x 79B)
Class com.android.build.gradle.internal.dsl.BundleOptionsDensity$AgpDecorated         : loaded 2 times (x 77B)
Class com.android.build.VariantOutput                                                 : loaded 2 times (x 66B)
Class com.android.build.api.artifact.Artifact$Single                                  : loaded 2 times (x 70B)
Class com.android.build.api.dsl.Optimization                                          : loaded 2 times (x 66B)
Class com.android.build.gradle.internal.dsl.DependenciesInfoImpl                      : loaded 2 times (x 77B)
Class com.android.build.api.dsl.TestProductFlavor                                     : loaded 2 times (x 66B)
Class com.android.build.gradle.internal.services.AndroidLocationsBuildService$AndroidDirectoryCreator$Params$Inject_: loaded 2 times (x 104B)
Class com.android.prefs.LocationValue                                                 : loaded 2 times (x 66B)
Class com.android.build.api.artifact.impl.SingleArtifactContainer                     : loaded 2 times (x 71B)
Class com.android.build.gradle.internal.res.Aapt2FromMaven$Companion$DefaultAapt2Version: loaded 2 times (x 67B)
Class com.google.gson.internal.bind.TypeAdapters$9                                    : loaded 2 times (x 71B)
Class org.gradle.internal.operations.MultipleBuildOperationFailures                   : loaded 2 times (x 91B)
Class org.gradle.tooling.internal.adapter.MethodInvocation                            : loaded 2 times (x 81B)
Class com.android.build.gradle.internal.plugins.DynamicFeaturePlugin                  : loaded 2 times (x 92B)
Class com.amazon.ion.impl.lite.IonBlobLite                                            : loaded 2 times (x 215B)
Class com.amazon.ion.impl.LocalSymbolTable                                            : loaded 2 times (x 117B)
Class org.jetbrains.plugins.gradle.tooling.serialization.SerializationService         : loaded 2 times (x 66B)
Class org.gradle.tooling.internal.gradle.GradleBuildIdentity                          : loaded 2 times (x 66B)
Class kotlin.enums.EnumEntries                                                        : loaded 2 times (x 66B)
Class com.android.build.gradle.internal.core.SettingsOptionsKt                        : loaded 2 times (x 67B)
Class com.android.build.gradle.internal.dsl.BundleOptionsCodeTransparency$AgpDecorated: loaded 2 times (x 77B)
Class com.android.build.gradle.internal.api.artifact.SourceArtifactType$JAVA_RESOURCES: loaded 2 times (x 70B)
Class com.android.build.gradle.api.AndroidSourceFile                                  : loaded 2 times (x 66B)
Class org.objectweb.asm.commons.LocalVariablesSorter                                  : loaded 2 times (x 106B)
Class com.android.build.api.dsl.ViewBinding                                           : loaded 2 times (x 66B)
Class com.android.build.gradle.internal.dsl.DexPackagingImpl                          : loaded 2 times (x 66B)
Class com.android.build.gradle.internal.dsl.AssetPackBundleExtensionImpl              : loaded 2 times (x 66B)
Class com.android.build.gradle.internal.dsl.decorator.SupportedPropertyType$Var$String: loaded 2 times (x 70B)
Class com.android.prefs.PathLocator                                                   : loaded 2 times (x 69B)
Class com.google.wireless.android.sdk.stats.GradleBuildProfileSpan$1                  : loaded 2 times (x 147B)
Class kotlin.sequences.TransformingSequence                                           : loaded 2 times (x 71B)
Class com.intellij.util.ThrowableConsumer                                             : loaded 2 times (x 66B)
Class com.android.tools.analytics.AnalyticsSettingsData$DataTypeAdapter               : loaded 2 times (x 69B)
Class com.google.gson.JsonParseException                                              : loaded 2 times (x 78B)
Class org.gradle.accessors.dm.LibrariesForLibs$KotlinxLibraryAccessors                : loaded 2 times (x 73B)
Class sync_studio_tooling12581_6m20rjc6tywnyq8csdrq7bo15$_run_closure1                : loaded 2 times (x 135B)
Class com.amazon.ion.IonList                                                          : loaded 2 times (x 66B)
Class org.jetbrains.plugins.gradle.tooling.serialization.internal.adapter.Supplier    : loaded 2 times (x 66B)
Class org.gradle.tooling.internal.adapter.ProtocolToModelAdapter$MixInMappingAction   : loaded 2 times (x 76B)
Class org.gradle.internal.exceptions.ResolutionProvider                               : loaded 2 times (x 66B)
Class com.android.build.gradle.internal.lint.LintTaskManager$createBeforeEvaluateLintTasks$1: loaded 2 times (x 71B)
Class com.android.build.gradle.internal.lint.LintTaskManager$Companion                : loaded 2 times (x 67B)
Class com.android.build.gradle.internal.crash.ExternalApiUsageException               : loaded 2 times (x 78B)
Class [Lcom.android.build.api.variant.ScopedArtifacts$Scope;                          : loaded 2 times (x 65B)
Class com.android.build.gradle.api.ApplicationVariant                                 : loaded 2 times (x 66B)
Class com.android.build.gradle.internal.dsl.BundleOptionsCountrySet$AgpDecorated      : loaded 2 times (x 81B)
Class com.android.build.gradle.internal.dsl.EmulatorControl$AgpDecorated              : loaded 2 times (x 84B)
Class com.android.build.gradle.internal.dsl.ApplicationPublishingImpl                 : loaded 2 times (x 77B)
Class com.android.build.gradle.internal.errors.IncompatibleProjectOptionsReporter     : loaded 2 times (x 67B)
Class com.google.protobuf.DescriptorProtos$EnumDescriptorProto$Builder                : loaded 2 times (x 310B)
Class com.android.build.gradle.internal.profile.AnalyticsService$Params_Decorated     : loaded 2 times (x 147B)
Class com.google.wireless.android.sdk.stats.GradleBuildVariantOrBuilder               : loaded 2 times (x 66B)
Class com.android.sdklib.AndroidVersion                                               : loaded 2 times (x 71B)
Class com.android.build.api.variant.GeneratesApkBuilder                               : loaded 2 times (x 66B)
Class com.android.Version                                                             : loaded 2 times (x 67B)
Class jdk.internal.jimage.decompressor.StringSharingDecompressorFactory               : loaded 2 times (x 70B)
Class jdk.internal.jimage.ImageBufferCache                                            : loaded 2 times (x 67B)
Class jdk.internal.jrtfs.JrtPath                                                      : loaded 2 times (x 114B)
Class com.amazon.ion.IonSystem                                                        : loaded 2 times (x 66B)
Class com.amazon.ion.impl.bin.IonManagedBinaryWriter$ImportedSymbolContext            : loaded 2 times (x 68B)
Class kotlin.text.MatchResult$DefaultImpls                                            : loaded 2 times (x 67B)
Class org.gradle.tooling.model.idea.IdeaCompilerOutput                                : loaded 2 times (x 66B)
Class org.gradle.tooling.model.ProjectIdentifier                                      : loaded 2 times (x 66B)
Class org.gradle.internal.classloader.ClasspathUtil                                   : loaded 2 times (x 67B)
Class com.android.build.gradle.internal.GradleLocalPropertiesFactory                  : loaded 2 times (x 67B)
Class com.android.build.gradle.internal.tasks.factory.TaskManagerConfig               : loaded 2 times (x 66B)
Class com.android.build.gradle.internal.dsl.ApplicationPublishingImpl$AgpDecorated_Decorated: loaded 2 times (x 126B)
Class com.google.common.base.Charsets                                                 : loaded 2 times (x 67B)
Class com.android.build.api.dsl.ComposeOptions                                        : loaded 2 times (x 66B)
Class com.android.build.gradle.internal.dsl.NdkOptions$DebugSymbolLevel               : loaded 2 times (x 75B)
Class com.android.build.api.dsl.VectorDrawables                                       : loaded 2 times (x 66B)
Class com.android.build.gradle.internal.dsl.ViewBindingOptionsImpl                    : loaded 2 times (x 80B)
Class com.android.build.gradle.internal.dsl.ResourcesPackagingImpl                    : loaded 2 times (x 78B)
Class com.android.build.gradle.internal.dsl.BundleOptions                             : loaded 2 times (x 131B)
Class com.android.build.gradle.internal.SdkComponentsBuildService$Parameters          : loaded 2 times (x 66B)
Class com.android.build.gradle.internal.services.AndroidLocationsBuildService$androidLocations$1$1: loaded 2 times (x 71B)
Class com.google.wireless.android.sdk.stats.GradleBuildProfileSpan$Builder            : loaded 2 times (x 312B)
Class com.google.protobuf.DescriptorProtos$EnumDescriptorProto                        : loaded 2 times (x 210B)
Class com.android.build.gradle.options.Option                                         : loaded 2 times (x 66B)
Class com.android.build.gradle.options.FeatureStage$Supported                         : loaded 2 times (x 68B)
Class com.google.common.util.concurrent.MoreExecutors                                 : loaded 2 times (x 67B)
Class com.android.builder.model.v2.ide.ProjectType                                    : loaded 2 times (x 75B)
Class com.intellij.gradle.toolingExtension.impl.model.sourceSetModel.GradleSourceSetSerialisationService: loaded 2 times (x 73B)
Class com.android.build.gradle.internal.TaskManager$ConfigAttrTask                    : loaded 2 times (x 308B)
Class com.android.builder.core.AbstractBuildType$Companion                            : loaded 2 times (x 67B)
Class com.android.builder.testing.api.TestServer                                      : loaded 2 times (x 70B)
Class com.android.build.gradle.internal.dsl.ShaderOptions_Decorated                   : loaded 2 times (x 127B)
Class com.android.build.api.dsl.KmpOptimization                                       : loaded 2 times (x 66B)
Class com.android.build.gradle.internal.dsl.decorator.SupportedPropertyType$Var       : loaded 2 times (x 70B)
Class com.android.builder.signing.DefaultSigningConfig                                : loaded 2 times (x 105B)
Class com.android.build.gradle.internal.services.LintClassLoaderBuildService$RegistrationAction: loaded 2 times (x 70B)
Class com.android.build.gradle.internal.utils.GradleEnvironmentProvider               : loaded 2 times (x 66B)
Class [Lcom.google.wireless.android.sdk.stats.GradleBuildProfileSpan$ExecutionType;   : loaded 2 times (x 65B)
Class com.google.protobuf.SmallSortedMap$EmptySet                                     : loaded 2 times (x 67B)
Class com.google.protobuf.ByteString$2                                                : loaded 2 times (x 87B)
Class com.android.build.gradle.options.SyncOptions                                    : loaded 2 times (x 67B)
Class com.android.tools.analytics.HostData$garbageCollectorBeans$2                    : loaded 2 times (x 74B)
Class com.android.build.gradle.internal.utils.AnalyticsSettingsUtils$analyticsEnabledProvider$1: loaded 2 times (x 70B)
Class com.google.gson.TypeAdapterFactory                                              : loaded 2 times (x 66B)
Class com.android.utils.Environment$Companion$SYSTEM$1                                : loaded 2 times (x 70B)
Class com.android.build.gradle.internal.TaskManager                                   : loaded 2 times (x 78B)
Class com.android.build.gradle.AppPluginKt                                            : loaded 2 times (x 67B)
Class org.gradle.accessors.dm.LibrariesForLibsInPluginsBlock$AndroidxLifecycleRuntimeLibraryAccessors: loaded 2 times (x 73B)
Class com.amazon.ion.impl.lite.IonIntLite                                             : loaded 2 times (x 185B)
Class com.amazon.ion.util._Private_FastAppendable                                     : loaded 2 times (x 66B)
Class [Lcom.amazon.ion.impl.bin.IonRawBinaryWriter$PreallocationMode;                 : loaded 2 times (x 65B)
Class org.gradle.internal.time.TimeSource$1                                           : loaded 2 times (x 73B)
Class kotlin.jvm.internal.DefaultConstructorMarker                                    : loaded 2 times (x 67B)
Class org.gradle.api.specs.Spec                                                       : loaded 2 times (x 66B)
Class com.android.build.gradle.internal.tasks.factory.TaskConfigAction                : loaded 2 times (x 66B)
Class com.android.build.gradle.internal.dsl.AndroidTestImpl$AgpDecorated_Decorated    : loaded 2 times (x 121B)
Class com.android.build.gradle.internal.ide.v2.NativeModelBuilder$configurationModels$2: loaded 2 times (x 75B)
Class com.android.build.api.artifact.impl.ScopedArtifactsImpl                         : loaded 2 times (x 71B)
Class com.android.build.api.artifact.impl.ArtifactsImpl                               : loaded 2 times (x 77B)
Class com.android.build.gradle.internal.core.ToolExecutionOptions                     : loaded 2 times (x 68B)
Class com.android.build.gradle.LintLifecycleExtensionImpl                             : loaded 2 times (x 76B)
Class com.android.build.gradle.internal.api.artifact.SourceArtifactType$JNI_LIBS      : loaded 2 times (x 70B)
Class com.android.build.gradle.internal.dsl.CoreShaderOptions                         : loaded 2 times (x 66B)
Class com.android.build.gradle.internal.dsl.AgpDslLockedException                     : loaded 2 times (x 78B)
Class com.android.build.gradle.internal.plugins.BasePlugin$variantInputModel$2$1      : loaded 2 times (x 75B)
Class com.android.build.gradle.internal.services.Aapt2DaemonBuildService              : loaded 2 times (x 76B)
Class com.android.build.gradle.internal.ide.v2.GlobalSyncService                      : loaded 2 times (x 76B)
Class [Lcom.google.protobuf.ProtocolMessageEnum;                                      : loaded 2 times (x 65B)
Class com.google.protobuf.LazyStringArrayList                                         : loaded 2 times (x 310B)
Class com.android.build.gradle.internal.scope.ProjectInfo                             : loaded 2 times (x 68B)
Class com.google.gson.internal.sql.SqlDateTypeAdapter                                 : loaded 2 times (x 70B)
Class com.google.gson.internal.bind.JsonTreeReader                                    : loaded 2 times (x 94B)
Class com.android.build.api.variant.HasAndroidResources                               : loaded 2 times (x 66B)
Class com.android.build.gradle.internal.component.VariantCreationConfig               : loaded 2 times (x 66B)
Class com.android.build.api.variant.VariantBuilder                                    : loaded 2 times (x 66B)
Class com.android.build.gradle.internal.dsl.InternalApplicationExtension              : loaded 2 times (x 66B)
Class jdk.internal.jimage.ImageReader$SharedImageReader$LocationVisitor               : loaded 2 times (x 66B)
Class com.amazon.ion.impl.lite.IonSexpLite                                            : loaded 2 times (x 486B)
Class com.amazon.ion.impl.lite.IonListLite                                            : loaded 2 times (x 486B)
Class com.amazon.ion.IonFloat                                                         : loaded 2 times (x 66B)
Class com.android.builder.errors.IssueReporter$Type                                   : loaded 2 times (x 75B)
Class com.android.build.gradle.api.AndroidBasePlugin                                  : loaded 2 times (x 70B)
Class com.android.build.gradle.internal.plugins.AppPlugin$ApplicationAndroidComponentsExtensionImplCompat_Decorated: loaded 2 times (x 155B)
Class com.android.build.gradle.internal.dsl.AbiSplitOptions$AgpDecorated              : loaded 2 times (x 94B)
Class com.android.build.api.artifact.Artifact$Category                                : loaded 2 times (x 75B)
Class com.android.build.gradle.internal.dsl.FusedLibraryExtensionImpl                 : loaded 2 times (x 86B)
Class com.android.build.gradle.internal.dsl.BundleOptionsAiModelVersion               : loaded 2 times (x 77B)
Class com.android.build.api.dsl.Publishing                                            : loaded 2 times (x 66B)
Class com.android.build.gradle.internal.BuildFeaturesUtils                            : loaded 2 times (x 67B)
Class [Lcom.android.build.gradle.internal.profile.AnalyticsConfiguratorService$State; : loaded 2 times (x 65B)
Class com.google.gson.internal.bind.TypeAdapters$30                                   : loaded 2 times (x 72B)
Class com.google.protobuf.UninitializedMessageException                               : loaded 2 times (x 80B)
Class com.amazon.ion.impl.LocalSymbolTable$Factory                                    : loaded 2 times (x 73B)
Class com.amazon.ion.impl.bin.IonManagedBinaryWriter$ImportedSymbolResolverMode       : loaded 2 times (x 76B)
Class com.intellij.gradle.toolingExtension.impl.model.buildScriptClasspathModel.GradleBuildScriptClasspathSerializationService: loaded 2 times (x 73B)
Class com.android.utils.ILogger                                                       : loaded 2 times (x 66B)
Class com.android.build.gradle.internal.plugins.BasePlugin$createTasks$2$1            : loaded 2 times (x 71B)
Class com.android.build.gradle.internal.ide.v2.NativeModelBuilder                     : loaded 2 times (x 83B)
Class com.android.build.gradle.api.BaseVariant                                        : loaded 2 times (x 66B)
Class com.android.build.gradle.internal.dsl.TestOptions$UnitTestOptions               : loaded 2 times (x 80B)
Class com.android.build.api.dsl.MultiDexConfig                                        : loaded 2 times (x 66B)
Class com.android.build.gradle.internal.dsl.AbiSplitOptions                           : loaded 2 times (x 91B)
Class com.google.protobuf.Descriptors$ServiceDescriptor                               : loaded 2 times (x 72B)
Class com.google.protobuf.GeneratedMessageV3$1                                        : loaded 2 times (x 74B)
Class com.google.wireless.android.sdk.stats.GradleBuildProject$1                      : loaded 2 times (x 72B)
Class com.android.build.gradle.internal.profile.AnalyticsConfiguratorService$Params   : loaded 2 times (x 66B)
Class com.android.build.gradle.internal.lint.LintFromMaven                            : loaded 2 times (x 68B)
Class com.google.gson.internal.bind.ReflectiveTypeAdapterFactory$RecordAdapter        : loaded 2 times (x 73B)
Class com.google.protobuf.GeneratedMessageV3$Builder$BuilderParentImpl                : loaded 2 times (x 74B)
Class jdk.internal.jimage.decompressor.ResourceDecompressorRepository                 : loaded 2 times (x 67B)
Class com.amazon.ion.impl.LocalSymbolTableAsStruct                                    : loaded 2 times (x 122B)
Class com.amazon.ion.impl.lite.IonTimestampLite                                       : loaded 2 times (x 188B)
Class org.jetbrains.plugins.gradle.model.FileCollectionDependency                     : loaded 2 times (x 66B)
Class org.gradle.internal.impldep.gnu.trove.TObjectHashingStrategy                    : loaded 2 times (x 66B)
Class com.intellij.gradle.toolingExtension.impl.model.utilDummyModel.DummyModel       : loaded 2 times (x 66B)
Class org.gradle.internal.time.Clock                                                  : loaded 2 times (x 66B)
Class com.android.utils.NullLogger                                                    : loaded 2 times (x 81B)
Class com.android.build.gradle.internal.ide.v2.ModelBuilder                           : loaded 2 times (x 76B)
Class com.android.build.gradle.internal.dsl.JniLibsPackagingImpl$AgpDecorated         : loaded 2 times (x 89B)
Class com.android.build.api.artifact.ArtifactKind$FILE                                : loaded 2 times (x 68B)
Class com.android.build.gradle.internal.dsl.AnnotationProcessorOptions                : loaded 2 times (x 98B)
Class com.android.build.gradle.internal.dsl.AarMetadataImpl                           : loaded 2 times (x 66B)
Class com.android.build.gradle.internal.dsl.decorator.SupportedPropertyType$Var$Boolean: loaded 2 times (x 70B)
Class com.android.build.gradle.internal.dsl.VariantDimensionBinaryCompatibilityFix    : loaded 2 times (x 66B)
Class com.android.build.gradle.internal.utils.GradleEnvironmentProviderImpl           : loaded 2 times (x 72B)
Class com.google.protobuf.Descriptors$DescriptorPool                                  : loaded 2 times (x 68B)
Class com.google.wireless.android.sdk.stats.GradleBuildProject$2                      : loaded 2 times (x 147B)
Class com.google.protobuf.Internal$LongList                                           : loaded 2 times (x 66B)
Class com.google.gson.internal.$Gson$Types                                            : loaded 2 times (x 67B)
Class com.google.gson.JsonDeserializer                                                : loaded 2 times (x 66B)
Class com.google.gson.JsonIOException                                                 : loaded 2 times (x 78B)
Class com.android.build.gradle.internal.dsl.InternalBuildType                         : loaded 2 times (x 66B)
Class com.android.build.gradle.options.OptionalBooleanOption                          : loaded 2 times (x 82B)
Class com.android.build.gradle.internal.plugins.BasePlugin$variantInputModel$2        : loaded 2 times (x 75B)
Class com.android.build.gradle.internal.variant.ApplicationVariantFactory             : loaded 2 times (x 102B)
Class jdk.internal.jimage.ImageReader$Directory                                       : loaded 2 times (x 80B)
Class org.gradle.accessors.dm.LibrariesForLibsInPluginsBlock                          : loaded 2 times (x 82B)
Class com.amazon.ion.IonString                                                        : loaded 2 times (x 66B)
Class org.jetbrains.plugins.gradle.model.GradleSourceSetDependencyModel               : loaded 2 times (x 66B)
Class com.google.common.collect.CompoundOrdering                                      : loaded 2 times (x 111B)
Class kotlin.sequences.SequencesKt__SequencesJVMKt                                    : loaded 2 times (x 67B)
Class kotlin.coroutines.jvm.internal.RestrictedSuspendLambda                          : loaded 2 times (x 87B)
Class org.gradle.tooling.internal.adapter.TypeInspector                               : loaded 2 times (x 69B)
Class org.gradle.tooling.internal.adapter.ProtocolToModelAdapter$NoOpDecoration       : loaded 2 times (x 75B)
Class org.gradle.tooling.model.Element                                                : loaded 2 times (x 66B)
Class kotlin.collections.AbstractList                                                 : loaded 2 times (x 193B)
Class kotlin.collections.AbstractCollection                                           : loaded 2 times (x 113B)
Class com.android.build.gradle.internal.utils.SdkUtilsKt                              : loaded 2 times (x 67B)
Class com.android.build.gradle.internal.lint.AndroidLintGlobalTask$GlobalCreationAction: loaded 2 times (x 87B)
Class com.android.build.gradle.internal.api.VariantFilter                             : loaded 2 times (x 76B)
Class com.android.build.gradle.internal.dsl.BundleOptionsTexture$AgpDecorated         : loaded 2 times (x 81B)
Class com.android.build.gradle.internal.dsl.TestFixturesImpl_Decorated                : loaded 2 times (x 123B)
Class com.android.build.api.dsl.ManagedVirtualDevice                                  : loaded 2 times (x 66B)
Class com.android.build.gradle.internal.coverage.JacocoOptions                        : loaded 2 times (x 81B)
Class com.android.build.api.dsl.TestOptions                                           : loaded 2 times (x 66B)
Class com.android.build.api.dsl.SdkComponents                                         : loaded 2 times (x 66B)
Class com.android.build.api.artifact.ArtifactKind$DIRECTORY                           : loaded 2 times (x 68B)
Class com.android.build.gradle.internal.dsl.SigningConfig                             : loaded 2 times (x 143B)
Class com.android.build.api.dsl.AbiSplit                                              : loaded 2 times (x 66B)
Class com.android.build.api.dsl.LibraryVariantDimension                               : loaded 2 times (x 66B)
Class com.android.build.gradle.internal.services.FakeDependencyJarBuildService$RegistrationAction: loaded 2 times (x 70B)
Class com.android.utils.EnvironmentProvider                                           : loaded 2 times (x 66B)
Class com.google.protobuf.DescriptorProtos$EnumDescriptorProtoOrBuilder               : loaded 2 times (x 66B)
Class [Lcom.google.wireless.android.sdk.stats.GradleBuildProject$PluginType;          : loaded 2 times (x 65B)
Class com.android.ide.common.signing.KeytoolException                                 : loaded 2 times (x 80B)
Class com.google.common.util.concurrent.AbstractFuture$SynchronizedHelper             : loaded 2 times (x 74B)
Class com.google.protobuf.InvalidProtocolBufferException                              : loaded 2 times (x 84B)
Class com.google.common.collect.EnumHashBiMap                                         : loaded 2 times (x 155B)
Class org.jetbrains.kotlin.tooling.core.Extras                                        : loaded 2 times (x 66B)
Class com.amazon.ion.BufferConfiguration                                              : loaded 2 times (x 69B)
Class com.amazon.ion.system.SimpleCatalog                                             : loaded 2 times (x 87B)
Class com.intellij.gradle.toolingExtension.impl.model.taskModel.GradleTaskSerialisationService: loaded 2 times (x 72B)
Class com.android.ide.gradle.model.LegacyV1AgpVersionModel                            : loaded 2 times (x 66B)
Class com.google.common.collect.ImmutableRangeSet$Builder                             : loaded 2 times (x 73B)
Class kotlin.text.Regex                                                               : loaded 2 times (x 68B)
Class kotlin.sequences.SequencesKt__SequenceBuilderKt$sequence$$inlined$Sequence$1    : loaded 2 times (x 71B)
Class com.google.wireless.android.sdk.stats.GradleBuildProject$CompileOptions$1       : loaded 2 times (x 147B)
Class com.android.build.api.variant.ScopedArtifacts$Scope                             : loaded 2 times (x 75B)
Class com.android.build.gradle.internal.dsl.BundleOptions$AgpDecorated_Decorated      : loaded 2 times (x 191B)
Class com.android.build.gradle.internal.dsl.AbiSplitOptions$AgpDecorated_Decorated    : loaded 2 times (x 140B)
Class com.android.build.gradle.internal.CompileOptions$AgpDecorated                   : loaded 2 times (x 93B)
Class com.android.build.gradle.internal.dsl.BuildFeaturesImpl                         : loaded 2 times (x 106B)
Class com.android.build.gradle.internal.dsl.ExternalNativeNdkBuildOptions             : loaded 2 times (x 105B)
Class com.android.build.gradle.internal.dsl.CmakeOptions                              : loaded 2 times (x 94B)
Class com.android.build.api.dsl.TestDefaultConfig                                     : loaded 2 times (x 66B)
Class com.google.wireless.android.sdk.stats.GradleBuildVariant$VariantType$1          : loaded 2 times (x 72B)
Class com.android.build.gradle.internal.errors.OptionInfo                             : loaded 2 times (x 68B)
Class com.android.build.gradle.internal.services.AndroidLocationsBuildService$AndroidDirectoryCreator$Params_Decorated: loaded 2 times (x 128B)
Class com.android.build.gradle.internal.ide.v2.GlobalSyncService$RegistrationAction   : loaded 2 times (x 70B)
Class com.android.build.gradle.internal.ide.dependencies.MavenCoordinatesCacheBuildService$Parameters: loaded 2 times (x 66B)
Class com.google.protobuf.Extension                                                   : loaded 2 times (x 81B)
Class com.google.wireless.android.sdk.stats.GradleBuildProfile                        : loaded 2 times (x 244B)
Class com.google.protobuf.MessageOrBuilder                                            : loaded 2 times (x 66B)
Class com.google.gson.LongSerializationPolicy$1                                       : loaded 2 times (x 76B)
Class sync_studio_tooling3_4yqn3ak6qr28qd3h3xwrdf1tc$_run_closure1                    : loaded 2 times (x 135B)
Class org.jetbrains.plugins.gradle.tooling.util.IntObjectMap$1                        : loaded 2 times (x 73B)
Class org.gradle.internal.impldep.com.google.common.base.Preconditions                : loaded 2 times (x 67B)
Class org.gradle.tooling.model.internal.ImmutableDomainObjectSet                      : loaded 2 times (x 151B)
Class org.gradle.internal.classloader.VisitableURLClassLoader$InstrumentingVisitableURLClassLoader: loaded 2 times (x 119B)
Class com.android.build.gradle.internal.tasks.ExtractProguardFiles$CreationAction     : loaded 2 times (x 86B)
Class com.android.build.gradle.internal.dsl.BundleOptionsAiModelVersion$AgpDecorated_Decorated: loaded 2 times (x 126B)
Class com.android.build.gradle.internal.variant.LegacyVariantInputManager$1           : loaded 2 times (x 71B)
Class com.android.builder.internal.BaseConfigImpl$Companion                           : loaded 2 times (x 67B)
Class com.android.build.gradle.internal.dsl.decorator.SupportedPropertyType$Var$NullableInt: loaded 2 times (x 70B)
Class com.google.protobuf.DescriptorProtos$UninterpretedOption                        : loaded 2 times (x 209B)
Class com.android.build.gradle.internal.dsl.BaselineProfileImpl$AgpDecorated_Decorated: loaded 2 times (x 124B)
Class com.android.build.gradle.internal.profile.AnalyticsService$RegistrationAction   : loaded 2 times (x 71B)
Class com.google.gson.LongSerializationPolicy$2                                       : loaded 2 times (x 76B)
Class com.android.build.gradle.internal.errors.DeprecationReporter$DeprecationTarget  : loaded 2 times (x 75B)
Class com.android.build.gradle.internal.core.dsl.features.DeviceTestOptionsDslInfo    : loaded 2 times (x 66B)
Class com.android.build.gradle.internal.plugins.BasePlugin$sdkComponentsBuildService$2: loaded 2 times (x 75B)
Class com.android.build.gradle.internal.core.dsl.TestedVariantDslInfo                 : loaded 2 times (x 66B)
Class com.android.build.gradle.internal.variant.AbstractAppVariantFactory             : loaded 2 times (x 102B)
Class com.android.utils.FileUtils                                                     : loaded 2 times (x 67B)
Class [Lcom.amazon.ion.impl.bin.IonRawBinaryWriter$StreamFlushMode;                   : loaded 2 times (x 65B)
Class com.amazon.ion.UnsupportedIonVersionException                                   : loaded 2 times (x 81B)
Class kotlin.ranges.RangesKt__RangesKt                                                : loaded 2 times (x 67B)
Class kotlin.collections.SetsKt___SetsKt                                              : loaded 2 times (x 67B)
Class kotlin.sequences.SequencesKt__SequencesKt                                       : loaded 2 times (x 67B)
Class kotlin.coroutines.Continuation                                                  : loaded 2 times (x 66B)
Class org.gradle.internal.classloader.VisitableURLClassLoader$Spec                    : loaded 2 times (x 70B)
Class org.gradle.internal.classpath.DefaultClassPath                                  : loaded 2 times (x 86B)
Class com.android.build.gradle.internal.tasks.factory.GlobalTaskNamesImpl             : loaded 2 times (x 77B)
Class com.android.build.gradle.internal.services.FakeDependencyJarBuildService$Inject_: loaded 2 times (x 98B)
Class com.android.build.gradle.internal.variant.LegacyVariantInputManager$2           : loaded 2 times (x 70B)
Class org.gradle.tooling.internal.adapter.TargetTypeProvider                          : loaded 2 times (x 66B)
Class com.android.build.api.dsl.Splits                                                : loaded 2 times (x 66B)
Class com.android.build.gradle.internal.dsl.BundleOptionsStoreArchive                 : loaded 2 times (x 73B)
Class com.google.wireless.android.sdk.stats.GradleTaskExecutionOrBuilder              : loaded 2 times (x 66B)
Class com.google.protobuf.Utf8$Processor                                              : loaded 2 times (x 73B)
Class com.google.protobuf.Reader                                                      : loaded 2 times (x 66B)
Class com.google.common.collect.Maps$UnmodifiableBiMap                                : loaded 2 times (x 149B)
Class org.gradle.kotlin.dsl.Accessors4peqkolg83a8rpss92bksm3rrKt                      : loaded 2 times (x 67B)
Class [Lorg.jetbrains.kotlin.build.report.metrics.GradleBuildTime;                    : loaded 2 times (x 65B)
Class sync_studio_tooling13787_c0vxhlhqtyjq9jru0wmmwhsek$_run_closure1                : loaded 2 times (x 135B)
Class jdk.internal.jimage.decompressor.ZipDecompressorFactory                         : loaded 2 times (x 70B)
Class com.amazon.ion.impl.bin.IonManagedBinaryWriter$SymbolState                      : loaded 2 times (x 76B)
Class com.amazon.ion.IonStruct                                                        : loaded 2 times (x 66B)
Class org.jetbrains.plugins.gradle.model.GradleBuildScriptClasspathModel              : loaded 2 times (x 66B)
Class kotlin.coroutines.jvm.internal.BaseContinuationImpl                             : loaded 2 times (x 83B)
Class kotlin.Result$Companion                                                         : loaded 2 times (x 67B)
Class org.gradle.util.internal.DefaultGradleVersion                                   : loaded 2 times (x 76B)
Class com.android.build.gradle.internal.dsl.PackagingOptions$AgpDecorated             : loaded 2 times (x 111B)
Class com.android.build.api.dsl.EmulatorControl                                       : loaded 2 times (x 66B)
Class com.android.build.gradle.internal.variant.LegacyVariantInputManager$3           : loaded 2 times (x 71B)
Class com.android.build.gradle.internal.dsl.AarMetadataImpl$AgpDecorated_Decorated    : loaded 2 times (x 133B)
Class com.android.build.gradle.internal.dsl.CoreNdkOptions                            : loaded 2 times (x 66B)
Class com.android.build.gradle.internal.dsl.decorator.AndroidPluginDslDecoratorKt     : loaded 2 times (x 67B)
Class [Lcom.android.tools.build.gradle.internal.profile.IntegerOption;                : loaded 2 times (x 65B)
Class com.google.wireless.android.sdk.stats.GradleIntegerOptionEntry$Builder          : loaded 2 times (x 293B)
Class com.google.common.base.CharMatcher$Ascii                                        : loaded 2 times (x 108B)
Class org.jetbrains.plugins.gradle.model.AnnotationProcessingModel                    : loaded 2 times (x 66B)
Class com.google.protobuf.AbstractMessage$BuilderParent                               : loaded 2 times (x 66B)
Class [Lcom.google.gson.Strictness;                                                   : loaded 2 times (x 65B)
Class com.google.gson.reflect.TypeToken                                               : loaded 2 times (x 71B)
Class org.jetbrains.plugins.gradle.model.GradleExtensions                             : loaded 2 times (x 66B)
Class com.amazon.ion.system.IonBinaryWriterBuilder                                    : loaded 2 times (x 95B)
Class com.android.build.gradle.internal.plugins.BasePlugin$bootClasspathConfig$2      : loaded 2 times (x 75B)
Class com.android.build.gradle.internal.plugins.AndroidPluginBaseServices$settingsExtension$2: loaded 2 times (x 75B)
Class org.gradle.internal.classloader.ClassLoaderSpec                                 : loaded 2 times (x 67B)
Class com.android.build.gradle.internal.plugins.BasePlugin$createAndroidTasks$1       : loaded 2 times (x 73B)
Class com.android.build.gradle.internal.lint.AndroidLintGlobalTask$LintFixCreationAction: loaded 2 times (x 87B)
Class com.android.build.gradle.internal.lint.AndroidLintGlobalTask$BaseGlobalCreationAction: loaded 2 times (x 87B)
Class com.android.build.gradle.ProguardFiles                                          : loaded 2 times (x 67B)
Class com.android.builder.core.DefaultDexOptions                                      : loaded 2 times (x 95B)
Class com.android.build.gradle.api.ApkVariant                                         : loaded 2 times (x 66B)
Class com.android.build.gradle.internal.dsl.ResourcesPackagingImpl$AgpDecorated_Decorated: loaded 2 times (x 125B)
Class com.android.build.gradle.internal.variant.LegacyVariantInputManager$4           : loaded 2 times (x 70B)
Class com.android.build.gradle.internal.api.artifact.SourceArtifactType$RENDERSCRIPT  : loaded 2 times (x 70B)
Class com.android.build.gradle.internal.dsl.NdkOptions_Decorated                      : loaded 2 times (x 162B)
Class com.android.build.gradle.internal.dsl.decorator.DslDecorator$ManagedProperty    : loaded 2 times (x 68B)
Class com.amazon.ion.impl.bin.IonManagedBinaryWriter$UserState$4                      : loaded 2 times (x 81B)
Class com.android.prefs.VariableType                                                  : loaded 2 times (x 75B)
Class com.google.protobuf.ByteString                                                  : loaded 2 times (x 97B)
Class org.jetbrains.plugins.gradle.model.UnresolvedExternalDependency                 : loaded 2 times (x 66B)
Class com.android.tools.analytics.Environment                                         : loaded 2 times (x 69B)
Class com.android.build.gradle.internal.errors.DeprecationReporter                    : loaded 2 times (x 66B)
Class com.google.gson.internal.sql.SqlTimestampTypeAdapter$1                          : loaded 2 times (x 71B)
Class com.google.gson.JsonPrimitive                                                   : loaded 2 times (x 89B)
Class com.android.build.gradle.options.ApiStage$Stable                                : loaded 2 times (x 68B)
Class com.android.build.gradle.internal.crash.CrashReporting                          : loaded 2 times (x 67B)
Class com.android.build.api.variant.Component                                         : loaded 2 times (x 66B)
Class org.gradle.accessors.dm.LibrariesForLibs$AndroidxEspressoLibraryAccessors       : loaded 2 times (x 73B)
Class org.gradle.accessors.dm.LibrariesForLibs$VersionAccessors                       : loaded 2 times (x 88B)
Class com.amazon.ion.impl.IonWriterSystemTextMarkup                                   : loaded 2 times (x 188B)
Class com.amazon.ion.impl.bin.BlockAllocator                                          : loaded 2 times (x 76B)
Class kotlin.jvm.internal.FunctionReferenceImpl                                       : loaded 2 times (x 118B)
Class kotlin.collections.CollectionsKt___CollectionsJvmKt                             : loaded 2 times (x 67B)
Class com.android.build.api.variant.Aidl                                              : loaded 2 times (x 66B)
Class com.android.build.gradle.internal.tasks.factory.BootClasspathConfigImpl$fullBootClasspath$2: loaded 2 times (x 75B)
Class com.android.build.gradle.internal.dsl.BundleOptionsDeviceGroup$AgpDecorated     : loaded 2 times (x 81B)
Class com.android.build.gradle.internal.dsl.EmulatorControl                           : loaded 2 times (x 79B)
Class com.android.build.gradle.internal.dsl.TestOptions_Decorated                     : loaded 2 times (x 175B)
Class com.android.build.gradle.internal.variant.LegacyVariantInputManager$5           : loaded 2 times (x 71B)
Class com.android.build.gradle.internal.services.GlobalServiceRegistrationAction$execute$globalService$1: loaded 2 times (x 71B)
Class com.android.build.gradle.api.ViewBindingOptions                                 : loaded 2 times (x 66B)
Class com.android.build.api.dsl.Split                                                 : loaded 2 times (x 66B)
Class com.android.build.api.dsl.LibraryDefaultConfig                                  : loaded 2 times (x 66B)
Class [Lcom.android.builder.model.v2.ide.ProjectType;                                 : loaded 2 times (x 65B)
Class com.google.protobuf.DescriptorProtos$EnumDescriptorProto$EnumReservedRange      : loaded 2 times (x 193B)
Class com.google.protobuf.DescriptorProtos$FileDescriptorProto$Builder                : loaded 2 times (x 337B)
Class com.android.build.gradle.options.FeatureStage$Enforced                          : loaded 2 times (x 68B)
Class com.google.protobuf.Internal$ListAdapter$Converter                              : loaded 2 times (x 66B)
Class com.google.gson.stream.MalformedJsonException                                   : loaded 2 times (x 78B)
Class com.android.tools.analytics.CommonMetricsData$GarbageCollectionStatsDiffs       : loaded 2 times (x 67B)
Class com.google.gson.JsonElement                                                     : loaded 2 times (x 88B)
Class com.android.build.gradle.options.Version                                        : loaded 2 times (x 75B)
Class com.android.build.gradle.internal.plugins.BasePlugin$versionedSdkLoaderService$2: loaded 2 times (x 75B)
Class com.android.build.gradle.internal.plugins.AppPlugin$1                           : loaded 2 times (x 82B)
Class Settings_gradle$1$1                                                             : loaded 2 times (x 70B)
Class com.amazon.ion.impl._Private_RecyclingQueue                                     : loaded 2 times (x 76B)
Class com.amazon.ion.system.IonWriterBuilderBase                                      : loaded 2 times (x 79B)
Class kotlin.TuplesKt                                                                 : loaded 2 times (x 67B)
Class kotlin.jvm.internal.markers.KMutableIterable                                    : loaded 2 times (x 66B)
Class kotlin.sequences.SequencesKt___SequencesJvmKt                                   : loaded 2 times (x 67B)
Class org.gradle.tooling.internal.adapter.ProtocolToModelAdapter$DefaultViewBuilder   : loaded 2 times (x 76B)
Class kotlin.Unit                                                                     : loaded 2 times (x 67B)
Class com.android.build.gradle.internal.lint.AndroidLintGlobalTask$UpdateBaselineCreationAction: loaded 2 times (x 87B)
Class com.android.build.gradle.internal.ide.v2.ModelBuilder$Companion                 : loaded 2 times (x 67B)
Class com.android.build.gradle.internal.api.TestedVariant                             : loaded 2 times (x 66B)
Class com.android.build.gradle.internal.variant.LegacyVariantInputManager$6           : loaded 2 times (x 70B)
Class com.android.build.gradle.internal.res.Aapt2FromMaven                            : loaded 2 times (x 68B)
Class com.android.build.gradle.internal.services.Aapt2ThreadPoolBuildServiceKt        : loaded 2 times (x 67B)
Class com.google.wireless.android.sdk.stats.GradleBuildSplits                         : loaded 2 times (x 215B)
Class com.android.tools.analytics.HostData$memoryBean$2                               : loaded 2 times (x 74B)
Class com.android.build.gradle.internal.res.Aapt2FromMaven$Companion                  : loaded 2 times (x 67B)
Class com.google.gson.internal.bind.CollectionTypeAdapterFactory                      : loaded 2 times (x 71B)
Class com.android.build.gradle.options.SyncOptions$ErrorFormatMode                    : loaded 2 times (x 75B)
Class com.android.build.gradle.internal.errors.SyncIssueReporter                      : loaded 2 times (x 72B)
Class com.android.build.gradle.internal.plugins.AppPlugin$2                           : loaded 2 times (x 82B)
Class com.android.build.gradle.internal.dsl.InternalTestedExtension                   : loaded 2 times (x 66B)
Class kotlin.ranges.RangesKt                                                          : loaded 2 times (x 67B)
Class org.gradle.tooling.internal.adapter.ProtocolToModelAdapter$ViewGraphDetails$1   : loaded 2 times (x 73B)
Class org.gradle.internal.classloader.VisitableURLClassLoader                         : loaded 2 times (x 113B)
Class com.android.build.gradle.internal.tasks.factory.TaskFactory                     : loaded 2 times (x 66B)
Class com.android.builder.core.DexOptions                                             : loaded 2 times (x 66B)
Class com.android.build.gradle.internal.dsl.LintImpl$AgpDecorated                     : loaded 2 times (x 215B)
Class com.android.build.gradle.internal.api.DefaultAndroidSourceSet                   : loaded 2 times (x 228B)
Class com.google.common.base.Converter$FunctionBasedConverter                         : loaded 2 times (x 86B)
Class com.android.build.gradle.internal.dependency.SourceSetManager                   : loaded 2 times (x 68B)
Class com.android.prefs.AbstractAndroidLocations                                      : loaded 2 times (x 78B)
Class com.google.protobuf.DescriptorProtos$FeatureSet                                 : loaded 2 times (x 247B)
Class com.google.protobuf.DescriptorProtos$EnumDescriptorProto$EnumReservedRangeOrBuilder: loaded 2 times (x 66B)
Class com.google.protobuf.IntArrayList                                                : loaded 2 times (x 258B)
Class com.google.common.util.concurrent.AbstractFuture$Waiter                         : loaded 2 times (x 68B)
Class com.google.protobuf.ExtensionRegistryLite                                       : loaded 2 times (x 70B)
Class com.google.wireless.android.sdk.stats.GradleBuildMemorySample$Builder           : loaded 2 times (x 299B)
Class com.android.build.gradle.internal.plugins.AndroidPluginBaseServices$optionService$2: loaded 2 times (x 75B)
Class com.android.build.api.variant.AndroidComponentsExtension                        : loaded 2 times (x 66B)
Class org.gradle.accessors.dm.LibrariesForLibsInPluginsBlock$OkhttpLibraryAccessors   : loaded 2 times (x 79B)
Class Settings_gradle                                                                 : loaded 2 times (x 120B)
Class com.amazon.ion.impl.bin.IonRawBinaryWriter$1                                    : loaded 2 times (x 73B)
Class [Lcom.amazon.ion.SymbolTable;                                                   : loaded 2 times (x 65B)
Class com.amazon.ion.impl.bin.IonBinaryWriterAdapter$Factory                          : loaded 2 times (x 66B)
Class com.amazon.ion.impl.BlockedBuffer$BufferedOutputStream                          : loaded 2 times (x 86B)
Class org.jetbrains.plugins.gradle.tooling.serialization.ExternalTestsSerializationService$ReadContext: loaded 2 times (x 68B)
Class kotlin.collections.ArraysUtilJVM                                                : loaded 2 times (x 67B)
Class kotlin.sequences.FlatteningSequence$iterator$1                                  : loaded 2 times (x 75B)
Class kotlin.jvm.functions.Function0                                                  : loaded 2 times (x 66B)
Class com.android.tools.analytics.HostData$threadBean$2                               : loaded 2 times (x 74B)
Class com.android.build.gradle.internal.profile.AnalyticsConfiguratorService$createAnalyticsService$1: loaded 2 times (x 71B)
Class org.gradle.tooling.model.idea.IdeaDependency                                    : loaded 2 times (x 66B)
Class [Lcom.android.builder.errors.IssueReporter$Type;                                : loaded 2 times (x 65B)
Class com.google.protobuf.DescriptorProtos$ServiceDescriptorProto                     : loaded 2 times (x 201B)
Class com.android.build.api.artifact.impl.PropertyAdapter                             : loaded 2 times (x 66B)
Class com.android.build.gradle.ProguardFiles$ProguardFile                             : loaded 2 times (x 75B)
Class com.android.build.gradle.internal.cxx.configure.NativeModelBuilderOutcomeOrBuilder: loaded 2 times (x 66B)
Class com.android.builder.testing.api.DeviceProvider                                  : loaded 2 times (x 73B)
Class com.android.build.gradle.internal.dsl.ExternalNativeBuild$AgpDecorated_Decorated: loaded 2 times (x 140B)
Class com.android.build.gradle.internal.dsl.DeviceGroupFactory                        : loaded 2 times (x 71B)
Class com.google.protobuf.WireFormat                                                  : loaded 2 times (x 67B)
Class com.android.build.gradle.internal.dsl.AgpExperimentalApiOptInRequiredException  : loaded 2 times (x 78B)
Class com.android.build.api.dsl.Ndk                                                   : loaded 2 times (x 66B)
Class com.android.build.api.dsl.BundleStoreArchive                                    : loaded 2 times (x 66B)
Class com.android.build.api.dsl.BundleCodeTransparency                                : loaded 2 times (x 66B)
Class [Lcom.android.build.gradle.internal.core.Abi;                                   : loaded 2 times (x 65B)
Class com.android.builder.profile.ThreadRecorder                                      : loaded 2 times (x 72B)
Class org.jetbrains.kotlin.compose.compiler.gradle.ComposeFeatureFlag                 : loaded 2 times (x 66B)
Class com.android.tools.analytics.AnalyticsSettingsData$Companion                     : loaded 2 times (x 67B)
Class com.google.gson.internal.bind.TreeTypeAdapter                                   : loaded 2 times (x 71B)
Class com.google.gson.internal.sql.SqlTimeTypeAdapter                                 : loaded 2 times (x 70B)
Class com.google.gson.InstanceCreator                                                 : loaded 2 times (x 66B)
Class com.android.build.gradle.internal.plugins.AndroidPluginBaseServices$optionService$2$1: loaded 2 times (x 74B)
Class com.android.build.gradle.internal.core.dsl.ApplicationVariantDslInfo            : loaded 2 times (x 66B)
Class com.android.build.gradle.internal.variant.DimensionCombination                  : loaded 2 times (x 66B)
Class com.android.build.gradle.internal.core.dsl.VariantDslInfo                       : loaded 2 times (x 66B)
Class com.android.build.gradle.internal.variant.VariantFactory                        : loaded 2 times (x 66B)
Class jdk.internal.jimage.decompressor.ZipDecompressor                                : loaded 2 times (x 71B)
Class com.amazon.ion.impl.bin.AbstractIonWriter$WriteValueOptimization                : loaded 2 times (x 75B)
Class kotlin.collections.AbstractMutableList                                          : loaded 2 times (x 202B)
Class kotlin.jvm.functions.Function1                                                  : loaded 2 times (x 66B)
Class com.android.builder.model.v2.models.ndk.NativeModelBuilderParameter             : loaded 2 times (x 66B)
Class com.android.build.gradle.internal.api.artifact.SourceArtifactType               : loaded 2 times (x 70B)
Class com.android.build.gradle.internal.dsl.decorator.annotation.RuntimeGuardedExperimentalApi: loaded 2 times (x 66B)
Class [Lcom.android.build.gradle.internal.dsl.decorator.SupportedPropertyType;        : loaded 2 times (x 65B)
Class com.google.protobuf.Utf8$SafeProcessor                                          : loaded 2 times (x 73B)
Class com.google.wireless.android.sdk.stats.GradleProjectOptionsSettings              : loaded 2 times (x 216B)
Class sync_studio_tooling9330_3eq52wwj64uylqw2z1t6h7qvk                               : loaded 2 times (x 167B)
Class org.gradle.api.internal.classpath.ManifestUtil                                  : loaded 2 times (x 67B)
Class org.gradle.tooling.internal.adapter.ProtocolToModelAdapter$InvocationHandlerImpl: loaded 2 times (x 73B)
Class org.gradle.tooling.model.build.GradleEnvironment                                : loaded 2 times (x 66B)
Class [Lcom.android.tools.analytics.Environment$EnvironmentVariable;                  : loaded 2 times (x 65B)
Class com.android.SdkConstants                                                        : loaded 2 times (x 67B)
Class com.google.gson.internal.bind.TypeAdapters$20                                   : loaded 2 times (x 71B)
Class com.android.build.gradle.internal.services.R8D8ThreadPoolBuildService$Companion : loaded 2 times (x 67B)
Class org.jetbrains.plugins.gradle.tooling.util.IntObjectMap$ObjectFactory            : loaded 2 times (x 66B)
Class com.android.build.api.instrumentation.manageddevice.ManagedDeviceRegistry       : loaded 2 times (x 66B)
Class com.android.build.gradle.internal.services.GlobalServiceRegistrationAction$execute$1: loaded 2 times (x 71B)
Class com.android.build.gradle.internal.services.RunOnceBuildService                  : loaded 2 times (x 66B)
Class sync_studio_tooling9_4jhmx0dj3i8g6e9ibkgyvgl59$_run_closure1                    : loaded 2 times (x 135B)
Class com.amazon.ion.impl.bin.BlockAllocatorProvider                                  : loaded 2 times (x 68B)
Class org.jetbrains.plugins.gradle.tooling.serialization.internal.IdeaProjectSerializationService$WriteContext: loaded 2 times (x 68B)
Class com.intellij.gradle.toolingExtension.impl.model.sourceSetDependencyModel.GradleSourceSetDependencySerialisationService: loaded 2 times (x 73B)
Class org.jetbrains.plugins.gradle.model.GradleSourceSetModel                         : loaded 2 times (x 66B)
Class kotlin.jvm.functions.Function2                                                  : loaded 2 times (x 66B)
Class org.gradle.internal.classpath.DefaultClassPath$ImmutableUniqueList$Builder      : loaded 2 times (x 71B)
Class com.android.build.gradle.internal.core.InternalBaseVariant                      : loaded 2 times (x 66B)
Class com.android.build.gradle.internal.scope.DelayedActionsExecutor                  : loaded 2 times (x 68B)
Class [Lcom.android.prefs.LocationValue;                                              : loaded 2 times (x 65B)
Class com.google.wireless.android.sdk.stats.GradleTaskExecution                       : loaded 2 times (x 201B)
Class com.amazon.ion.IonException                                                     : loaded 2 times (x 80B)
Class com.amazon.ion.impl.bin.IonManagedBinaryWriter$UserState$3                      : loaded 2 times (x 81B)
Class com.android.builder.model.v2.models.VariantDependenciesAdjacencyList            : loaded 2 times (x 66B)
Class com.google.gson.internal.bind.TypeAdapters$21                                   : loaded 2 times (x 71B)
Class com.google.gson.FieldNamingPolicy$1                                             : loaded 2 times (x 79B)
Class com.android.utils.Environment                                                   : loaded 2 times (x 70B)
Class com.android.build.gradle.internal.plugins.LibraryPlugin                         : loaded 2 times (x 93B)
Class com.android.build.gradle.AssetPackPluginKt                                      : loaded 2 times (x 67B)
Class org.gradle.accessors.dm.LibrariesForLibsInPluginsBlock$KotlinxLibraryAccessors  : loaded 2 times (x 73B)
Class com.amazon.ion.impl.lite.IonSequenceLite                                        : loaded 2 times (x 428B)
Class com.amazon.ion.impl._Private_Utils$1                                            : loaded 2 times (x 85B)
Class com.amazon.ion.impl.SymbolTableAsStruct                                         : loaded 2 times (x 66B)
Class com.android.ide.gradle.model.dependencies.Coordinates                           : loaded 2 times (x 66B)
Class com.google.common.collect.AbstractRangeSet                                      : loaded 2 times (x 110B)
Class kotlin.collections.MapsKt___MapsJvmKt                                           : loaded 2 times (x 67B)
Class org.gradle.tooling.internal.adapter.WeakIdentityHashMap$AbsentValueProvider     : loaded 2 times (x 66B)
Class com.android.build.gradle.internal.dsl.BundleOptionsStoreArchive$AgpDecorated    : loaded 2 times (x 77B)
Class com.android.build.gradle.internal.dsl.ApplicationExtensionImpl$AgpDecorated_Decorated: loaded 2 times (x 465B)
Class com.android.builder.errors.EvalIssueException                                   : loaded 2 times (x 78B)
Class com.android.build.gradle.internal.ManagedDeviceUtilsKt                          : loaded 2 times (x 67B)
Class com.google.protobuf.DescriptorProtos$UninterpretedOptionOrBuilder               : loaded 2 times (x 66B)
Class com.android.tools.build.gradle.internal.profile.BooleanOption                   : loaded 2 times (x 83B)
Class com.google.gson.JsonObject                                                      : loaded 2 times (x 89B)
Class com.google.gson.internal.bind.TypeAdapters$22                                   : loaded 2 times (x 71B)
Class com.google.gson.TypeAdapter$1                                                   : loaded 2 times (x 70B)
Class com.google.gson.FieldNamingPolicy$2                                             : loaded 2 times (x 79B)
Class com.google.gson.internal.Excluder$1                                             : loaded 2 times (x 70B)
Class com.android.ide.common.blame.SourcePosition                                     : loaded 2 times (x 67B)
Class com.android.build.gradle.internal.utils.AnalyticsEnabledValueSource$Params$Inject_: loaded 2 times (x 102B)
Class com.android.build.gradle.internal.services.GlobalServiceRegistrationAction      : loaded 2 times (x 69B)
Class sync_studio_tooling4_941uboqu581ytk8wuwps8mz25$_run_closure1                    : loaded 2 times (x 135B)
Class org.gradle.accessors.dm.LibrariesForLibsInPluginsBlock$AndroidxActivityLibraryAccessors: loaded 2 times (x 73B)
Class com.amazon.ion.impl.bin.AbstractIonWriter                                       : loaded 2 times (x 157B)
Class org.jetbrains.plugins.gradle.tooling.util.ObjectCollector$Processor             : loaded 2 times (x 66B)
Class kotlin.annotation.Target                                                        : loaded 2 times (x 66B)
Class kotlin.collections.CollectionsKt___CollectionsKt                                : loaded 2 times (x 67B)
Class com.google.protobuf.CodedInputStream$StreamDecoder                              : loaded 2 times (x 116B)
Class org.gradle.internal.exceptions.NonGradleCauseExceptionsHolder                   : loaded 2 times (x 66B)
Class org.gradle.tooling.model.idea.IdeaModuleDependency                              : loaded 2 times (x 66B)
Class org.gradle.tooling.internal.adapter.ViewBuilder                                 : loaded 2 times (x 66B)
Class com.android.build.gradle.internal.lint.AndroidLintGlobalTask$LintFixCreationAction$Companion: loaded 2 times (x 67B)
Class com.android.build.api.artifact.impl.SinglePropertyAdapter                       : loaded 2 times (x 74B)
Class com.android.build.api.artifact.impl.TypedStorageProvider                        : loaded 2 times (x 68B)
Class com.android.build.gradle.internal.plugins.BasePlugin$globalConfig$2$1           : loaded 2 times (x 75B)
Class com.android.build.gradle.internal.dsl.VariantDimensionBinaryCompatibilityFixParent: loaded 2 times (x 66B)
Class com.android.build.gradle.internal.services.VersionedSdkLoaderService$versionedSdkLoader$2$1: loaded 2 times (x 71B)
Class com.android.build.gradle.internal.ide.dependencies.LibraryDependencyCacheBuildService$Parameters: loaded 2 times (x 66B)
Class com.google.protobuf.DescriptorProtos$EnumValueOptions$Builder                   : loaded 2 times (x 353B)
Class [Lcom.google.protobuf.Descriptors$FileDescriptor;                               : loaded 2 times (x 65B)
Class com.google.wireless.android.sdk.stats.GradleBuildMemorySample                   : loaded 2 times (x 199B)
Class com.android.build.gradle.internal.res.Aapt2FromMaven$Companion$create$aapt2Directory$1$1: loaded 2 times (x 70B)
Class com.google.gson.internal.bind.TypeAdapters$23                                   : loaded 2 times (x 71B)
Class com.google.common.collect.ForwardingMap                                         : loaded 2 times (x 128B)
Class com.google.gson.FieldNamingPolicy$3                                             : loaded 2 times (x 79B)
Class com.android.build.gradle.internal.services.Aapt2ThreadPoolBuildService$RegistrationAction: loaded 2 times (x 70B)
Class com.android.build.gradle.options.ProjectOptions$OptionValue                     : loaded 2 times (x 68B)
Class com.android.build.api.dsl.ApkExtension                                          : loaded 2 times (x 66B)
Class jdk.internal.jimage.ImageStrings                                                : loaded 2 times (x 66B)
Class org.gradle.accessors.dm.LibrariesForLibs$OkhttpLoggingLibraryAccessors          : loaded 2 times (x 73B)
Class org.gradle.accessors.dm.LibrariesForLibs$AndroidxComposeUiTestLibraryAccessors  : loaded 2 times (x 74B)
Class com.amazon.ion.system.IonReaderBuilder                                          : loaded 2 times (x 89B)
Class org.jetbrains.plugins.gradle.model.AnnotationProcessingConfig                   : loaded 2 times (x 66B)
Class com.amazon.ion.IonReader                                                        : loaded 2 times (x 66B)
Class kotlin.reflect.KDeclarationContainer                                            : loaded 2 times (x 66B)
Class kotlin.annotation.Retention                                                     : loaded 2 times (x 66B)
Class com.android.build.gradle.internal.tasks.ExtractProguardFiles$CreationAction$handleProvider$1: loaded 2 times (x 123B)
Class com.android.build.gradle.internal.dsl.SdkComponentsImpl$ndkDirectory$2          : loaded 2 times (x 75B)
Class com.android.build.gradle.internal.dsl.Splits$AgpDecorated_Decorated             : loaded 2 times (x 137B)
Class com.android.repository.Revision$Precision                                       : loaded 2 times (x 75B)
Class com.android.build.api.dsl.ConfigurableFiles                                     : loaded 2 times (x 66B)
Class com.android.builder.internal.StringCachingService                               : loaded 2 times (x 66B)
Class com.google.protobuf.Internal$EnumLiteMap                                        : loaded 2 times (x 66B)
Class com.google.wireless.android.sdk.stats.GradleBuildProject$CompileOptionsOrBuilder: loaded 2 times (x 66B)
Class com.google.wireless.android.sdk.stats.GradleBuildMemorySample$1                 : loaded 2 times (x 147B)
Class com.google.gson.internal.bind.TypeAdapters$34$1                                 : loaded 2 times (x 70B)
Class com.google.gson.internal.bind.TypeAdapters$24                                   : loaded 2 times (x 71B)
Class com.google.gson.FieldNamingPolicy$4                                             : loaded 2 times (x 79B)
Class com.android.build.gradle.internal.AvdComponentsBuildService                     : loaded 2 times (x 72B)
Class [Lcom.android.build.gradle.internal.errors.DeprecationReporter$DeprecationTarget;: loaded 2 times (x 65B)
Class com.android.build.gradle.options.FeatureStage$Experimental                      : loaded 2 times (x 68B)
Class com.android.build.api.dsl.ApplicationInstallation                               : loaded 2 times (x 66B)
Class com.android.build.gradle.internal.services.ProjectServices                      : loaded 2 times (x 68B)
Class com.android.builder.model.v2.models.Versions$Version                            : loaded 2 times (x 66B)
Class org.gradle.accessors.dm.LibrariesForLibsInPluginsBlock$AndroidxDatastoreLibraryAccessors: loaded 2 times (x 73B)
Class sync_studio_tooling5_9ypyh7eye68rxucbu9z58ulr1                                  : loaded 2 times (x 167B)
Class com.amazon.ion.IonClob                                                          : loaded 2 times (x 66B)
Class org.jetbrains.plugins.gradle.tooling.ModelBuilderService$Parameter              : loaded 2 times (x 66B)
Class kotlin.collections.MapsKt___MapsKt                                              : loaded 2 times (x 67B)
Class kotlin.collections.ArraysKt___ArraysKt                                          : loaded 2 times (x 67B)
Class com.android.build.gradle.internal.SdkLocationSourceSet                          : loaded 2 times (x 68B)
Class com.android.build.gradle.internal.services.VariantBuilderServicesImpl           : loaded 2 times (x 84B)
Class com.android.build.gradle.internal.dsl.BundleOptionsDensity$AgpDecorated_Decorated: loaded 2 times (x 121B)
Class com.android.build.gradle.internal.dsl.AdbOptions                                : loaded 2 times (x 88B)
Class com.android.build.api.artifact.ArtifactKind                                     : loaded 2 times (x 68B)
Class com.android.build.gradle.internal.dsl.PackagingOptions                          : loaded 2 times (x 107B)
Class com.android.build.api.dsl.JavaCompileOptions                                    : loaded 2 times (x 66B)
Class com.android.build.gradle.internal.dsl.BundleOptionsTexture                      : loaded 2 times (x 77B)
Class org.bouncycastle.operator.OperatorCreationException                             : loaded 2 times (x 78B)
Class com.android.build.gradle.internal.plugins.BasePlugin$versionedSdkLoaderService$2$1: loaded 2 times (x 75B)
Class [Lcom.android.prefs.VariableType;                                               : loaded 2 times (x 65B)
Class com.google.protobuf.DescriptorProtos$EnumOptions                                : loaded 2 times (x 250B)
Class com.android.build.gradle.internal.services.FakeDependencyJarBuildService$Params : loaded 2 times (x 66B)
Class com.google.protobuf.LazyStringList                                              : loaded 2 times (x 66B)
Class com.google.gson.internal.bind.TypeAdapters$25                                   : loaded 2 times (x 71B)
Class com.google.gson.FieldNamingPolicy$5                                             : loaded 2 times (x 79B)
Class com.android.utils.Environment$Companion                                         : loaded 2 times (x 67B)
Class com.android.build.gradle.internal.plugins.VersionCheckPlugin$apply$1            : loaded 2 times (x 75B)
Class com.google.common.cache.LocalCache$WriteThroughEntry                            : loaded 2 times (x 75B)
Class com.google.common.cache.LocalCache$HashIterator                                 : loaded 2 times (x 82B)
Class sync_studio_tooling11937_ayuq8i3ljkvhvun6d5xkf0efo$_run_closure1                : loaded 2 times (x 135B)
Class org.gradle.accessors.dm.LibrariesForLibs$AndroidPluginAccessors                 : loaded 2 times (x 71B)
Class sync_studio_tooling5_9ypyh7eye68rxucbu9z58ulr1$_run_closure1                    : loaded 2 times (x 135B)
Class com.amazon.ion.impl.lite.IonLobLite                                             : loaded 2 times (x 180B)
Class com.amazon.ion.impl.lite.IonTextLite                                            : loaded 2 times (x 177B)
Class com.amazon.ion.IonNumber                                                        : loaded 2 times (x 66B)
Class org.gradle.internal.impldep.gnu.trove.TObjectIntProcedure                       : loaded 2 times (x 66B)
Class kotlin.collections.MapsKt__MapWithDefaultKt                                     : loaded 2 times (x 67B)
Class org.gradle.tooling.internal.adapter.ProtocolToModelAdapter$ReflectionMethodInvoker: loaded 2 times (x 72B)
Class com.android.build.gradle.internal.dsl.ApplicationBuildFeaturesImpl_Decorated    : loaded 2 times (x 166B)
Class com.android.build.gradle.internal.plugins.BasePlugin$variantManager$2$1         : loaded 2 times (x 75B)
Class com.android.build.gradle.internal.tasks.factory.GlobalTaskCreationConfigImpl$Companion: loaded 2 times (x 67B)
Class com.android.build.api.dsl.UnitTestOptions                                       : loaded 2 times (x 66B)
Class com.android.builder.core.ToolsRevisionUtils                                     : loaded 2 times (x 67B)
Class com.android.builder.model.BaseConfig                                            : loaded 2 times (x 66B)
Class com.android.build.gradle.internal.dsl.AndroidSourceSetFactory                   : loaded 2 times (x 73B)
Class [Lcom.google.wireless.android.sdk.stats.GradleBuildVariant$VariantType;         : loaded 2 times (x 65B)
Class com.android.prefs.QueryResult                                                   : loaded 2 times (x 80B)
Class com.google.protobuf.FieldSet                                                    : loaded 2 times (x 68B)
Class com.android.build.gradle.internal.dsl.JniLibsPackagingImpl$AgpDecorated_Decorated: loaded 2 times (x 134B)
Class com.android.tools.analytics.HostData$runtimeBean$2                              : loaded 2 times (x 74B)
Class com.google.protobuf.MutabilityOracle                                            : loaded 2 times (x 66B)
Class com.google.protobuf.GeneratedMessageV3$Builder                                  : loaded 2 times (x 274B)
Class com.google.gson.internal.bind.ArrayTypeAdapter                                  : loaded 2 times (x 70B)
Class com.google.gson.internal.bind.TypeAdapters$26                                   : loaded 2 times (x 71B)
Class com.google.gson.FieldNamingPolicy$6                                             : loaded 2 times (x 79B)
Class com.android.build.gradle.options.ApiStage$Removed                               : loaded 2 times (x 68B)
Class com.android.build.gradle.internal.plugins.BasePlugin$apply$1                    : loaded 2 times (x 71B)
Class [Lcom.amazon.ion.impl.bin.IonManagedBinaryWriter$UserState;                     : loaded 2 times (x 65B)
Class com.amazon.ion.impl.bin.utf8.Utf8StringEncoder                                  : loaded 2 times (x 76B)
Class com.amazon.ion.IonBool                                                          : loaded 2 times (x 66B)
Class com.google.common.collect.NullsLastOrdering                                     : loaded 2 times (x 111B)
Class kotlin.collections.CollectionsKt__MutableCollectionsJVMKt                       : loaded 2 times (x 67B)
Class com.android.build.gradle.internal.dsl.DexOptions                                : loaded 2 times (x 99B)
Class kotlin.enums.EnumEntriesKt                                                      : loaded 2 times (x 67B)
Class com.android.build.gradle.internal.api.ReadOnlyObjectProvider                    : loaded 2 times (x 72B)
Class com.android.builder.core.LibraryRequest                                         : loaded 2 times (x 68B)
Class com.google.common.base.Enums                                                    : loaded 2 times (x 67B)
Class com.android.builder.model.VectorDrawablesOptions                                : loaded 2 times (x 66B)
Class com.android.build.api.artifact.impl.StorageProviderImpl                         : loaded 2 times (x 68B)
Class com.android.build.gradle.internal.dsl.DefaultConfig                             : loaded 2 times (x 421B)
Class com.android.build.gradle.internal.services.AndroidLocationsBuildService$AndroidDirectoryCreator$Inject_: loaded 2 times (x 107B)
Class com.google.protobuf.Android                                                     : loaded 2 times (x 67B)
Class com.google.protobuf.Descriptors$DescriptorValidationException                   : loaded 2 times (x 81B)
Class com.android.build.gradle.internal.tasks.LintCompile                             : loaded 2 times (x 316B)
Class com.google.gson.internal.bind.TypeAdapters$27                                   : loaded 2 times (x 71B)
Class com.google.gson.FieldNamingPolicy$7                                             : loaded 2 times (x 79B)
Class [Lcom.android.build.gradle.options.BooleanOption;                               : loaded 2 times (x 65B)
Class org.gradle.internal.classloader.ClassLoaderHierarchy                            : loaded 2 times (x 66B)
Class com.android.build.gradle.internal.services.ServiceRegistrationAction$execute$1  : loaded 2 times (x 71B)
Class [Lcom.google.common.util.concurrent.DirectExecutor;                             : loaded 2 times (x 65B)
Class com.android.builder.model.v2.models.VariantDependencies                         : loaded 2 times (x 66B)
Class org.gradle.accessors.dm.LibrariesForLibs$AndroidxLifecycleViewmodelLibraryAccessors: loaded 2 times (x 73B)
Class com.amazon.ion.IonLoader                                                        : loaded 2 times (x 66B)
Class org.jetbrains.plugins.gradle.model.GradleProperty                               : loaded 2 times (x 66B)
Class com.google.common.collect.ImmutableRangeSet$ComplementRanges                    : loaded 2 times (x 203B)
Class org.gradle.internal.classloader.SystemClassLoaderSpec                           : loaded 2 times (x 67B)
Class com.android.build.gradle.internal.dsl.SdkComponentsImpl$aidl$2                  : loaded 2 times (x 75B)
Class com.android.build.gradle.internal.dsl.CmakeOptions$AgpDecorated                 : loaded 2 times (x 98B)
Class com.android.build.gradle.internal.dependency.SourceSetManager$createConfigurationsForSourceSet$createKaptConfiguration$1: loaded 2 times (x 75B)
Class com.android.build.gradle.internal.dsl.JavaCompileOptions$AgpDecorated           : loaded 2 times (x 82B)
Class com.android.build.api.dsl.NdkBuildFlags                                         : loaded 2 times (x 66B)
Class com.android.build.gradle.internal.dsl.CoreExternalNativeNdkBuildOptions         : loaded 2 times (x 66B)
Class com.google.common.base.CaseFormat                                               : loaded 2 times (x 79B)
Class com.android.build.gradle.internal.dsl.DefaultConfig$AgpDecorated_Decorated      : loaded 2 times (x 498B)
Class com.android.tools.build.gradle.internal.profile.IntegerOption                   : loaded 2 times (x 83B)
Class [Lcom.google.protobuf.Descriptors$GenericDescriptor;                            : loaded 2 times (x 65B)
Class kotlin.collections.CollectionsKt__ReversedViewsKt                               : loaded 2 times (x 67B)
Class kotlin.sequences.SequencesKt__SequenceBuilderKt                                 : loaded 2 times (x 67B)
Class com.intellij.gradle.toolingExtension.impl.model.sourceSetModel.GradleSourceSetSerialisationService$Companion: loaded 2 times (x 67B)
Class com.google.gson.internal.bind.TypeAdapters$EnumTypeAdapter                      : loaded 2 times (x 70B)
Class com.google.gson.internal.bind.TypeAdapters$28                                   : loaded 2 times (x 71B)
Class [Lcom.google.gson.LongSerializationPolicy;                                      : loaded 2 times (x 65B)
Class com.android.build.api.variant.CanMinifyCodeBuilder                              : loaded 2 times (x 66B)
Class com.amazon.ion.impl._Private_Utils                                              : loaded 2 times (x 67B)
Class kotlin.text.MatcherMatchResult$groups$1                                         : loaded 2 times (x 147B)
Class kotlin.collections.EmptyMap                                                     : loaded 2 times (x 105B)
Class kotlin.reflect.KAnnotatedElement                                                : loaded 2 times (x 66B)
Class kotlin.jvm.internal.markers.KMutableCollection                                  : loaded 2 times (x 66B)
Class kotlin.coroutines.intrinsics.IntrinsicsKt                                       : loaded 2 times (x 67B)
Class org.gradle.internal.exceptions.MultiCauseException                              : loaded 2 times (x 66B)
Class org.gradle.internal.time.CountdownTimer                                         : loaded 2 times (x 66B)
Class kotlin.jvm.internal.Intrinsics                                                  : loaded 2 times (x 67B)
Class org.jetbrains.kotlin.gradle.plugin.KotlinCompilerPluginSupportPlugin$DefaultImpls: loaded 2 times (x 67B)
Class org.jetbrains.kotlin.gradle.plugin.SubpluginArtifact                            : loaded 2 times (x 68B)
Class com.android.build.gradle.internal.dsl.BaseAppModuleExtension_Decorated          : loaded 2 times (x 528B)
Class com.android.build.gradle.internal.api.artifact.SourceArtifactType$JNI           : loaded 2 times (x 70B)
Class com.amazon.ion.impl._Private_IonValue                                           : loaded 2 times (x 66B)
Class com.android.build.gradle.internal.dsl.LibraryAndroidResourcesImpl               : loaded 2 times (x 122B)
Class com.android.build.gradle.internal.model.CoreExternalNativeBuild                 : loaded 2 times (x 66B)
Class com.google.protobuf.DescriptorProtos$FileOptions$Builder                        : loaded 2 times (x 399B)
Class com.google.wireless.android.sdk.stats.GradleProjectOptionsSettings$1            : loaded 2 times (x 147B)
Class com.amazon.ion.impl.bin.IonManagedBinaryWriter$UserState$2                      : loaded 2 times (x 81B)
Class com.google.protobuf.AbstractProtobufList                                        : loaded 2 times (x 225B)
Class com.google.gson.internal.bind.MapTypeAdapterFactory                             : loaded 2 times (x 71B)
Class com.google.gson.internal.bind.TypeAdapters$29                                   : loaded 2 times (x 71B)
Class com.google.gson.JsonNull                                                        : loaded 2 times (x 88B)
Class jdk.internal.jimage.BasicImageReader                                            : loaded 2 times (x 91B)
Class com.google.common.util.concurrent.ListeningScheduledExecutorService             : loaded 2 times (x 66B)
Class com.android.build.api.dsl.ApplicationProductFlavor                              : loaded 2 times (x 66B)
Class com.android.build.gradle.internal.plugins.AndroidPluginBaseServices             : loaded 2 times (x 74B)
Class jdk.internal.jrtfs.JrtFileSystem                                                : loaded 2 times (x 98B)
Class org.gradle.accessors.dm.LibrariesForLibs$AndroidxLibraryAccessors               : loaded 2 times (x 81B)
Class com.intellij.gradle.toolingExtension.impl.model.projectModel.GradleExternalProjectSerializationService$ReadContext: loaded 2 times (x 69B)
Class com.intellij.gradle.toolingExtension.impl.model.dependencyModel.DependencyWriteContext: loaded 2 times (x 68B)
Class kotlin.collections.MapsKt                                                       : loaded 2 times (x 67B)
Class kotlin.coroutines.intrinsics.CoroutineSingletons                                : loaded 2 times (x 75B)
Class kotlin.collections.CollectionsKt__IterablesKt                                   : loaded 2 times (x 67B)
Class org.gradle.tooling.model.ProjectModel                                           : loaded 2 times (x 66B)
Class com.android.build.gradle.internal.cxx.configure.NativeModelBuilderOutcome$Builder: loaded 2 times (x 318B)
Class com.android.build.gradle.internal.variant.VariantModelImpl                      : loaded 2 times (x 82B)
Class com.android.build.api.variant.VariantSelector                                   : loaded 2 times (x 66B)
Class com.android.build.gradle.api.InstallableVariant                                 : loaded 2 times (x 66B)
Class com.android.build.gradle.internal.dsl.LintImpl$AgpDecorated_Decorated           : loaded 2 times (x 295B)
Class com.android.build.gradle.internal.dsl.PackagingOptions$AgpDecorated_Decorated   : loaded 2 times (x 158B)
Class com.android.build.gradle.internal.dsl.CoreProductFlavor                         : loaded 2 times (x 66B)
Class com.google.protobuf.Descriptors$NumberGetter                                    : loaded 2 times (x 66B)
Class com.google.protobuf.LazyField                                                   : loaded 2 times (x 81B)
Class com.android.tools.analytics.HostData$graphicsEnvironment$2                      : loaded 2 times (x 74B)
Class com.google.protobuf.Message$Builder                                             : loaded 2 times (x 66B)
Class com.android.tools.analytics.Environment$EnvironmentVariable                     : loaded 2 times (x 75B)
Class com.android.build.gradle.internal.errors.AndroidProblemReporterProvider$Parameters_Decorated: loaded 2 times (x 126B)
Class com.android.build.gradle.internal.errors.AndroidProblemReporterProvider$Parameters: loaded 2 times (x 66B)
Class com.android.build.api.dsl.BuildType                                             : loaded 2 times (x 66B)
Class jdk.internal.jimage.decompressor.CompressedResourceHeader                       : loaded 2 times (x 67B)
Class org.gradle.accessors.dm.LibrariesForLibs$RetrofitConverterKotlinxLibraryAccessors: loaded 2 times (x 73B)
Class org.jetbrains.plugins.gradle.model.GradleConfiguration                          : loaded 2 times (x 66B)
Class com.amazon.ion.impl.bin.utf8.Utf8StringEncoderPool                              : loaded 2 times (x 70B)
Class com.amazon.ion.impl._Private_IonSystem                                          : loaded 2 times (x 66B)
Class com.amazon.ion.BufferConfiguration$OversizedValueHandler                        : loaded 2 times (x 66B)
Class kotlin.sequences.SequenceBuilderIterator                                        : loaded 2 times (x 81B)
Class kotlin.KotlinNullPointerException                                               : loaded 2 times (x 79B)
Class com.android.build.gradle.internal.tasks.factory.BootClasspathConfigImpl$1       : loaded 2 times (x 75B)
Class com.android.build.gradle.internal.api.DefaultAndroidSourceSet$AndroidSourceDirectorySetFactory: loaded 2 times (x 71B)
Class com.android.build.gradle.internal.dsl.KmpOptimizationImpl                       : loaded 2 times (x 79B)
Class com.android.build.api.dsl.BundleTexture                                         : loaded 2 times (x 66B)
Class com.android.build.api.dsl.ApkSigningConfig                                      : loaded 2 times (x 66B)
Class com.android.build.gradle.internal.services.FakeDependencyJarBuildService        : loaded 2 times (x 78B)
Class com.android.build.gradle.internal.dependency.JacocoInstrumentationService$RegistrationAction: loaded 2 times (x 70B)
Class com.android.build.gradle.internal.ClasspathVerifier                             : loaded 2 times (x 67B)
Class com.google.protobuf.MessageReflection$MergeTarget                               : loaded 2 times (x 66B)
Class com.google.protobuf.DescriptorProtos$EnumValueDescriptorProto                   : loaded 2 times (x 198B)
Class com.android.tools.build.gradle.internal.profile.BooleanOption$1                 : loaded 2 times (x 72B)
Class com.google.wireless.android.sdk.stats.GradleIntegerOptionEntryOrBuilder         : loaded 2 times (x 66B)
Class com.android.build.gradle.internal.plugins.BasePlugin$dslServices$2              : loaded 2 times (x 75B)
Class com.android.build.gradle.internal.errors.AndroidProblemReporterProvider$Parameters$Inject_: loaded 2 times (x 102B)
Class com.android.build.gradle.internal.errors.AndroidProblemReporterProvider$Inject_ : loaded 2 times (x 92B)
Class com.android.build.gradle.internal.plugins.AndroidPluginBaseServices$projectServices$2$1$1: loaded 2 times (x 121B)
Class com.google.gson.internal.bind.DefaultDateTypeAdapter$DateType$1                 : loaded 2 times (x 69B)
Class [Lcom.android.build.gradle.options.ReplacedOption;                              : loaded 2 times (x 65B)
Class com.android.ide.common.repository.AgpVersion$Companion$WhenMappings             : loaded 2 times (x 67B)
Class com.android.build.gradle.internal.plugins.BasePlugin$Companion                  : loaded 2 times (x 67B)
Class org.jetbrains.kotlin.gradle.plugin.KotlinCompilerPluginSupportPlugin            : loaded 2 times (x 66B)
Class org.gradle.accessors.dm.LibrariesForLibsInPluginsBlock$AndroidxComposeUiToolingLibraryAccessors: loaded 2 times (x 79B)
Class org.gradle.accessors.dm.LibrariesForLibsInPluginsBlock$AndroidxComposeUiLibraryAccessors: loaded 2 times (x 81B)
Class org.gradle.accessors.dm.LibrariesForLibsInPluginsBlock$KoinLibraryAccessors     : loaded 2 times (x 74B)
Class org.gradle.accessors.dm.LibrariesForLibs$KotlinPluginAccessors                  : loaded 2 times (x 71B)
Class com.amazon.ion.IonDecimal                                                       : loaded 2 times (x 66B)
Class org.jetbrains.plugins.gradle.model.tests.ExternalTestsModel                     : loaded 2 times (x 66B)
Class kotlin.ranges.RangesKt___RangesKt                                               : loaded 2 times (x 67B)
Class org.gradle.tooling.model.idea.IdeaLanguageLevel                                 : loaded 2 times (x 66B)
Class org.gradle.tooling.internal.adapter.ProtocolToModelAdapter$SafeMethodInvoker    : loaded 2 times (x 72B)
Class org.gradle.tooling.internal.adapter.WeakIdentityHashMap$WeakKey                 : loaded 2 times (x 75B)
Class org.gradle.internal.exceptions.DefaultMultiCauseException                       : loaded 2 times (x 91B)
Class com.google.protobuf.MapField                                                    : loaded 2 times (x 85B)
Class com.android.build.gradle.internal.dsl.SigningConfig$AgpDecorated                : loaded 2 times (x 146B)
Class com.android.build.api.variant.Aapt2                                             : loaded 2 times (x 66B)
Class com.android.build.gradle.internal.dsl.SdkComponentsImpl                         : loaded 2 times (x 82B)
Class com.android.build.gradle.internal.tasks.factory.BootClasspathConfigImpl$2       : loaded 2 times (x 75B)
Class com.android.build.gradle.internal.dsl.ApplicationPublishingImpl$AgpDecorated    : loaded 2 times (x 82B)
Class com.android.build.gradle.internal.dsl.ManagedDevices_Decorated                  : loaded 2 times (x 122B)
Class com.android.build.gradle.internal.api.AndroidSourceSetName$Companion            : loaded 2 times (x 67B)
Class com.android.build.gradle.internal.AvdComponentsBuildService$RegistrationAction  : loaded 2 times (x 70B)
Class com.android.build.gradle.internal.ide.dependencies.MavenCoordinatesCacheBuildService$RegistrationAction: loaded 2 times (x 70B)
Class com.google.protobuf.Descriptors$EnumValueDescriptor$1                           : loaded 2 times (x 87B)
Class com.android.builder.profile.NameAnonymizer                                      : loaded 2 times (x 68B)
Class com.google.protobuf.CodedInputStream$UnsafeDirectNioDecoder                     : loaded 2 times (x 116B)
Class com.android.build.gradle.internal.plugins.AndroidPluginBaseServices$projectServices$2$1$2: loaded 2 times (x 75B)
Class com.google.gson.internal.LazilyParsedNumber                                     : loaded 2 times (x 74B)
Class com.google.protobuf.DescriptorProtos$ServiceDescriptorProtoOrBuilder            : loaded 2 times (x 66B)
Class com.android.build.api.dsl.DynamicFeatureVariantDimension                        : loaded 2 times (x 66B)
Class com.android.build.gradle.internal.plugins.BasePlugin$extension$2                : loaded 2 times (x 75B)
Class com.android.build.gradle.internal.plugins.DslContainerProvider                  : loaded 2 times (x 66B)
Class com.android.build.gradle.AppExtension                                           : loaded 2 times (x 215B)
Class com.android.build.gradle.DynamicFeaturePlugin                                   : loaded 2 times (x 72B)
Class com.android.build.gradle.AppPlugin                                              : loaded 2 times (x 72B)
Class com.google.common.hash.PrimitiveSink                                            : loaded 2 times (x 66B)
Class sync_studio_tooling5976_bjyjvg1361woo7ec6w8ewsgyi                               : loaded 2 times (x 167B)
Class com.amazon.ion.impl.bin.IonRawBinaryWriter$StreamCloseMode                      : loaded 2 times (x 75B)
Class com.amazon.ion.impl._Private_IonBinaryWriterBuilder$Mutable                     : loaded 2 times (x 111B)
Class com.intellij.gradle.toolingExtension.impl.model.projectModel.GradleExternalProjectSerializationService: loaded 2 times (x 73B)
Class kotlin.collections.ArraysKt                                                     : loaded 2 times (x 67B)
Class kotlin.collections.ArrayDeque$Companion                                         : loaded 2 times (x 67B)
Class org.gradle.tooling.model.HierarchicalElement                                    : loaded 2 times (x 66B)
Class com.android.build.gradle.internal.lint.AndroidLintGlobalTask$UpdateBaselineCreationAction$Companion: loaded 2 times (x 67B)
Class com.android.build.gradle.internal.dsl.decorator.SupportedPropertyType$Collection$Set: loaded 2 times (x 70B)
Class com.android.builder.signing.DefaultSigningConfig$Companion                      : loaded 2 times (x 67B)
Class com.android.build.gradle.internal.dsl.BundleOptionsAbi$AgpDecorated_Decorated   : loaded 2 times (x 121B)
Class com.android.build.api.artifact.Artifact$Companion                               : loaded 2 times (x 67B)
Class com.android.build.gradle.internal.dsl.ConsumerKeepRulesImpl                     : loaded 2 times (x 88B)
Class com.android.build.gradle.internal.dsl.VcsInfoImpl                               : loaded 2 times (x 73B)
Class com.android.build.gradle.internal.dsl.CoreExternalNativeCmakeOptions            : loaded 2 times (x 66B)
Class com.android.build.api.dsl.FusedLibraryExtension                                 : loaded 2 times (x 66B)
Class com.android.build.gradle.internal.dsl.AndroidTestImpl                           : loaded 2 times (x 73B)
Class com.android.build.gradle.internal.ManagedDeviceUtilsKt$getManagedDeviceAvdFolder$1: loaded 2 times (x 71B)
Class com.android.build.gradle.internal.services.AndroidLocationsBuildService$Inject_ : loaded 2 times (x 106B)
Class com.google.protobuf.Descriptors$EnumValueDescriptor$2                           : loaded 2 times (x 72B)
Class com.android.build.api.dsl.AndroidSourceFile                                     : loaded 2 times (x 66B)
Class com.google.protobuf.PrimitiveNonBoxingCollection                                : loaded 2 times (x 66B)
Class com.google.wireless.android.sdk.stats.InstantRunStatus                          : loaded 2 times (x 201B)
Class com.android.build.gradle.internal.profile.AnalyticsConfiguratorService$State    : loaded 2 times (x 75B)
Class com.android.build.gradle.internal.plugins.AndroidPluginBaseServices$projectServices$2$1$3: loaded 2 times (x 75B)
Class com.google.gson.stream.JsonReader                                               : loaded 2 times (x 93B)
Class com.android.build.gradle.options.FeatureStage$SoftlyEnforced                    : loaded 2 times (x 68B)
Class com.android.build.gradle.internal.dsl.ManagedDevices                            : loaded 2 times (x 78B)
Class com.android.build.gradle.api.FusedLibraryPlugin                                 : loaded 2 times (x 70B)
Class com.android.build.gradle.internal.plugins.BasePlugin$variantManager$2           : loaded 2 times (x 75B)
Class org.gradle.accessors.dm.LibrariesForLibsInPluginsBlock_Decorated                : loaded 2 times (x 126B)
Class org.gradle.accessors.dm.LibrariesForLibs$KotlinxSerializationLibraryAccessors   : loaded 2 times (x 73B)
Class org.gradle.accessors.dm.LibrariesForLibs$AndroidxLifecycleLibraryAccessors      : loaded 2 times (x 74B)
Class com.amazon.ion.impl.bin.IonRawBinaryWriter$PatchPoint                           : loaded 2 times (x 69B)
Class com.amazon.ion.IonBlob                                                          : loaded 2 times (x 66B)
Class com.amazon.ion.IonLob                                                           : loaded 2 times (x 66B)
Class com.amazon.ion.IonSequence                                                      : loaded 2 times (x 66B)
Class org.jetbrains.plugins.gradle.tooling.serialization.ExternalTestsSerializationService: loaded 2 times (x 73B)
Class com.google.common.collect.ByFunctionOrdering                                    : loaded 2 times (x 111B)
Class kotlin.collections.SetsKt__SetsKt                                               : loaded 2 times (x 67B)
Class kotlin.coroutines.EmptyCoroutineContext                                         : loaded 2 times (x 73B)
Class org.gradle.internal.time.Time                                                   : loaded 2 times (x 67B)
Class org.jetbrains.kotlin.compose.compiler.gradle.ComposeCompilerGradlePluginExtension: loaded 2 times (x 72B)
Class com.android.build.gradle.internal.tasks.NonIncrementalGlobalTask                : loaded 2 times (x 315B)
Class com.android.build.gradle.internal.plugins.BasePlugin$createTasks$1              : loaded 2 times (x 71B)
Class com.android.build.gradle.internal.dsl.CmakeOptions$AgpDecorated_Decorated       : loaded 2 times (x 142B)
Class com.android.build.gradle.internal.plugins.BasePlugin$buildOutputs$2$1           : loaded 2 times (x 74B)
Class com.android.build.gradle.internal.dsl.AnnotationProcessorOptions$AgpDecorated   : loaded 2 times (x 102B)
Class com.android.build.gradle.internal.dsl.SdkComponentsImpl_Decorated               : loaded 2 times (x 126B)
Class com.android.build.gradle.internal.services.FakeDependencyJarBuildService$FakeDependencyJarCreator$Params: loaded 2 times (x 66B)
Class com.android.build.gradle.internal.dsl.MultiDexConfigImpl                        : loaded 2 times (x 76B)
Class com.google.wireless.android.sdk.stats.GradleBuildProject$PluginGeneration       : loaded 2 times (x 83B)
Class com.android.build.gradle.internal.tasks.SigningConfigUtils$Companion$gson$2     : loaded 2 times (x 74B)
Class com.android.build.api.artifact.impl.SingleInitialProviderRequestImpl$on$2       : loaded 2 times (x 71B)
Class com.android.tools.analytics.CommonMetricsData                                   : loaded 2 times (x 67B)
Class org.jetbrains.kotlin.gradle.plugin.KotlinPlatformType$Companion                 : loaded 2 times (x 67B)
Class org.gradle.internal.classloader.FilteringClassLoader                            : loaded 2 times (x 101B)
Class com.android.build.gradle.internal.profile.AnalyticsConfiguratorService$Params$Inject_: loaded 2 times (x 102B)
Class com.android.build.gradle.options.FeatureStage                                   : loaded 2 times (x 68B)
Class kotlin.NotImplementedError                                                      : loaded 2 times (x 78B)
Class com.android.build.gradle.internal.plugins.BasePlugin$variantFactory$2           : loaded 2 times (x 75B)
Class com.android.build.gradle.internal.component.PublishableCreationConfig           : loaded 2 times (x 66B)
Class com.android.build.gradle.internal.dsl.BaseAppModuleExtensionInternal            : loaded 2 times (x 443B)
Class com.android.builder.model.v2.models.ProjectGraph                                : loaded 2 times (x 66B)
Class com.amazon.ion.system.IonTextWriterBuilder                                      : loaded 2 times (x 94B)
Class com.amazon.ion.impl.bin.IonManagedBinaryWriter$ImportedSymbolResolverMode$1$1$1 : loaded 2 times (x 72B)
Class com.amazon.ion.impl._Private_LocalSymbolTableFactory                            : loaded 2 times (x 66B)
Class org.jetbrains.plugins.gradle.tooling.serialization.AnnotationProcessingModelSerializationService: loaded 2 times (x 73B)
Class com.google.common.collect.RangeGwtSerializationDependencies                     : loaded 2 times (x 67B)
Class kotlin.collections.ArraysKt__ArraysJVMKt                                        : loaded 2 times (x 67B)
Class com.android.build.gradle.internal.plugins.BasePlugin$createTasks$2              : loaded 2 times (x 73B)
Class com.android.build.gradle.internal.tasks.BaseTask                                : loaded 2 times (x 314B)
Class com.android.build.gradle.internal.dsl.BuildType$AgpDecorated_Decorated          : loaded 2 times (x 446B)
Class com.android.build.api.artifact.impl.ArtifactsImpl$1                             : loaded 2 times (x 74B)
Class com.android.build.gradle.internal.dsl.Splits                                    : loaded 2 times (x 86B)
Class com.android.build.gradle.internal.dsl.BundleOptionsDeviceGroup                  : loaded 2 times (x 77B)
Class com.android.build.gradle.internal.dsl.ProductFlavorFactory                      : loaded 2 times (x 73B)
Class com.android.build.api.dsl.TestVariantDimension                                  : loaded 2 times (x 66B)
Class com.android.build.gradle.internal.ide.dependencies.MavenCoordinatesCacheBuildService$Parameters_Decorated: loaded 2 times (x 126B)
Class kotlin.sequences.FlatteningSequence                                             : loaded 2 times (x 71B)
Class com.android.build.gradle.internal.profile.AnalyticsService$Params               : loaded 2 times (x 66B)
Class com.android.build.gradle.internal.utils.AnalyticsEnabledValueSource$Inject_     : loaded 2 times (x 105B)
Class com.android.build.gradle.internal.utils.AnalyticsEnabledValueSource$Params_Decorated: loaded 2 times (x 126B)
Class com.android.build.gradle.internal.dependency.GenericTransformParameters         : loaded 2 times (x 66B)
Class com.google.gson.internal.bind.JsonAdapterAnnotationTypeAdapterFactory           : loaded 2 times (x 71B)
Class com.android.build.gradle.options.ProjectOptionService$Inject_                   : loaded 2 times (x 93B)
Class com.android.build.gradle.internal.plugins.BasePlugin$taskManagerConfig$2        : loaded 2 times (x 75B)
Class com.android.build.api.dsl.ApplicationVariantDimension                           : loaded 2 times (x 66B)
Class com.android.build.api.dsl.ApplicationBuildFeatures                              : loaded 2 times (x 66B)
Class com.android.build.gradle.internal.plugins.AppPlugin$ApplicationAndroidComponentsExtensionImplCompat: loaded 2 times (x 107B)
Class org.gradle.accessors.dm.LibrariesForLibsInPluginsBlock$AndroidxLibraryAccessors : loaded 2 times (x 81B)
Class com.amazon.ion.impl.lite.IonNullLite                                            : loaded 2 times (x 171B)
Class [Lcom.intellij.openapi.externalSystem.model.project.dependencies.ResolutionState;: loaded 2 times (x 65B)
Class org.gradle.internal.impldep.gnu.trove.TObjectHash                               : loaded 2 times (x 90B)
Class org.jetbrains.plugins.gradle.model.DependencyAccessorsModel                     : loaded 2 times (x 66B)
Class com.google.common.collect.RangeSet                                              : loaded 2 times (x 66B)
Class kotlin.jvm.internal.CallableReference$NoReceiver                                : loaded 2 times (x 67B)
Class org.gradle.api.internal.classpath.GlobalCacheRootsProvider                      : loaded 2 times (x 66B)
Class com.android.build.gradle.internal.dsl.SigningConfig$AgpDecorated_Decorated      : loaded 2 times (x 197B)
Class kotlin.text.MatcherMatchResult                                                  : loaded 2 times (x 76B)
Class com.android.build.api.dsl.DexPackaging                                          : loaded 2 times (x 66B)
Class com.android.build.api.dsl.TestBuildType                                         : loaded 2 times (x 66B)
Class com.android.prefs.Global                                                        : loaded 2 times (x 76B)
Class com.android.build.gradle.internal.profile.AnalyticsUtil                         : loaded 2 times (x 67B)
Class kotlin.text.MatchGroupCollection                                                : loaded 2 times (x 66B)
Class com.android.ide.gradle.model.dependencies.DeclaredDependencies                  : loaded 2 times (x 66B)
Class com.google.gson.internal.bind.NumberTypeAdapter                                 : loaded 2 times (x 70B)
Class org.jetbrains.plugins.gradle.tooling.serialization.internal.IdeaProjectSerializationService$ReadContext: loaded 2 times (x 68B)
Class [Lcom.android.build.gradle.options.SyncOptions$EvaluationMode;                  : loaded 2 times (x 65B)
Class com.amazon.ion.impl.bin.IonManagedBinaryWriter$UserState$1                      : loaded 2 times (x 81B)
Class com.android.build.api.extension.impl.VariantApiOperationsRegistrar              : loaded 2 times (x 68B)
Class com.android.build.api.variant.ApplicationAndroidComponentsExtension             : loaded 2 times (x 66B)
Class sync_studio_tooling11_d4fptw8dp8w5mysnp2c49ezes                                 : loaded 2 times (x 167B)
Class com.amazon.ion.impl.lite.IonClobLite                                            : loaded 2 times (x 216B)
Class com.amazon.ion.impl._Private_ValueFactory                                       : loaded 2 times (x 66B)
Class com.amazon.ion.impl.bin.IonRawBinaryWriter$PreallocationMode$1                  : loaded 2 times (x 78B)
Class [Lcom.amazon.ion.impl.bin._Private_IonManagedBinaryWriterBuilder$AllocatorMode; : loaded 2 times (x 65B)
Class org.jetbrains.kotlin.idea.gradleTooling.KotlinMPPGradleModel                    : loaded 2 times (x 66B)
Class com.intellij.gradle.toolingExtension.impl.model.dependencyDownloadPolicyModel.GradleDependencyDownloadPolicy: loaded 2 times (x 66B)
Class kotlin.NoWhenBranchMatchedException                                             : loaded 2 times (x 78B)
Class org.gradle.tooling.model.BuildIdentifier                                        : loaded 2 times (x 66B)
Class com.android.build.api.AndroidPluginVersion                                      : loaded 2 times (x 71B)
Class com.android.build.gradle.internal.api.artifact.SourceArtifactType$ANDROID_RESOURCES: loaded 2 times (x 70B)
Class com.google.protobuf.DescriptorProtos$FileDescriptorProto                        : loaded 2 times (x 237B)
Class com.android.tools.build.gradle.internal.profile.AnalyticsEnums                  : loaded 2 times (x 67B)
Class com.android.build.api.variant.HasUnitTestBuilder                                : loaded 2 times (x 66B)
Class com.android.build.gradle.options.ApiStage$Deprecated                            : loaded 2 times (x 68B)
Class com.google.protobuf.Descriptors$Descriptor                                      : loaded 2 times (x 72B)
Class com.google.wireless.android.sdk.stats.InstantRunStatusOrBuilder                 : loaded 2 times (x 66B)
Class [Lcom.android.tools.analytics.Environment$SystemProperty;                       : loaded 2 times (x 65B)
Class com.android.tools.analytics.AnalyticsSettings                                   : loaded 2 times (x 67B)
Class com.android.ide.common.blame.SourceFilePosition                                 : loaded 2 times (x 68B)
Class com.google.gson.ToNumberPolicy$1                                                : loaded 2 times (x 79B)
Class [Lcom.google.gson.FieldNamingStrategy;                                          : loaded 2 times (x 65B)
Class com.google.gson.internal.Excluder                                               : loaded 2 times (x 71B)
Class com.android.ide.common.blame.SourceFileJsonTypeAdapter                          : loaded 2 times (x 71B)
Class org.gradle.accessors.dm.LibrariesForLibs$AndroidxNavigationLibraryAccessors     : loaded 2 times (x 73B)
Class com.amazon.ion.IonInt                                                           : loaded 2 times (x 66B)
Class com.amazon.ion.impl.bin.IonRawBinaryWriter$PreallocationMode$2                  : loaded 2 times (x 78B)
Class org.jetbrains.kotlin.idea.gradleTooling.PrepareKotlinIdeImportTaskModel         : loaded 2 times (x 66B)
Class [Lorg.jetbrains.kotlin.gradle.plugin.KotlinPlatformType;                        : loaded 2 times (x 65B)
Class com.android.build.gradle.internal.dsl.NdkBuildOptions$AgpDecorated_Decorated    : loaded 2 times (x 135B)
Class com.android.build.gradle.internal.dsl.NdkBuildOptions$AgpDecorated              : loaded 2 times (x 92B)
Class com.android.build.gradle.internal.dsl.CommonExtensionImpl$sdkComponents$2       : loaded 2 times (x 75B)
Class com.android.builder.model.PackagingOptions                                      : loaded 2 times (x 66B)
Class com.android.build.api.dsl.DynamicFeatureDefaultConfig                           : loaded 2 times (x 66B)
Class [Lcom.android.builder.core.ComponentType;                                       : loaded 2 times (x 65B)
Class com.android.build.gradle.internal.lint.LintFixBuildService$RegistrationAction   : loaded 2 times (x 70B)
Class com.google.gson.internal.bind.ObjectTypeAdapter$1                               : loaded 2 times (x 72B)
Class com.android.builder.profile.NameAnonymizer$ProjectCacheLoader                   : loaded 2 times (x 72B)
Class com.android.tools.analytics.AnalyticsPaths                                      : loaded 2 times (x 67B)
Class com.google.gson.ToNumberPolicy$2                                                : loaded 2 times (x 79B)
Class com.android.build.api.extension.impl.DslLifecycleComponentsOperationsRegistrar  : loaded 2 times (x 68B)
Class com.android.builder.model.v2.models.VariantDependenciesFlatList                 : loaded 2 times (x 66B)
Class com.amazon.ion.impl.bin.IonRawBinaryWriter$PreallocationMode$3                  : loaded 2 times (x 78B)
Class com.android.ide.gradle.model.GradlePluginModel                                  : loaded 2 times (x 66B)
Class com.google.common.collect.ReverseOrdering                                       : loaded 2 times (x 111B)
Class org.gradle.tooling.model.build.JavaEnvironment                                  : loaded 2 times (x 66B)
Class com.android.build.api.artifact.impl.SingleInitialProviderRequestImpl            : loaded 2 times (x 68B)
Class com.android.build.gradle.internal.BuildTypeData                                 : loaded 2 times (x 68B)
Class com.android.build.gradle.api.UnitTestVariant                                    : loaded 2 times (x 66B)
Class com.google.common.base.Converter$ReverseConverter                               : loaded 2 times (x 86B)
Class com.android.build.gradle.internal.dsl.SigningConfigImpl                         : loaded 2 times (x 93B)
Class com.android.ide.common.signing.KeystoreHelper                                   : loaded 2 times (x 67B)
Class com.android.build.gradle.internal.services.SymbolTableBuildService$RegistrationAction: loaded 2 times (x 70B)
Class [Lcom.google.protobuf.FieldSet$FieldDescriptorLite;                             : loaded 2 times (x 65B)
Class com.google.wireless.android.sdk.stats.GradleProjectOptionsSettings$Builder      : loaded 2 times (x 316B)
Class com.google.wireless.android.sdk.stats.ProjectApiUseOrBuilder                    : loaded 2 times (x 66B)
Class com.google.wireless.android.sdk.stats.JavaProcessStatsOrBuilder                 : loaded 2 times (x 66B)
Class com.android.build.gradle.internal.plugins.AndroidPluginBaseServices$configuratorService$2$1: loaded 2 times (x 75B)
Class com.google.gson.ToNumberPolicy$3                                                : loaded 2 times (x 79B)
Class com.android.build.gradle.internal.dsl.InternalCommonExtension                   : loaded 2 times (x 66B)
Class com.google.protobuf.UnsafeUtil$JvmMemoryAccessor                                : loaded 2 times (x 87B)
Class org.gradle.accessors.dm.LibrariesForLibsInPluginsBlock$BundleAccessors          : loaded 2 times (x 69B)
Class org.jetbrains.plugins.gradle.model.GradleExtension                              : loaded 2 times (x 66B)
Class com.amazon.ion.impl.lite.IonDecimalLite                                         : loaded 2 times (x 184B)
Class com.amazon.ion.IonBufferConfiguration$Builder                                   : loaded 2 times (x 74B)
Class org.gradle.internal.time.Timer                                                  : loaded 2 times (x 66B)
Class kotlin.jvm.internal.markers.KMappedMarker                                       : loaded 2 times (x 66B)
Class org.gradle.internal.installation.CurrentGradleInstallationLocator               : loaded 2 times (x 67B)
Class com.android.build.api.artifact.impl.SingleArtifactContainer$initArtifactContainer$1: loaded 2 times (x 75B)
Class com.android.build.gradle.internal.services.VariantServicesImpl                  : loaded 2 times (x 111B)
Class com.android.build.gradle.internal.ide.v2.NativeModelBuilder_Decorated           : loaded 2 times (x 127B)
Class com.android.build.gradle.internal.dsl.ExternalNativeBuildOptions                : loaded 2 times (x 89B)
Class com.android.build.api.dsl.KeepRules                                             : loaded 2 times (x 66B)
Class com.google.protobuf.GeneratedMessageV3$ExtendableMessageOrBuilder               : loaded 2 times (x 66B)
Class [Lcom.google.protobuf.Internal$EnumLite;                                        : loaded 2 times (x 65B)
Class com.google.wireless.android.sdk.stats.GradleBuildProjectMetricsOrBuilder        : loaded 2 times (x 66B)
Class com.google.protobuf.CodedInputStream$ArrayDecoder                               : loaded 2 times (x 116B)
Class com.android.tools.analytics.HostData$osBean$2                                   : loaded 2 times (x 74B)
Class com.android.tools.analytics.HostData                                            : loaded 2 times (x 67B)
Class com.android.prefs.AndroidPathLocator                                            : loaded 2 times (x 69B)
Class com.android.build.gradle.internal.LoggerWrapper                                 : loaded 2 times (x 82B)
Class com.google.gson.ToNumberPolicy$4                                                : loaded 2 times (x 79B)
Class com.android.build.gradle.options.Option$Status$Deprecated                       : loaded 2 times (x 68B)
Class com.android.build.gradle.internal.services.ClassesHierarchyBuildService         : loaded 2 times (x 76B)
Class com.android.build.gradle.internal.packaging.GradleKeystoreHelper                : loaded 2 times (x 67B)
Class com.android.build.gradle.internal.utils.GuavaKtxKt                              : loaded 2 times (x 67B)
Class com.android.build.gradle.internal.plugins.TestPlugin                            : loaded 2 times (x 92B)
Class com.google.common.collect.Maps$KeySet                                           : loaded 2 times (x 133B)
Class [Lcom.amazon.ion.impl.bin.IonRawBinaryWriter$ContainerType;                     : loaded 2 times (x 65B)
Class org.gradle.tooling.internal.adapter.ProtocolToModelAdapter$ViewGraphDetails     : loaded 2 times (x 68B)
Class org.gradle.tooling.model.idea.IdeaProject                                       : loaded 2 times (x 66B)
Class org.gradle.tooling.model.DomainObjectSet                                        : loaded 2 times (x 66B)
Class org.gradle.internal.service.DefaultServiceLocator                               : loaded 2 times (x 79B)
Class com.android.build.api.artifact.impl.TypedStorageProvider$getArtifact$1$1        : loaded 2 times (x 75B)
Class com.android.build.gradle.internal.tasks.GlobalTask                              : loaded 2 times (x 66B)
Class com.android.build.gradle.internal.cxx.gradle.generator.CxxMetadataGenerator     : loaded 2 times (x 66B)
Class com.android.build.api.artifact.impl.StorageProviderImpl$fileStorage$1           : loaded 2 times (x 74B)
Class com.android.build.api.dsl.JacocoOptions                                         : loaded 2 times (x 66B)
Class com.android.build.gradle.internal.api.LazyAndroidSourceSet                      : loaded 2 times (x 68B)
Class com.google.protobuf.DescriptorProtos$EnumOptionsOrBuilder                       : loaded 2 times (x 66B)
Class com.google.wireless.android.sdk.stats.GradlePluginData                          : loaded 2 times (x 196B)
Class com.android.build.gradle.internal.errors.SyncIssueReporterImpl$GlobalSyncIssueService$Parameters_Decorated: loaded 2 times (x 132B)
Class com.android.builder.profile.AnalyticsProfileWriter$Companion                    : loaded 2 times (x 67B)
Class com.android.build.gradle.internal.dsl.JavaCompileOptions                        : loaded 2 times (x 78B)
Class com.google.protobuf.ProtocolStringList                                          : loaded 2 times (x 66B)
Class com.google.gson.internal.sql.SqlTypesSupport                                    : loaded 2 times (x 67B)
Class com.google.gson.Gson                                                            : loaded 2 times (x 68B)
Class com.android.build.gradle.internal.dsl.OptimizationImpl                          : loaded 2 times (x 75B)
Class com.android.build.gradle.internal.plugins.AndroidPluginBaseServices$projectServices$2: loaded 2 times (x 75B)
Class com.android.build.api.dsl.DefaultConfig                                         : loaded 2 times (x 66B)
Class com.android.build.gradle.internal.VariantManager                                : loaded 2 times (x 68B)
Class org.jetbrains.kotlin.util.capitalizeDecapitalize.CapitalizeDecapitalizeKt       : loaded 2 times (x 67B)
Class jdk.internal.jrtfs.JrtDirectoryStream                                           : loaded 2 times (x 85B)
Class com.amazon.ion.impl.bin.utf8.Utf8StringEncoder$Result                           : loaded 2 times (x 70B)
Class com.amazon.ion.impl.bin.utf8.Pool$Allocator                                     : loaded 2 times (x 66B)
Class com.amazon.ion.IonText                                                          : loaded 2 times (x 66B)
Class com.amazon.ion.impl.SymbolTokenImpl                                             : loaded 2 times (x 77B)
Class com.amazon.ion.SubstituteSymbolTableException                                   : loaded 2 times (x 80B)
Class kotlin.coroutines.jvm.internal.SuspendFunction                                  : loaded 2 times (x 66B)
Class org.gradle.util.GradleVersion                                                   : loaded 2 times (x 75B)
Class org.gradle.internal.installation.CurrentGradleInstallation                      : loaded 2 times (x 69B)
Class org.jetbrains.kotlin.gradle.plugin.KotlinCompilation                            : loaded 2 times (x 66B)
Class com.android.build.gradle.internal.tasks.DeviceSerialTestTask                    : loaded 2 times (x 309B)
Class com.android.build.gradle.internal.dsl.ApplicationAndroidResourcesImpl           : loaded 2 times (x 125B)
Class com.android.build.gradle.internal.dsl.JniLibsPackagingImpl                      : loaded 2 times (x 85B)
Class com.android.build.api.dsl.BundleLanguage                                        : loaded 2 times (x 66B)
Class com.android.build.api.dsl.BundleCountrySet                                      : loaded 2 times (x 66B)
Class com.android.build.api.dsl.BundleDeviceTier                                      : loaded 2 times (x 66B)
Class com.android.builder.core.AbstractProductFlavor                                  : loaded 2 times (x 191B)
Class com.android.build.gradle.internal.services.SymbolTableBuildService              : loaded 2 times (x 75B)
Class com.android.build.gradle.internal.ide.v2.GlobalSyncService$Parameters           : loaded 2 times (x 66B)
Class com.google.wireless.android.sdk.stats.GradleBuildProjectMetrics                 : loaded 2 times (x 195B)
Class com.android.build.gradle.internal.dsl.decorator.annotation.NonNullableSetter    : loaded 2 times (x 66B)
Class com.android.build.gradle.internal.profile.AnalyticsConfiguratorService$Inject_  : loaded 2 times (x 98B)
Class com.android.builder.profile.Recorder$VoidBlock                                  : loaded 2 times (x 66B)
Class com.android.build.api.dsl.DeviceGroup                                           : loaded 2 times (x 66B)
Class com.google.gson.Gson$1                                                          : loaded 2 times (x 72B)
Class com.android.build.gradle.internal.dsl.BundleOptionsLanguage$AgpDecorated_Decorated: loaded 2 times (x 121B)
Class com.android.build.api.extension.impl.ApplicationAndroidComponentsExtensionImpl  : loaded 2 times (x 107B)
Class com.amazon.ion.impl.bin.IonManagedBinaryWriter$ImportDescriptor                 : loaded 2 times (x 72B)
Class com.amazon.ion.SymbolTable                                                      : loaded 2 times (x 66B)
Class org.jetbrains.plugins.gradle.tooling.serialization.GradleExtensionsSerializationService$WriteContext: loaded 2 times (x 68B)
Class com.intellij.gradle.toolingExtension.impl.model.taskModel.GradleTaskSerialisationService$Companion: loaded 2 times (x 67B)
Class org.jetbrains.plugins.gradle.javaModel.JavaGradleManifestModel                  : loaded 2 times (x 66B)
Class kotlin.jvm.internal.StringCompanionObject                                       : loaded 2 times (x 67B)
Class kotlin.coroutines.intrinsics.IntrinsicsKt__IntrinsicsJvmKt                      : loaded 2 times (x 67B)
Class kotlin.coroutines.jvm.internal.CoroutineStackFrame                              : loaded 2 times (x 66B)
Class org.gradle.tooling.internal.adapter.ProtocolToModelAdapter$MethodInvocationCache$MethodInvocationKey: loaded 2 times (x 69B)
Class org.gradle.util.internal.GUtil                                                  : loaded 2 times (x 67B)
Class com.android.build.api.artifact.impl.StorageProviderImpl$directory$1             : loaded 2 times (x 74B)
Class com.android.build.gradle.api.TestVariant                                        : loaded 2 times (x 66B)
Class [Lcom.android.tools.lint.model.LintModelSeverity;                               : loaded 2 times (x 65B)
Class com.android.build.gradle.internal.CompileOptions$AgpDecorated_Decorated         : loaded 2 times (x 142B)
Class com.android.resources.ResourceEnum                                              : loaded 2 times (x 66B)
Class com.google.common.base.Converter$IdentityConverter                              : loaded 2 times (x 86B)
Class com.android.utils.StringHelper                                                  : loaded 2 times (x 67B)
Class com.android.build.api.dsl.DependenciesInfo                                      : loaded 2 times (x 66B)
Class com.android.prefs.PathLocator$WhenMappings                                      : loaded 2 times (x 67B)
Class com.google.common.util.concurrent.AbstractFuture$SetFuture                      : loaded 2 times (x 71B)
Class com.google.wireless.android.sdk.stats.JavaProcessStats                          : loaded 2 times (x 203B)
Class com.android.build.gradle.internal.dsl.BundleOptionsCountrySet$AgpDecorated_Decorated: loaded 2 times (x 126B)
Class com.google.protobuf.Message                                                     : loaded 2 times (x 66B)
Class com.android.tools.analytics.Environment$Companion$SYSTEM$1                      : loaded 2 times (x 69B)
Class com.android.tools.analytics.Environment$Companion                               : loaded 2 times (x 67B)
Class com.android.tools.analytics.Environment$SystemProperty                          : loaded 2 times (x 75B)
Class com.android.ide.common.blame.SourceFilePositionJsonSerializer                   : loaded 2 times (x 73B)
Class com.google.gson.Gson$2                                                          : loaded 2 times (x 72B)
Class com.android.build.gradle.TestPlugin                                             : loaded 2 times (x 72B)
Class sync_studio_tooling9_4jhmx0dj3i8g6e9ibkgyvgl59                                  : loaded 2 times (x 167B)
Class [Lcom.amazon.ion.impl.bin.IonManagedBinaryWriter$SymbolState;                   : loaded 2 times (x 65B)
Class com.amazon.ion.impl._Private_IonWriterBase                                      : loaded 2 times (x 158B)
Class com.amazon.ion.system.IonSystemBuilder                                          : loaded 2 times (x 71B)
Class com.amazon.ion.IonCatalog                                                       : loaded 2 times (x 66B)
Class com.intellij.gradle.toolingExtension.impl.model.sourceSetModel.GradleSourceSetSerialisationService$SourceSetModelReadContext: loaded 2 times (x 68B)
Class com.intellij.gradle.toolingExtension.impl.model.utilTurnOffDefaultTasksModel.TurnOffDefaultTasks: loaded 2 times (x 66B)
Class kotlin.collections.CollectionsKt                                                : loaded 2 times (x 67B)
Class com.android.build.gradle.internal.tasks.AndroidGlobalTask                       : loaded 2 times (x 314B)
Class com.android.build.gradle.internal.tasks.factory.TaskInformation                 : loaded 2 times (x 66B)
Class com.android.build.gradle.internal.scope.InternalArtifactType$DEFAULT_PROGUARD_FILES: loaded 2 times (x 70B)
Class com.android.build.gradle.internal.dsl.SigningConfigImpl$AgpDecorated_Decorated  : loaded 2 times (x 147B)
Class com.android.build.gradle.internal.dsl.SigningConfigImpl$AgpDecorated            : loaded 2 times (x 97B)
Class com.android.build.gradle.internal.dsl.DefaultConfig$AgpDecorated                : loaded 2 times (x 426B)
Class com.google.protobuf.ExtensionRegistryFactory                                    : loaded 2 times (x 67B)
Class com.google.protobuf.AbstractMessage$Builder                                     : loaded 2 times (x 253B)
Class com.google.gson.internal.bind.ReflectiveTypeAdapterFactory$BoundField           : loaded 2 times (x 71B)
Class com.android.ide.common.blame.Message                                            : loaded 2 times (x 68B)
Class com.google.gson.Gson$3                                                          : loaded 2 times (x 71B)
Class com.android.build.gradle.internal.dsl.VcsInfoImpl$AgpDecorated                  : loaded 2 times (x 77B)
Class org.jetbrains.plugins.gradle.tooling.serialization.AnnotationProcessingModelSerializationService$ReadContext: loaded 2 times (x 68B)
Class com.google.protobuf.ProtocolMessageEnum                                         : loaded 2 times (x 66B)
Class com.android.build.gradle.internal.plugins.BasePlugin$ExtensionData              : loaded 2 times (x 68B)
Class com.android.build.gradle.internal.VariantTaskManager                            : loaded 2 times (x 80B)
Class org.gradle.accessors.dm.LibrariesForLibs$AndroidxActivityLibraryAccessors       : loaded 2 times (x 73B)
Class com.intellij.gradle.toolingExtension.impl.model.sourceSetModel.GradleSourceSetSerialisationService$SourceSetModelWriteContext: loaded 2 times (x 68B)
Class kotlin.coroutines.CoroutineContext                                              : loaded 2 times (x 66B)
Class kotlin.coroutines.jvm.internal.DebugProbesKt                                    : loaded 2 times (x 67B)
Class org.gradle.tooling.internal.adapter.WeakIdentityHashMap                         : loaded 2 times (x 72B)
Class org.gradle.tooling.internal.adapter.ProtocolToModelAdapter$1                    : loaded 2 times (x 71B)
Class org.gradle.tooling.internal.adapter.ProtocolToModelAdapter$ViewDecoration       : loaded 2 times (x 66B)
Class org.gradle.internal.installation.GradleInstallation                             : loaded 2 times (x 71B)
Class com.android.build.gradle.internal.TaskManager$Companion                         : loaded 2 times (x 67B)
Class com.android.build.api.dsl.NdkBuild                                              : loaded 2 times (x 66B)
Class com.android.build.api.dsl.BundleAiModelVersion                                  : loaded 2 times (x 66B)
Class com.android.build.gradle.internal.dsl.decorator.SupportedPropertyType$Var$File  : loaded 2 times (x 70B)
Class com.android.build.api.dsl.TestBaseFlavor                                        : loaded 2 times (x 66B)
Class com.android.build.api.dsl.LibraryBuildType                                      : loaded 2 times (x 66B)
Class com.android.prefs.AndroidLocationsException                                     : loaded 2 times (x 78B)
Class com.google.protobuf.CodedInputStream                                            : loaded 2 times (x 115B)
Class com.google.wireless.android.sdk.stats.GradleBuildProfileSpan                    : loaded 2 times (x 212B)
Class com.google.protobuf.MessageLite                                                 : loaded 2 times (x 66B)
Class com.android.build.gradle.internal.res.Aapt2FromMaven$Companion$DefaultAapt2Version$BUILD_NUMBER$2: loaded 2 times (x 74B)
Class com.google.gson.internal.bind.DefaultDateTypeAdapter$1                          : loaded 2 times (x 71B)
Class com.google.gson.Gson$4                                                          : loaded 2 times (x 72B)
Class com.google.gson.internal.ConstructorConstructor                                 : loaded 2 times (x 68B)
Class com.android.build.api.artifact.impl.SingleInitialProviderRequestImpl$on$1       : loaded 2 times (x 71B)
Class com.android.build.api.dsl.VariantDimension                                      : loaded 2 times (x 66B)
Class jdk.internal.jimage.decompressor.ResourceDecompressor$StringsProvider           : loaded 2 times (x 66B)
Class org.gradle.accessors.dm.LibrariesForLibsInPluginsBlock$AndroidxComposeUiTestLibraryAccessors: loaded 2 times (x 74B)
Class com.amazon.ion.impl._Private_RecyclingQueue$Recycler                            : loaded 2 times (x 66B)
Class com.amazon.ion.impl.lite.ContainerlessContext                                   : loaded 2 times (x 76B)
Class org.jetbrains.plugins.gradle.tooling.serialization.GradleExtensionsSerializationService$ReadContext: loaded 2 times (x 68B)
Class com.google.common.collect.LexicographicalOrdering                               : loaded 2 times (x 111B)
Class org.gradle.tooling.internal.adapter.MethodInvoker                               : loaded 2 times (x 66B)
Class com.android.build.gradle.internal.tasks.factory.TaskFactoryImpl                 : loaded 2 times (x 79B)
Class com.android.build.gradle.internal.tasks.factory.GlobalTaskCreationConfigImpl$localCustomLintChecks$2: loaded 2 times (x 75B)
Class com.android.build.api.artifact.impl.ArtifactsImpl$3$1                           : loaded 2 times (x 76B)
Class com.android.build.gradle.internal.dsl.DependenciesInfoImpl$AgpDecorated_Decorated: loaded 2 times (x 126B)
Class com.android.build.gradle.internal.dsl.DependenciesInfoImpl$AgpDecorated         : loaded 2 times (x 80B)
Class com.android.build.gradle.internal.coverage.JacocoOptions_Decorated              : loaded 2 times (x 126B)
Class com.android.build.gradle.internal.api.artifact.SourceArtifactType$SHADERS       : loaded 2 times (x 70B)
Class com.android.builder.core.AbstractProductFlavor$Companion                        : loaded 2 times (x 67B)
Class com.android.build.api.dsl.VcsInfo                                               : loaded 2 times (x 66B)
Class com.android.build.gradle.internal.model.CoreCmakeOptions                        : loaded 2 times (x 66B)
Class com.android.build.gradle.internal.dsl.decorator.SupportedPropertyType$Collection: loaded 2 times (x 70B)
Class com.android.builder.core.ComponentType                                          : loaded 2 times (x 66B)
Class com.google.wireless.android.sdk.stats.GradleTransformExecutionOrBuilder         : loaded 2 times (x 66B)
Class com.google.protobuf.MapFieldReflectionAccessor                                  : loaded 2 times (x 70B)
Class com.google.wireless.android.sdk.stats.GradleBuildProject$Builder                : loaded 2 times (x 356B)
Class com.google.protobuf.AbstractMessageLite$Builder                                 : loaded 2 times (x 122B)
Class com.google.gson.Gson$5                                                          : loaded 2 times (x 72B)
Class com.android.build.gradle.internal.errors.AndroidProblemsReporter                : loaded 2 times (x 66B)
Class com.android.build.gradle.internal.services.AndroidLocationsBuildService$RegistrationAction: loaded 2 times (x 70B)
Class com.android.build.api.variant.CanMinifyAndroidResources                         : loaded 2 times (x 66B)
Class com.android.build.gradle.TestedExtension                                        : loaded 2 times (x 215B)
Class com.amazon.ion.UnexpectedEofException                                           : loaded 2 times (x 80B)
Class com.amazon.ion.IonSexp                                                          : loaded 2 times (x 66B)
Class com.amazon.ion.ReadOnlyValueException                                           : loaded 2 times (x 80B)
Class com.amazon.ion.impl._Private_LocalSymbolTable                                   : loaded 2 times (x 66B)
Class com.amazon.ion.BufferConfiguration$DataHandler                                  : loaded 2 times (x 66B)
Class com.amazon.ion.impl._Private_IonBinaryWriterBuilder                             : loaded 2 times (x 111B)
Class org.jetbrains.plugins.gradle.tooling.serialization.RepositoriesModelSerializationService$WriteContext: loaded 2 times (x 68B)
Class com.android.ide.gradle.model.LegacyAndroidGradlePluginProperties                : loaded 2 times (x 66B)
Class kotlin.jvm.KotlinReflectionNotSupportedError                                    : loaded 2 times (x 78B)
Class org.gradle.tooling.model.gradle.GradleScript                                    : loaded 2 times (x 66B)

---------------  S Y S T E M  ---------------

OS:
 Windows 11 , 64 bit Build 26100 (10.0.26100.7920)
OS uptime: 0 days 3:09 hours

CPU: total 8 (initial active 8) (4 cores per cpu, 2 threads per core) family 6 model 126 stepping 5 microcode 0xb0, cx8, cmov, fxsr, ht, mmx, 3dnowpref, sse, sse2, sse3, ssse3, sse4.1, sse4.2, popcnt, lzcnt, tsc, tscinvbit, avx, avx2, aes, erms, clmul, bmi1, bmi2, adx, avx512f, avx512dq, avx512cd, avx512bw, avx512vl, sha, fma, vzeroupper, avx512_vpopcntdq, avx512_vpclmulqdq, avx512_vaes, avx512_vnni, clflush, clflushopt, avx512_vbmi2, avx512_vbmi, rdtscp, rdpid, fsrm, gfni, avx512_bitalg, f16c, pku, avx512_ifma
Processor Information for the first 8 processors :
  Max Mhz: 1190, Current Mhz: 991, Mhz Limit: 987

Memory: 4k page, system-wide physical 16122M (3452M free)
TotalPageFile size 18170M (AvailPageFile size 2592M)
current process WorkingSet (physical memory assigned to process): 977M, peak: 982M
current process commit charge ("private bytes"): 1013M, peak: 1020M

vm_info: OpenJDK 64-Bit Server VM (21.0.6+-13391695-b895.109) for windows-amd64 JRE (21.0.6+-13391695-b895.109), built on 2025-04-22T21:19:17Z by "builder" with MS VC++ 16.10 / 16.11 (VS2019)

END.
