#
# A fatal error has been detected by the Java Runtime Environment:
#
#  EXCEPTION_ACCESS_VIOLATION (0xc0000005) at pc=0x00007ff937d8fdff, pid=11816, tid=15472
#
# JRE version: OpenJDK Runtime Environment (21.0.6) (build 21.0.6+-13391695-b895.109)
# Java VM: OpenJDK 64-Bit Server VM (21.0.6+-13391695-b895.109, mixed mode, tiered, compressed oops, compressed class ptrs, g1 gc, windows-amd64)
# Problematic frame:
# V  [jvm.dll+0x33fdff]
#
# No core dump will be written. Minidumps are not enabled by default on client versions of Windows
#
# If you would like to submit a bug report, please visit:
#   https://youtrack.jetbrains.com/issues/JBR
#

---------------  S U M M A R Y ------------

Command Line: --add-opens=java.base/java.lang=ALL-UNNAMED --add-opens=java.base/java.lang.invoke=ALL-UNNAMED --add-opens=java.base/java.util=ALL-UNNAMED --add-opens=java.prefs/java.util.prefs=ALL-UNNAMED --add-exports=jdk.compiler/com.sun.tools.javac.api=ALL-UNNAMED --add-exports=jdk.compiler/com.sun.tools.javac.util=ALL-UNNAMED --add-opens=java.base/java.util=ALL-UNNAMED --add-opens=java.prefs/java.util.prefs=ALL-UNNAMED --add-opens=java.base/java.nio.charset=ALL-UNNAMED --add-opens=java.base/java.net=ALL-UNNAMED --add-opens=java.base/java.util.concurrent=ALL-UNNAMED --add-opens=java.base/java.util.concurrent.atomic=ALL-UNNAMED --add-opens=java.xml/javax.xml.namespace=ALL-UNNAMED --add-opens=java.base/java.time=ALL-UNNAMED -Xmx2048m -Dfile.encoding=UTF-8 -Duser.country=TR -Duser.language=tr -Duser.variant -javaagent:C:\Users\duygu\.gradle\wrapper\dists\gradle-9.3.1-bin\23ovyewtku6u96viwx3xl3oks\gradle-9.3.1\lib\agents\gradle-instrumentation-agent-9.3.1.jar org.gradle.launcher.daemon.bootstrap.GradleDaemon 9.3.1

Host: Intel(R) Core(TM) i5-1035G1 CPU @ 1.00GHz, 8 cores, 15G,  Windows 11 , 64 bit Build 26100 (10.0.26100.7920)
Time: Fri May 22 22:29:52 2026 Türkiye Standart Saati elapsed time: 4875.097215 seconds (0d 1h 21m 15s)

---------------  T H R E A D  ---------------

Current thread (0x0000014d333fdeb0):  WorkerThread "GC Thread#2"    [id=15472, stack(0x0000001de3c00000,0x0000001de3d00000) (1024K)]

Stack: [0x0000001de3c00000,0x0000001de3d00000],  sp=0x0000001de3cffb70,  free space=1022k
Native frames: (J=compiled Java code, j=interpreted, Vv=VM code, C=native code)
V  [jvm.dll+0x33fdff]
V  [jvm.dll+0x33df2a]
V  [jvm.dll+0x34671d]
V  [jvm.dll+0x34618e]
V  [jvm.dll+0x345f5e]
V  [jvm.dll+0x345852]
V  [jvm.dll+0x88c7e4]
V  [jvm.dll+0x806ed8]
V  [jvm.dll+0x6cef0d]
C  [ucrtbase.dll+0x37b0]
C  [KERNEL32.DLL+0x2e8d7]
C  [ntdll.dll+0x8c48c]


siginfo: EXCEPTION_ACCESS_VIOLATION (0xc0000005), reading address 0x000000018006ba24


Registers:
RAX=0x000000018006ba18, RBX=0x000000008732b3f0, RCX=0x0000000000000003, RDX=0x0000000000000873
RSP=0x0000001de3cffb70, RBP=0x0000000000000003, RSI=0x0000014d39bc1480, RDI=0x000000008732b3f0
R8 =0x0000014d2a2acac8, R9 =0x0000000000000145, R10=0x0000000000000065, R11=0x0000000000000004
R12=0x0000000100326e10, R13=0x000000008732b1d8, R14=0x0000000000000000, R15=0x0000014d39bc1a30
RIP=0x00007ff937d8fdff, EFLAGS=0x0000000000010206

XMM[0]=0x0000001d00000000 0x000000008366f740
XMM[1]=0x0000000000000000 0x0000001de54ff7b0
XMM[2]=0x0000000000000000 0x0000000000000000
XMM[3]=0x0000000000000000 0x0000000000000000
XMM[4]=0x0000000000000000 0x0000000000000000
XMM[5]=0x0000000000000000 0x0000000000000000
XMM[6]=0x0000000000000000 0x0000000000000000
XMM[7]=0x0000000000000000 0x0000000000000000
XMM[8]=0x0000000000000000 0x0000000000000000
XMM[9]=0x0000000000000000 0x0000000000000000
XMM[10]=0x0000000000000000 0x0000000000000000
XMM[11]=0x0000000000000000 0x0000000000000000
XMM[12]=0x0000000000000000 0x0000000000000000
XMM[13]=0x0000000000000000 0x0000000000000000
XMM[14]=0x0000000000000000 0x0000000000000000
XMM[15]=0x0000000000000000 0x0000000000000000
  MXCSR=0x00001fa0


Register to memory mapping:

RAX=0x000000018006ba18 is an unknown value
RBX=
[error occurred during error reporting (printing register info), id 0xc0000005, EXCEPTION_ACCESS_VIOLATION (0xc0000005) at pc=0x00007ff937b8a0f6]
RCX=0x0000000000000003 is an unknown value
RDX=0x0000000000000873 is an unknown value
RSP=0x0000001de3cffb70 points into unknown readable memory: 0x000000008732b3f0 | f0 b3 32 87 00 00 00 00
RBP=0x0000000000000003 is an unknown value
RSI=0x0000014d39bc1480 points into unknown readable memory: 0x0000001de2fff1d0 | d0 f1 ff e2 1d 00 00 00
RDI=
[error occurred during error reporting (printing register info, attempt 2), id 0xc0000005, EXCEPTION_ACCESS_VIOLATION (0xc0000005) at pc=0x00007ff937b8a0f6]
R8 =0x0000014d2a2acac8 points into unknown readable memory: 0x5000488002448240 | 40 82 44 02 80 48 00 50
R9 =0x0000000000000145 is an unknown value
R10=0x0000000000000065 is an unknown value
R11=0x0000000000000004 is an unknown value
R12=0x0000000100326e10 is a pointer to class: 
org.gradle.cache.CrossProcessCacheAccess {0x0000000100326e18}
 - instance size:     2
 - klass size:        66
 - access:            public interface abstract 
 - flags:             rewritten should_verify_class 
 - state:             linked
 - name:              'org/gradle/cache/CrossProcessCacheAccess'
 - super:             'java/lang/Object'
 - sub:               
 - nof implementors:  1
 - implementor:    
   'org/gradle/cache/internal/AbstractCrossProcessCacheAccess'
 - arrays:            null
 - methods:           Array<T>(0x0000014d30689e30)
 - method ordering:   Array<T>(0x0000014d2f000018)
 - local interfaces:  Array<T>(0x0000014d2f000058)
 - trans. interfaces: Array<T>(0x0000014d2f000058)
 - constants:         constant pool [15] {0x0000014d30689d60} for 'org/gradle/cache/CrossProcessCacheAccess' cache=0x0000014d30694108
 - class loader data:  loader data: 0x0000014d33524380 for instance a 'org/gradle/internal/classloader/VisitableURLClassLoader'{0x0000000080803be8}
 - source file:       'CrossProcessCacheAccess.java'
 - inner classes:     Array<T>(0x0000014d2f000028)
 - nest members:     Array<T>(0x0000014d2f000028)
 - permitted subclasses:     Array<T>(0x0000014d2f000028)
 - java mirror:       a 'java/lang/Class'{0x000000008150afc0} = 'org/gradle/cache/CrossProcessCacheAccess'
 - vtable length      5  (start addr: 0x0000000100326ff0)
 - itable length      0 (start addr: 0x0000000100327018)
 - ---- static fields (0 words):
 - ---- non-static fields (0 words):
 - non-static oop maps: 
R13=0x000000008732b1d8 is an oop: org.gradle.cache.internal.DefaultCacheCoordinator 
{0x000000008732b1d8} - klass: 'org/gradle/cache/internal/DefaultCacheCoordinator'
 - ---- fields (total size 11 words):
 - private 'cacheClosedCount' 'I' @12  0 (0x00000000)
 - private 'open' 'Z' @16  true (0x01)
 - private 'alreadyCleaned' 'Z' @17  false (0x00)
 - private final 'cacheDisplayName' 'Ljava/lang/String;' @20  "cache directory d314c7f4aa59b1f9de1eaac999876061 (C:\Users\duygu\.gradle\caches\9.3.1\transforms\d314c7f4aa59b1f9de1eaac999876061)"{0x000000008732af38} (0x8732af38)
 - private final 'baseDir' 'Ljava/io/File;' @24  a 'java/io/File'{0x000000008732afe8} (0x8732afe8)
 - private final 'cleanupAction' 'Lorg/gradle/cache/internal/CacheCleanupExecutor;' @28  a 'org/gradle/cache/internal/DefaultCacheCleanupExecutor'{0x000000008732b230} (0x8732b230)
 - private final 'executorFactory' 'Lorg/gradle/internal/concurrent/ExecutorFactory;' @32  a 'org/gradle/internal/concurrent/DefaultExecutorFactory'{0x0000000080801b98} (0x80801b98)
 - private final 'fileAccess' 'Lorg/gradle/cache/FileAccess;' @36  a 'org/gradle/cache/internal/DefaultCacheCoordinator$UnitOfWorkFileAccess'{0x000000008732b3e0} (0x8732b3e0)
 - private final 'caches' 'Ljava/util/Map;' @40  
[error occurred during error reporting (printing register info, attempt 3), id 0xc0000005, EXCEPTION_ACCESS_VIOLATION (0xc0000005) at pc=0x00007ff93810b116]
Top of Stack: (sp=0x0000001de3cffb70)
0x0000001de3cffb70:   000000008732b3f0 00007ff937d8e981
0x0000001de3cffb80:   0000014d39bc1a30 00007ff938582cf8
0x0000001de3cffb90:   000000008366f7b0 000000716a0b5409
0x0000001de3cffba0:   0000014d39bc1480 00007ff937d8df2a
0x0000001de3cffbb0:   000000008732b22c 000000008732b3f0
0x0000001de3cffbc0:   0000000100326e08 000000008732b200
0x0000001de3cffbd0:   000000000000000c 00007ff938582cf8
0x0000001de3cffbe0:   0000000000000000 0000001de2fff3d0
0x0000001de3cffbf0:   0000014d39bc1480 00007ff937d9671d
0x0000001de3cffc00:   0000000000000000 0000000000000144
0x0000001de3cffc10:   000000008732b1d8 000000008e6f30cc
0x0000001de3cffc20:   000000000000000c 0000000000000000
0x0000001de3cffc30:   000000008e6f10c0 0000000000000000
0x0000001de3cffc40:   0000014d39bc1480 00007ff937d9618e
0x0000001de3cffc50:   0000014d39bc1480 0000000000000000
0x0000001de3cffc60:   0000000000000800 0000000000000000
0x0000001de3cffc70:   000000008e6f10c0 0000001d00000000
0x0000001de3cffc80:   0000000000000000 0000000000000000
0x0000001de3cffc90:   0000014d33208180 000000000000000c
0x0000001de3cffca0:   0000001de2fff3b8 0000001de2ffe9e0
0x0000001de3cffcb0:   0000014d39bc1480 00007ff937d95f5e
0x0000001de3cffcc0:   0000001de2ffe8a0 00007ff937db6557
0x0000001de3cffcd0:   00007ff938582cf8 0000001de2ffe880
0x0000001de3cffce0:   0000014d33208190 00007ff938262187
0x0000001de3cffcf0:   0000000000000003 0000014d39bc1480
0x0000001de3cffd00:   00000000000003d8 0000014d33208568
0x0000001de3cffd10:   0000014d33208190 00007ff937d95852
0x0000001de3cffd20:   00007ff9383be0c8 0000014d33208180
0x0000001de3cffd30:   0000014d3342eae0 0000001de2ffe880
0x0000001de3cffd40:   000000000000002d 0000000000001535
0x0000001de3cffd50:   0000000b59b30071 000005472314264e
0x0000001de3cffd60:   0000000b59b30071 000005472314264e 

Instructions: (pc=0x00007ff937d8fdff)
0x00007ff937d8fcff:   75 0a 48 8b cf e8 07 5f f4 ff 33 d2 48 8b 47 38
0x00007ff937d8fd0f:   48 8b ca 0f 10 44 24 20 48 03 c9 0f 11 04 c8 48
0x00007ff937d8fd1f:   8d 42 01 48 89 47 20 80 3d d4 43 87 00 00 48 89
0x00007ff937d8fd2f:   6c 24 40 4c 89 74 24 50 0f 84 93 00 00 00 48 85
0x00007ff937d8fd3f:   db 0f 84 8a 00 00 00 0f b6 3d c3 34 7f 00 8b 2d
0x00007ff937d8fd4f:   c5 21 7f 00 4c 8b 35 b6 21 7f 00 40 84 ff 74 0f
0x00007ff937d8fd5f:   8b 53 08 8b cd 8b c2 48 d3 e0 49 03 c6 eb 06 48
0x00007ff937d8fd6f:   8b 43 08 8b d0 48 3b 05 bd 2e 89 00 74 38 80 3d
0x00007ff937d8fd7f:   2c 27 89 00 00 74 5e 40 84 ff 74 0c 8b c2 8b cd
0x00007ff937d8fd8f:   48 d3 e0 49 03 c6 eb 04 48 8b 43 08 48 8b 88 b8
0x00007ff937d8fd9f:   00 00 00 48 85 c9 74 05 e8 14 46 e0 ff 48 3b 05
0x00007ff937d8fdaf:   85 2e 89 00 75 2f 48 8b cb e8 13 71 02 00 84 c0
0x00007ff937d8fdbf:   74 0f 48 8d 8e 00 06 00 00 48 8b d3 e8 c0 d3 41
0x00007ff937d8fdcf:   00 4c 8b 35 39 21 7f 00 8b 2d 3b 21 7f 00 0f b6
0x00007ff937d8fddf:   3d 2c 34 7f 00 40 84 ff 48 8b 7c 24 48 74 0d 8b
0x00007ff937d8fdef:   43 08 8b cd 48 d3 e0 49 03 c6 eb 04 48 8b 43 08
0x00007ff937d8fdff:   83 78 0c 04 4c 8b 74 24 50 48 8b 6c 24 40 75 17
0x00007ff937d8fe0f:   48 63 05 e2 ba 84 00 0f b6 04 18 a8 08 75 08 48
0x00007ff937d8fe1f:   8b cb e8 5a 5c 41 00 48 8d 8e 20 06 00 00 48 8b
0x00007ff937d8fe2f:   d3 e8 0b cd 01 00 48 8b 5c 24 58 b0 01 48 83 c4
0x00007ff937d8fe3f:   30 5e c3 cc cc cc cc cc cc cc cc cc cc cc cc cc
0x00007ff937d8fe4f:   cc 48 89 5c 24 10 48 89 74 24 18 48 89 7c 24 20
0x00007ff937d8fe5f:   55 41 56 41 57 48 8d ac 24 60 fc ff ff 48 81 ec
0x00007ff937d8fe6f:   a0 04 00 00 48 8b 05 be ae 81 00 48 33 c4 48 89
0x00007ff937d8fe7f:   85 90 03 00 00 4c 8b f1 48 83 c1 08 e8 f0 7b d4
0x00007ff937d8fe8f:   ff 4c 8b c0 c6 44 24 20 00 41 b9 0b 00 00 00 48
0x00007ff937d8fe9f:   8d 15 73 d3 62 00 48 8d 4d 40 e8 52 ef ff ff 49
0x00007ff937d8feaf:   8b d6 48 8d 8d d0 00 00 00 e8 23 58 00 00 49 8b
0x00007ff937d8febf:   0e 48 8d 95 d0 00 00 00 45 8b 86 d0 01 00 00 48
0x00007ff937d8fecf:   8b 49 78 e8 79 c9 54 00 48 8d 8d 30 02 00 00 e8
0x00007ff937d8fedf:   5d e2 49 00 48 8d 8d f0 00 00 00 e8 a1 f8 ff ff
0x00007ff937d8feef:   49 8b 06 41 8b 96 d0 01 00 00 48 8b 88 30 05 00 


Stack slot to memory mapping:

stack at sp + 0 slots: 
[error occurred during error reporting (inspecting top of stack), id 0xc0000005, EXCEPTION_ACCESS_VIOLATION (0xc0000005) at pc=0x00007ff937b8a0f6]
stack at sp + 1 slots: 0x00007ff937d8e981 jvm.dll
stack at sp + 2 slots: 0x0000014d39bc1a30 points into unknown readable memory: 0x00007ff9383bd598 | 98 d5 3b 38 f9 7f 00 00
stack at sp + 3 slots: 0x00007ff938582cf8 jvm.dll
stack at sp + 4 slots: 0x000000008366f7b0 is an oop: sun.nio.ch.FileLockImpl 
{0x000000008366f7b0} - klass: 'sun/nio/ch/FileLockImpl'
 - ---- fields (total size 5 words):
 - private final 'shared' 'Z' @12  false (0x00)
 - private final 'position' 'J' @16  0 (0x0000000000000000)
 - private final 'size' 'J' @24  17 (0x0000000000000011)
 - private final 'channel' 'Ljava/nio/channels/Channel;' @32  a 'sun/nio/ch/FileChannelImpl'{0x000000008366f628} (0x8366f628)
 - private volatile 'invalid' 'Z' @13  false (0x00)
stack at sp + 5 slots: 0x000000716a0b5409 is an unknown value
stack at sp + 6 slots: 0x0000014d39bc1480 points into unknown readable memory: 0x0000001de2fff1d0 | d0 f1 ff e2 1d 00 00 00
stack at sp + 7 slots: 0x00007ff937d8df2a jvm.dll


---------------  P R O C E S S  ---------------

Threads class SMR info:
_java_thread_list=0x0000014d369b7660, length=105, elements={
0x0000014d17455580, 0x0000014d330fcb20, 0x0000014d331000f0, 0x0000014d330e7cf0,
0x0000014d330ebe00, 0x0000014d330e8b30, 0x0000014d3310af80, 0x0000014d3310bd00,
0x0000014d3310e9e0, 0x0000014d33255bc0, 0x0000014d334121a0, 0x0000014d347844e0,
0x0000014d332a7ec0, 0x0000014d344d2100, 0x0000014d34faa210, 0x0000014d34fa8e60,
0x0000014d34faa8a0, 0x0000014d35d93580, 0x0000014d35d90790, 0x0000014d35d92860,
0x0000014d35d921d0, 0x0000014d35d90e20, 0x0000014d35d92ef0, 0x0000014d35d91b40,
0x0000014d35d914b0, 0x0000014d35d90100, 0x0000014d35d942a0, 0x0000014d35d94930,
0x0000014d339222d0, 0x0000014d3f59ef20, 0x0000014d3fa15860, 0x0000014d40aa1f50,
0x0000014d40aa0ba0, 0x0000014d40aa18c0, 0x0000014d40aa1230, 0x0000014d40aa25e0,
0x0000014d40aa2c70, 0x0000014d40aa3990, 0x0000014d40aa0510, 0x0000014d40aa4d40,
0x0000014d40aa74a0, 0x0000014d40aa53d0, 0x0000014d40aa6780, 0x0000014d40aa4020,
0x0000014d40aa81c0, 0x0000014d40aa60f0, 0x0000014d40aa6e10, 0x0000014d40aa7b30,
0x0000014d40aa8850, 0x0000014d40aa8ee0, 0x0000014d40aa5a60, 0x0000014d40aa9c00,
0x0000014d40aac360, 0x0000014d40aaa290, 0x0000014d40aac9f0, 0x0000014d40aaa920,
0x0000014d40aab640, 0x0000014d40aabcd0, 0x0000014d40aa9570, 0x0000014d40aad080,
0x0000014d3fa15ef0, 0x0000014d3fa12a70, 0x0000014d3fa13100, 0x0000014d3fa16580,
0x0000014d3fa16c10, 0x0000014d3fa172a0, 0x0000014d3fa13e20, 0x0000014d3fa17930,
0x0000014d3fa144b0, 0x0000014d3fa1a090, 0x0000014d3fa17fc0, 0x0000014d3fa1b440,
0x0000014d3fa18ce0, 0x0000014d3fa1adb0, 0x0000014d3fa1a720, 0x0000014d3fa19370,
0x0000014d3fa1bad0, 0x0000014d3fa19a00, 0x0000014d3fa18650, 0x0000014d3fa1c160,
0x0000014d3fa1ce80, 0x0000014d3fa1d510, 0x0000014d3fa1e230, 0x0000014d3fa1dba0,
0x0000014d3fa1e8c0, 0x0000014d3fa1ef50, 0x0000014d3fa1fc70, 0x0000014d3fa1c7f0,
0x0000014d3fa20300, 0x0000014d3fa21020, 0x0000014d3fa21d40, 0x0000014d3fa20990,
0x0000014d3fa216b0, 0x0000014d39bb8ab0, 0x0000014d39bb9140, 0x0000014d39bb69e0,
0x0000014d39bb7070, 0x0000014d39bb9e60, 0x0000014d39bbab80, 0x0000014d39bb7700,
0x0000014d39bbb210, 0x0000014d39bbb8a0, 0x0000014d39bbed20, 0x0000014d39bbf3b0,
0x0000014d39bbcc50
}

Java Threads: ( => current thread )
  0x0000014d17455580 JavaThread "main"                              [_thread_blocked, id=18420, stack(0x0000001de2800000,0x0000001de2900000) (1024K)]
  0x0000014d330fcb20 JavaThread "Reference Handler"          daemon [_thread_blocked, id=4648, stack(0x0000001de3000000,0x0000001de3100000) (1024K)]
  0x0000014d331000f0 JavaThread "Finalizer"                  daemon [_thread_blocked, id=18040, stack(0x0000001de3100000,0x0000001de3200000) (1024K)]
  0x0000014d330e7cf0 JavaThread "Signal Dispatcher"          daemon [_thread_blocked, id=14652, stack(0x0000001de3200000,0x0000001de3300000) (1024K)]
  0x0000014d330ebe00 JavaThread "Attach Listener"            daemon [_thread_blocked, id=4364, stack(0x0000001de3300000,0x0000001de3400000) (1024K)]
  0x0000014d330e8b30 JavaThread "Service Thread"             daemon [_thread_blocked, id=18228, stack(0x0000001de3400000,0x0000001de3500000) (1024K)]
  0x0000014d3310af80 JavaThread "Monitor Deflation Thread"   daemon [_thread_blocked, id=14156, stack(0x0000001de3500000,0x0000001de3600000) (1024K)]
  0x0000014d3310bd00 JavaThread "C2 CompilerThread0"         daemon [_thread_blocked, id=16456, stack(0x0000001de3600000,0x0000001de3700000) (1024K)]
  0x0000014d3310e9e0 JavaThread "C1 CompilerThread0"         daemon [_thread_blocked, id=8900, stack(0x0000001de3700000,0x0000001de3800000) (1024K)]
  0x0000014d33255bc0 JavaThread "Common-Cleaner"             daemon [_thread_blocked, id=12540, stack(0x0000001de3800000,0x0000001de3900000) (1024K)]
  0x0000014d334121a0 JavaThread "Notification Thread"        daemon [_thread_blocked, id=12204, stack(0x0000001de3900000,0x0000001de3a00000) (1024K)]
  0x0000014d347844e0 JavaThread "Daemon health stats"               [_thread_blocked, id=14100, stack(0x0000001de4000000,0x0000001de4100000) (1024K)]
  0x0000014d332a7ec0 JavaThread "Incoming local TCP Connector on port 61942"        [_thread_in_native, id=4948, stack(0x0000001de3a00000,0x0000001de3b00000) (1024K)]
  0x0000014d344d2100 JavaThread "Daemon periodic checks"            [_thread_blocked, id=14192, stack(0x0000001de4100000,0x0000001de4200000) (1024K)]
  0x0000014d34faa210 JavaThread "Cache worker for journal cache (C:\Users\duygu\.gradle\caches\journal-1)"        [_thread_blocked, id=6376, stack(0x0000001de4c00000,0x0000001de4d00000) (1024K)]
  0x0000014d34fa8e60 JavaThread "File lock request listener"        [_thread_in_native, id=8232, stack(0x0000001de4d00000,0x0000001de4e00000) (1024K)]
  0x0000014d34faa8a0 JavaThread "Cache worker for file hash cache (C:\Users\duygu\.gradle\caches\9.3.1\fileHashes)"        [_thread_blocked, id=15324, stack(0x0000001de4f00000,0x0000001de5000000) (1024K)]
  0x0000014d35d93580 JavaThread "File watcher server"        daemon [_thread_blocked, id=6828, stack(0x0000001de4e00000,0x0000001de4f00000) (1024K)]
  0x0000014d35d90790 JavaThread "File watcher consumer"      daemon [_thread_blocked, id=964, stack(0x0000001de5100000,0x0000001de5200000) (1024K)]
  0x0000014d35d92860 JavaThread "jar transforms"                    [_thread_blocked, id=9932, stack(0x0000001de5500000,0x0000001de5600000) (1024K)]
  0x0000014d35d921d0 JavaThread "jar transforms Thread 2"           [_thread_blocked, id=9028, stack(0x0000001de5600000,0x0000001de5700000) (1024K)]
  0x0000014d35d90e20 JavaThread "jar transforms Thread 3"           [_thread_blocked, id=11784, stack(0x0000001de5700000,0x0000001de5800000) (1024K)]
  0x0000014d35d92ef0 JavaThread "jar transforms Thread 4"           [_thread_blocked, id=14704, stack(0x0000001de5800000,0x0000001de5900000) (1024K)]
  0x0000014d35d91b40 JavaThread "jar transforms Thread 5"           [_thread_blocked, id=17384, stack(0x0000001de5900000,0x0000001de5a00000) (1024K)]
  0x0000014d35d914b0 JavaThread "jar transforms Thread 6"           [_thread_blocked, id=17580, stack(0x0000001de5a00000,0x0000001de5b00000) (1024K)]
  0x0000014d35d90100 JavaThread "jar transforms Thread 7"           [_thread_blocked, id=15632, stack(0x0000001de5b00000,0x0000001de5c00000) (1024K)]
  0x0000014d35d942a0 JavaThread "jar transforms Thread 8"           [_thread_blocked, id=12308, stack(0x0000001de5c00000,0x0000001de5d00000) (1024K)]
  0x0000014d35d94930 JavaThread "Cache worker for file content cache (C:\Users\duygu\.gradle\caches\9.3.1\fileContent)"        [_thread_blocked, id=2104, stack(0x0000001de5d00000,0x0000001de5e00000) (1024K)]
  0x0000014d339222d0 JavaThread "Memory manager"                    [_thread_blocked, id=6952, stack(0x0000001de8900000,0x0000001de8a00000) (1024K)]
  0x0000014d3f59ef20 JavaThread "pool-3-thread-1"                   [_thread_blocked, id=7356, stack(0x0000001de8a00000,0x0000001de8b00000) (1024K)]
  0x0000014d3fa15860 JavaThread "pool-6-thread-1"                   [_thread_blocked, id=15384, stack(0x0000001de7200000,0x0000001de7300000) (1024K)]
  0x0000014d40aa1f50 JavaThread "Daemon Thread 2"                   [_thread_blocked, id=17588, stack(0x0000001de2600000,0x0000001de2700000) (1024K)]
  0x0000014d40aa0ba0 JavaThread "Handler for socket connection from /127.0.0.1:61942 to /127.0.0.1:55350"        [_thread_in_native, id=13460, stack(0x0000001de2700000,0x0000001de2800000) (1024K)]
  0x0000014d40aa18c0 JavaThread "Cancel handler"                    [_thread_blocked, id=13536, stack(0x0000001de4200000,0x0000001de4300000) (1024K)]
  0x0000014d40aa1230 JavaThread "Daemon worker Thread 2"            [_thread_blocked, id=3664, stack(0x0000001de4300000,0x0000001de4400000) (1024K)]
  0x0000014d40aa25e0 JavaThread "Asynchronous log dispatcher for DefaultDaemonConnection: socket connection from /127.0.0.1:61942 to /127.0.0.1:55350"        [_thread_blocked, id=11972, stack(0x0000001de4700000,0x0000001de4800000) (1024K)]
  0x0000014d40aa2c70 JavaThread "Stdin handler"                     [_thread_blocked, id=4436, stack(0x0000001de4800000,0x0000001de4900000) (1024K)]
  0x0000014d40aa3990 JavaThread "Daemon client event forwarder"        [_thread_blocked, id=11304, stack(0x0000001de4900000,0x0000001de4a00000) (1024K)]
  0x0000014d40aa0510 JavaThread "Cache worker for file hash cache (C:\Users\duygu\AndroidStudioProjects\TicketApp\.gradle\9.3.1\fileHashes)"        [_thread_blocked, id=15372, stack(0x0000001de4a00000,0x0000001de4b00000) (1024K)]
  0x0000014d40aa4d40 JavaThread "Cache worker for Build Output Cleanup Cache (C:\Users\duygu\AndroidStudioProjects\TicketApp\.gradle\buildOutputCleanup)"        [_thread_blocked, id=3416, stack(0x0000001de4b00000,0x0000001de4c00000) (1024K)]
  0x0000014d40aa74a0 JavaThread "Cache worker for checksums cache (C:\Users\duygu\AndroidStudioProjects\TicketApp\.gradle\9.3.1\checksums)"        [_thread_blocked, id=4564, stack(0x0000001de5000000,0x0000001de5100000) (1024K)]
  0x0000014d40aa53d0 JavaThread "Cache worker for cache directory md-supplier (C:\Users\duygu\.gradle\caches\9.3.1\md-supplier)"        [_thread_blocked, id=18224, stack(0x0000001de5200000,0x0000001de5300000) (1024K)]
  0x0000014d40aa6780 JavaThread "Cache worker for cache directory md-rule (C:\Users\duygu\.gradle\caches\9.3.1\md-rule)"        [_thread_blocked, id=5484, stack(0x0000001de5300000,0x0000001de5400000) (1024K)]
  0x0000014d40aa4020 JavaThread "Unconstrained build operations"        [_thread_blocked, id=13476, stack(0x0000001de5f00000,0x0000001de6000000) (1024K)]
  0x0000014d40aa81c0 JavaThread "Unconstrained build operations Thread 2"        [_thread_blocked, id=16180, stack(0x0000001de6000000,0x0000001de6100000) (1024K)]
  0x0000014d40aa60f0 JavaThread "Unconstrained build operations Thread 3"        [_thread_blocked, id=14240, stack(0x0000001de6100000,0x0000001de6200000) (1024K)]
  0x0000014d40aa6e10 JavaThread "Unconstrained build operations Thread 4"        [_thread_blocked, id=4448, stack(0x0000001de6200000,0x0000001de6300000) (1024K)]
  0x0000014d40aa7b30 JavaThread "Unconstrained build operations Thread 5"        [_thread_blocked, id=17928, stack(0x0000001de6300000,0x0000001de6400000) (1024K)]
  0x0000014d40aa8850 JavaThread "Unconstrained build operations Thread 6"        [_thread_blocked, id=12720, stack(0x0000001de6400000,0x0000001de6500000) (1024K)]
  0x0000014d40aa8ee0 JavaThread "Unconstrained build operations Thread 7"        [_thread_blocked, id=12596, stack(0x0000001de6500000,0x0000001de6600000) (1024K)]
  0x0000014d40aa5a60 JavaThread "Unconstrained build operations Thread 8"        [_thread_blocked, id=9012, stack(0x0000001de6600000,0x0000001de6700000) (1024K)]
  0x0000014d40aa9c00 JavaThread "Unconstrained build operations Thread 9"        [_thread_blocked, id=2856, stack(0x0000001de6700000,0x0000001de6800000) (1024K)]
  0x0000014d40aac360 JavaThread "Unconstrained build operations Thread 10"        [_thread_blocked, id=14728, stack(0x0000001de6800000,0x0000001de6900000) (1024K)]
  0x0000014d40aaa290 JavaThread "Unconstrained build operations Thread 11"        [_thread_blocked, id=17600, stack(0x0000001de6900000,0x0000001de6a00000) (1024K)]
  0x0000014d40aac9f0 JavaThread "Unconstrained build operations Thread 12"        [_thread_blocked, id=10580, stack(0x0000001de6a00000,0x0000001de6b00000) (1024K)]
  0x0000014d40aaa920 JavaThread "Unconstrained build operations Thread 13"        [_thread_blocked, id=7424, stack(0x0000001de6b00000,0x0000001de6c00000) (1024K)]
  0x0000014d40aab640 JavaThread "Unconstrained build operations Thread 14"        [_thread_blocked, id=11736, stack(0x0000001de6c00000,0x0000001de6d00000) (1024K)]
  0x0000014d40aabcd0 JavaThread "Problems report writer"            [_thread_blocked, id=1172, stack(0x0000001de6d00000,0x0000001de6e00000) (1024K)]
  0x0000014d40aa9570 JavaThread "build event listener"              [_thread_blocked, id=7828, stack(0x0000001de6e00000,0x0000001de6f00000) (1024K)]
  0x0000014d40aad080 JavaThread "build event listener"              [_thread_blocked, id=7912, stack(0x0000001de6f00000,0x0000001de7000000) (1024K)]
  0x0000014d3fa15ef0 JavaThread "pool-9-thread-1"                   [_thread_blocked, id=15904, stack(0x0000001de7000000,0x0000001de7100000) (1024K)]
  0x0000014d3fa12a70 JavaThread "build event listener"              [_thread_blocked, id=4912, stack(0x0000001de7100000,0x0000001de7200000) (1024K)]
  0x0000014d3fa13100 JavaThread "included builds"                   [_thread_blocked, id=13400, stack(0x0000001de7300000,0x0000001de7400000) (1024K)]
  0x0000014d3fa16580 JavaThread "Execution worker"                  [_thread_blocked, id=8864, stack(0x0000001de7400000,0x0000001de7500000) (1024K)]
  0x0000014d3fa16c10 JavaThread "Execution worker Thread 2"         [_thread_blocked, id=7960, stack(0x0000001de7500000,0x0000001de7600000) (1024K)]
  0x0000014d3fa172a0 JavaThread "Execution worker Thread 3"         [_thread_blocked, id=13532, stack(0x0000001de7600000,0x0000001de7700000) (1024K)]
  0x0000014d3fa13e20 JavaThread "Execution worker Thread 4"         [_thread_blocked, id=3832, stack(0x0000001de7700000,0x0000001de7800000) (1024K)]
  0x0000014d3fa17930 JavaThread "Execution worker Thread 5"         [_thread_blocked, id=13456, stack(0x0000001de7800000,0x0000001de7900000) (1024K)]
  0x0000014d3fa144b0 JavaThread "Execution worker Thread 6"         [_thread_blocked, id=11164, stack(0x0000001de7900000,0x0000001de7a00000) (1024K)]
  0x0000014d3fa1a090 JavaThread "Execution worker Thread 7"         [_thread_blocked, id=1844, stack(0x0000001de7a00000,0x0000001de7b00000) (1024K)]
  0x0000014d3fa17fc0 JavaThread "Cache worker for execution history cache (C:\Users\duygu\AndroidStudioProjects\TicketApp\.gradle\9.3.1\executionHistory)"        [_thread_blocked, id=10712, stack(0x0000001de7b00000,0x0000001de7c00000) (1024K)]
  0x0000014d3fa1b440 JavaThread "Unconstrained build operations Thread 15"        [_thread_blocked, id=13868, stack(0x0000001de7c00000,0x0000001de7d00000) (1024K)]
  0x0000014d3fa18ce0 JavaThread "Unconstrained build operations Thread 16"        [_thread_blocked, id=8776, stack(0x0000001de7d00000,0x0000001de7e00000) (1024K)]
  0x0000014d3fa1adb0 JavaThread "Unconstrained build operations Thread 17"        [_thread_blocked, id=17940, stack(0x0000001de7e00000,0x0000001de7f00000) (1024K)]
  0x0000014d3fa1a720 JavaThread "Unconstrained build operations Thread 18"        [_thread_blocked, id=6632, stack(0x0000001de7f00000,0x0000001de8000000) (1024K)]
  0x0000014d3fa19370 JavaThread "Unconstrained build operations Thread 19"        [_thread_blocked, id=4076, stack(0x0000001de8000000,0x0000001de8100000) (1024K)]
  0x0000014d3fa1bad0 JavaThread "Unconstrained build operations Thread 20"        [_thread_blocked, id=13012, stack(0x0000001de8100000,0x0000001de8200000) (1024K)]
  0x0000014d3fa19a00 JavaThread "Unconstrained build operations Thread 21"        [_thread_blocked, id=1280, stack(0x0000001de8200000,0x0000001de8300000) (1024K)]
  0x0000014d3fa18650 JavaThread "Unconstrained build operations Thread 22"        [_thread_blocked, id=16228, stack(0x0000001de8300000,0x0000001de8400000) (1024K)]
  0x0000014d3fa1c160 JavaThread "Unconstrained build operations Thread 23"        [_thread_blocked, id=15172, stack(0x0000001de8400000,0x0000001de8500000) (1024K)]
  0x0000014d3fa1ce80 JavaThread "Unconstrained build operations Thread 24"        [_thread_blocked, id=7660, stack(0x0000001de8500000,0x0000001de8600000) (1024K)]
  0x0000014d3fa1d510 JavaThread "Unconstrained build operations Thread 25"        [_thread_blocked, id=3208, stack(0x0000001de8600000,0x0000001de8700000) (1024K)]
  0x0000014d3fa1e230 JavaThread "Unconstrained build operations Thread 26"        [_thread_blocked, id=4396, stack(0x0000001de8700000,0x0000001de8800000) (1024K)]
  0x0000014d3fa1dba0 JavaThread "Unconstrained build operations Thread 27"        [_thread_blocked, id=13880, stack(0x0000001de8800000,0x0000001de8900000) (1024K)]
  0x0000014d3fa1e8c0 JavaThread "Unconstrained build operations Thread 28"        [_thread_blocked, id=15072, stack(0x0000001de8b00000,0x0000001de8c00000) (1024K)]
  0x0000014d3fa1ef50 JavaThread "Unconstrained build operations Thread 29"        [_thread_blocked, id=4704, stack(0x0000001de8c00000,0x0000001de8d00000) (1024K)]
  0x0000014d3fa1fc70 JavaThread "Unconstrained build operations Thread 30"        [_thread_blocked, id=18144, stack(0x0000001de8d00000,0x0000001de8e00000) (1024K)]
  0x0000014d3fa1c7f0 JavaThread "Unconstrained build operations Thread 31"        [_thread_blocked, id=1356, stack(0x0000001de8e00000,0x0000001de8f00000) (1024K)]
  0x0000014d3fa20300 JavaThread "Unconstrained build operations Thread 32"        [_thread_blocked, id=10436, stack(0x0000001de8f00000,0x0000001de9000000) (1024K)]
  0x0000014d3fa21020 JavaThread "Unconstrained build operations Thread 33"        [_thread_blocked, id=9688, stack(0x0000001de9000000,0x0000001de9100000) (1024K)]
  0x0000014d3fa21d40 JavaThread "Unconstrained build operations Thread 34"        [_thread_blocked, id=6536, stack(0x0000001de9100000,0x0000001de9200000) (1024K)]
  0x0000014d3fa20990 JavaThread "Unconstrained build operations Thread 35"        [_thread_blocked, id=12676, stack(0x0000001de9200000,0x0000001de9300000) (1024K)]
  0x0000014d3fa216b0 JavaThread "Unconstrained build operations Thread 36"        [_thread_blocked, id=10680, stack(0x0000001de9300000,0x0000001de9400000) (1024K)]
  0x0000014d39bb8ab0 JavaThread "Unconstrained build operations Thread 37"        [_thread_blocked, id=15484, stack(0x0000001de9400000,0x0000001de9500000) (1024K)]
  0x0000014d39bb9140 JavaThread "Unconstrained build operations Thread 38"        [_thread_blocked, id=3796, stack(0x0000001de9500000,0x0000001de9600000) (1024K)]
  0x0000014d39bb69e0 JavaThread "Unconstrained build operations Thread 39"        [_thread_blocked, id=17608, stack(0x0000001de9600000,0x0000001de9700000) (1024K)]
  0x0000014d39bb7070 JavaThread "Unconstrained build operations Thread 40"        [_thread_blocked, id=14764, stack(0x0000001de9700000,0x0000001de9800000) (1024K)]
  0x0000014d39bb9e60 JavaThread "Unconstrained build operations Thread 41"        [_thread_blocked, id=9412, stack(0x0000001de9800000,0x0000001de9900000) (1024K)]
  0x0000014d39bbab80 JavaThread "Unconstrained build operations Thread 42"        [_thread_blocked, id=8492, stack(0x0000001de9900000,0x0000001de9a00000) (1024K)]
  0x0000014d39bb7700 JavaThread "Unconstrained build operations Thread 43"        [_thread_blocked, id=9224, stack(0x0000001de9a00000,0x0000001de9b00000) (1024K)]
  0x0000014d39bbb210 JavaThread "Unconstrained build operations Thread 44"        [_thread_blocked, id=8152, stack(0x0000001de9b00000,0x0000001de9c00000) (1024K)]
  0x0000014d39bbb8a0 JavaThread "WorkerExecutor Queue"              [_thread_blocked, id=14364, stack(0x0000001de9c00000,0x0000001de9d00000) (1024K)]
  0x0000014d39bbed20 JavaThread "RMI Scheduler(0)"           daemon [_thread_blocked, id=17116, stack(0x0000001de5400000,0x0000001de5500000) (1024K)]
  0x0000014d39bbf3b0 JavaThread "RMI RenewClean-[127.0.0.1:17542,org.jetbrains.kotlin.daemon.common.LoopbackNetworkInterface$ClientLoopbackSocketFactory@400a667b]" daemon [_thread_blocked, id=13432, stack(0x0000001de5e00000,0x0000001de5f00000) (1024K)]
  0x0000014d39bbcc50 JavaThread "RMI GC Daemon"              daemon [_thread_blocked, id=7428, stack(0x0000001de9d00000,0x0000001de9e00000) (1024K)]
Total: 105

Other Threads:
  0x0000014d33055610 VMThread "VM Thread"                           [id=12572, stack(0x0000001de2f00000,0x0000001de3000000) (1024K)]
  0x0000014d2eb58a40 WatcherThread "VM Periodic Task Thread"        [id=8420, stack(0x0000001de2e00000,0x0000001de2f00000) (1024K)]
  0x0000014d174b06e0 WorkerThread "GC Thread#0"                     [id=5716, stack(0x0000001de2900000,0x0000001de2a00000) (1024K)]
  0x0000014d33476fe0 WorkerThread "GC Thread#1"                     [id=1464, stack(0x0000001de3b00000,0x0000001de3c00000) (1024K)]
=>0x0000014d333fdeb0 WorkerThread "GC Thread#2"                     [id=15472, stack(0x0000001de3c00000,0x0000001de3d00000) (1024K)]
  0x0000014d333fe250 WorkerThread "GC Thread#3"                     [id=18360, stack(0x0000001de3d00000,0x0000001de3e00000) (1024K)]
  0x0000014d33719240 WorkerThread "GC Thread#4"                     [id=14212, stack(0x0000001de3e00000,0x0000001de3f00000) (1024K)]
  0x0000014d337195e0 WorkerThread "GC Thread#5"                     [id=17952, stack(0x0000001de3f00000,0x0000001de4000000) (1024K)]
  0x0000014d336f7910 WorkerThread "GC Thread#6"                     [id=5924, stack(0x0000001de4400000,0x0000001de4500000) (1024K)]
  0x0000014d3406d4d0 WorkerThread "GC Thread#7"                     [id=2684, stack(0x0000001de4500000,0x0000001de4600000) (1024K)]
  0x0000014d174c15d0 ConcurrentGCThread "G1 Main Marker"            [id=9576, stack(0x0000001de2a00000,0x0000001de2b00000) (1024K)]
  0x0000014d174c1fe0 WorkerThread "G1 Conc#0"                       [id=17700, stack(0x0000001de2b00000,0x0000001de2c00000) (1024K)]
  0x0000014d34f5f0e0 WorkerThread "G1 Conc#1"                       [id=7156, stack(0x0000001de4600000,0x0000001de4700000) (1024K)]
  0x0000014d1751eb30 ConcurrentGCThread "G1 Refine#0"               [id=14480, stack(0x0000001de2c00000,0x0000001de2d00000) (1024K)]
  0x0000014d2ea25900 ConcurrentGCThread "G1 Service"                [id=3840, stack(0x0000001de2d00000,0x0000001de2e00000) (1024K)]
Total: 15

Threads with active compile tasks:
Total: 0

VM state: at safepoint (normal execution)

VM Mutex/Monitor currently owned by a thread:  ([mutex/lock_event])
[0x00007ff9385fe3a0] Threads_lock - owner thread: 0x0000014d33055610
[0x00007ff9385fe4a0] Heap_lock - owner thread: 0x0000014d39bbcc50

Heap address: 0x0000000080000000, size: 2048 MB, Compressed Oops mode: 32-bit

CDS archive(s) not mapped
Compressed class space mapped at: 0x0000000100000000-0x0000000140000000, reserved size: 1073741824
Narrow klass base: 0x0000000000000000, Narrow klass shift: 3, Narrow klass range: 0x140000000

GC Precious Log:
 CardTable entry size: 512
 Card Set container configuration: InlinePtr #cards 5 size 8 Array Of Cards #cards 12 size 40 Howl #buckets 4 coarsen threshold 1843 Howl Bitmap #cards 512 size 80 coarsen threshold 460 Card regions per heap region 1 cards per card region 2048
 CPUs: 8 total, 8 available
 Memory: 16122M
 Large Page Support: Disabled
 NUMA Support: Disabled
 Compressed Oops: Enabled (32-bit)
 Heap Region Size: 1M
 Heap Min Capacity: 8M
 Heap Initial Capacity: 252M
 Heap Max Capacity: 2G
 Pre-touch: Disabled
 Parallel Workers: 8
 Concurrent Workers: 2
 Concurrent Refinement Workers: 8
 Periodic GC: Disabled

Heap:
 garbage-first heap   total 421888K, used 366744K [0x0000000080000000, 0x0000000100000000)
  region size 1024K, 140 young (143360K), 18 survivors (18432K)
 Metaspace       used 154266K, committed 157120K, reserved 1245184K
  class space    used 20076K, committed 21504K, reserved 1048576K

Heap Regions: E=young(eden), S=young(survivor), O=old, HS=humongous(starts), HC=humongous(continues), CS=collection set, F=free, TAMS=top-at-mark-start, PB=parsable bottom
|   0|0x0000000080000000, 0x0000000080100000, 0x0000000080100000|100%|HS|  |TAMS 0x0000000080000000| PB 0x0000000080100000| Complete 
|   1|0x0000000080100000, 0x0000000080200000, 0x0000000080200000|100%|HC|  |TAMS 0x0000000080100000| PB 0x0000000080200000| Complete 
|   2|0x0000000080200000, 0x0000000080300000, 0x0000000080300000|100%|HC|  |TAMS 0x0000000080200000| PB 0x0000000080300000| Complete 
|   3|0x0000000080300000, 0x0000000080400000, 0x0000000080400000|100%|HC|  |TAMS 0x0000000080300000| PB 0x0000000080400000| Complete 
|   4|0x0000000080400000, 0x0000000080500000, 0x0000000080500000|100%| O|  |TAMS 0x0000000080400000| PB 0x0000000080500000| Untracked 
|   5|0x0000000080500000, 0x0000000080600000, 0x0000000080600000|100%| O|  |TAMS 0x0000000080500000| PB 0x0000000080600000| Untracked 
|   6|0x0000000080600000, 0x0000000080700000, 0x0000000080700000|100%| O|  |TAMS 0x0000000080600000| PB 0x0000000080700000| Untracked 
|   7|0x0000000080700000, 0x0000000080800000, 0x0000000080800000|100%|HS|  |TAMS 0x0000000080700000| PB 0x0000000080800000| Complete 
|   8|0x0000000080800000, 0x0000000080900000, 0x0000000080900000|100%| O|  |TAMS 0x0000000080800000| PB 0x0000000080900000| Untracked 
|   9|0x0000000080900000, 0x0000000080a00000, 0x0000000080a00000|100%| O|  |TAMS 0x0000000080900000| PB 0x0000000080a00000| Untracked 
|  10|0x0000000080a00000, 0x0000000080b00000, 0x0000000080b00000|100%| O|  |TAMS 0x0000000080a00000| PB 0x0000000080b00000| Untracked 
|  11|0x0000000080b00000, 0x0000000080c00000, 0x0000000080c00000|100%| O|  |TAMS 0x0000000080b00000| PB 0x0000000080c00000| Untracked 
|  12|0x0000000080c00000, 0x0000000080d00000, 0x0000000080d00000|100%| O|  |TAMS 0x0000000080c00000| PB 0x0000000080d00000| Untracked 
|  13|0x0000000080d00000, 0x0000000080e00000, 0x0000000080e00000|100%| O|  |TAMS 0x0000000080d00000| PB 0x0000000080e00000| Untracked 
|  14|0x0000000080e00000, 0x0000000080f00000, 0x0000000080f00000|100%| O|  |TAMS 0x0000000080e00000| PB 0x0000000080f00000| Untracked 
|  15|0x0000000080f00000, 0x0000000081000000, 0x0000000081000000|100%| O|  |TAMS 0x0000000080f00000| PB 0x0000000081000000| Untracked 
|  16|0x0000000081000000, 0x0000000081100000, 0x0000000081100000|100%| O|  |TAMS 0x0000000081000000| PB 0x0000000081100000| Untracked 
|  17|0x0000000081100000, 0x0000000081200000, 0x0000000081200000|100%| O|  |TAMS 0x0000000081100000| PB 0x0000000081200000| Untracked 
|  18|0x0000000081200000, 0x0000000081300000, 0x0000000081300000|100%| O|  |TAMS 0x0000000081200000| PB 0x0000000081300000| Untracked 
|  19|0x0000000081300000, 0x0000000081400000, 0x0000000081400000|100%| O|  |TAMS 0x0000000081300000| PB 0x0000000081400000| Untracked 
|  20|0x0000000081400000, 0x0000000081500000, 0x0000000081500000|100%| O|  |TAMS 0x0000000081400000| PB 0x0000000081500000| Untracked 
|  21|0x0000000081500000, 0x0000000081600000, 0x0000000081600000|100%| O|  |TAMS 0x0000000081500000| PB 0x0000000081600000| Untracked 
|  22|0x0000000081600000, 0x0000000081700000, 0x0000000081700000|100%|HS|  |TAMS 0x0000000081600000| PB 0x0000000081700000| Complete 
|  23|0x0000000081700000, 0x0000000081800000, 0x0000000081800000|100%| O|  |TAMS 0x0000000081700000| PB 0x0000000081800000| Untracked 
|  24|0x0000000081800000, 0x0000000081900000, 0x0000000081900000|100%|HS|  |TAMS 0x0000000081800000| PB 0x0000000081900000| Complete 
|  25|0x0000000081900000, 0x0000000081a00000, 0x0000000081a00000|100%|HC|  |TAMS 0x0000000081900000| PB 0x0000000081a00000| Complete 
|  26|0x0000000081a00000, 0x0000000081b00000, 0x0000000081b00000|100%|HC|  |TAMS 0x0000000081a00000| PB 0x0000000081b00000| Complete 
|  27|0x0000000081b00000, 0x0000000081c00000, 0x0000000081c00000|100%|HC|  |TAMS 0x0000000081b00000| PB 0x0000000081c00000| Complete 
|  28|0x0000000081c00000, 0x0000000081d00000, 0x0000000081d00000|100%|HC|  |TAMS 0x0000000081c00000| PB 0x0000000081d00000| Complete 
|  29|0x0000000081d00000, 0x0000000081e00000, 0x0000000081e00000|100%|HC|  |TAMS 0x0000000081d00000| PB 0x0000000081e00000| Complete 
|  30|0x0000000081e00000, 0x0000000081f00000, 0x0000000081f00000|100%|HS|  |TAMS 0x0000000081e00000| PB 0x0000000081f00000| Complete 
|  31|0x0000000081f00000, 0x0000000082000000, 0x0000000082000000|100%|HC|  |TAMS 0x0000000081f00000| PB 0x0000000082000000| Complete 
|  32|0x0000000082000000, 0x0000000082100000, 0x0000000082100000|100%|HC|  |TAMS 0x0000000082000000| PB 0x0000000082100000| Complete 
|  33|0x0000000082100000, 0x0000000082200000, 0x0000000082200000|100%|HC|  |TAMS 0x0000000082100000| PB 0x0000000082200000| Complete 
|  34|0x0000000082200000, 0x0000000082300000, 0x0000000082300000|100%|HS|  |TAMS 0x0000000082200000| PB 0x0000000082300000| Complete 
|  35|0x0000000082300000, 0x0000000082400000, 0x0000000082400000|100%|HC|  |TAMS 0x0000000082300000| PB 0x0000000082400000| Complete 
|  36|0x0000000082400000, 0x0000000082500000, 0x0000000082500000|100%|HS|  |TAMS 0x0000000082400000| PB 0x0000000082500000| Complete 
|  37|0x0000000082500000, 0x0000000082600000, 0x0000000082600000|100%|HS|  |TAMS 0x0000000082500000| PB 0x0000000082600000| Complete 
|  38|0x0000000082600000, 0x0000000082700000, 0x0000000082700000|100%|HS|  |TAMS 0x0000000082600000| PB 0x0000000082700000| Complete 
|  39|0x0000000082700000, 0x0000000082800000, 0x0000000082800000|100%| O|  |TAMS 0x0000000082700000| PB 0x0000000082800000| Untracked 
|  40|0x0000000082800000, 0x0000000082900000, 0x0000000082900000|100%| O|  |TAMS 0x0000000082800000| PB 0x0000000082900000| Untracked 
|  41|0x0000000082900000, 0x0000000082a00000, 0x0000000082a00000|100%| O|  |TAMS 0x0000000082900000| PB 0x0000000082a00000| Untracked 
|  42|0x0000000082a00000, 0x0000000082b00000, 0x0000000082b00000|100%| O|  |TAMS 0x0000000082a00000| PB 0x0000000082b00000| Untracked 
|  43|0x0000000082b00000, 0x0000000082c00000, 0x0000000082c00000|100%| O|  |TAMS 0x0000000082b00000| PB 0x0000000082c00000| Untracked 
|  44|0x0000000082c00000, 0x0000000082d00000, 0x0000000082d00000|100%| O|  |TAMS 0x0000000082c00000| PB 0x0000000082d00000| Untracked 
|  45|0x0000000082d00000, 0x0000000082e00000, 0x0000000082e00000|100%| O|  |TAMS 0x0000000082d00000| PB 0x0000000082e00000| Untracked 
|  46|0x0000000082e00000, 0x0000000082f00000, 0x0000000082f00000|100%| O|  |TAMS 0x0000000082e00000| PB 0x0000000082f00000| Untracked 
|  47|0x0000000082f00000, 0x0000000083000000, 0x0000000083000000|100%| O|  |TAMS 0x0000000082f00000| PB 0x0000000083000000| Untracked 
|  48|0x0000000083000000, 0x0000000083100000, 0x0000000083100000|100%| O|  |TAMS 0x0000000083000000| PB 0x0000000083100000| Untracked 
|  49|0x0000000083100000, 0x0000000083200000, 0x0000000083200000|100%| O|  |TAMS 0x0000000083100000| PB 0x0000000083200000| Untracked 
|  50|0x0000000083200000, 0x0000000083300000, 0x0000000083300000|100%|HS|  |TAMS 0x0000000083200000| PB 0x0000000083300000| Complete 
|  51|0x0000000083300000, 0x0000000083400000, 0x0000000083400000|100%|HC|  |TAMS 0x0000000083300000| PB 0x0000000083400000| Complete 
|  52|0x0000000083400000, 0x0000000083500000, 0x0000000083500000|100%|HS|  |TAMS 0x0000000083400000| PB 0x0000000083500000| Complete 
|  53|0x0000000083500000, 0x0000000083600000, 0x0000000083600000|100%|HS|  |TAMS 0x0000000083500000| PB 0x0000000083600000| Complete 
|  54|0x0000000083600000, 0x0000000083700000, 0x0000000083700000|100%| O|  |TAMS 0x0000000083600000| PB 0x0000000083700000| Untracked 
|  55|0x0000000083700000, 0x0000000083800000, 0x0000000083800000|100%| O|  |TAMS 0x0000000083700000| PB 0x0000000083800000| Untracked 
|  56|0x0000000083800000, 0x0000000083900000, 0x0000000083900000|100%| O|  |TAMS 0x0000000083800000| PB 0x0000000083900000| Untracked 
|  57|0x0000000083900000, 0x0000000083a00000, 0x0000000083a00000|100%| O|  |TAMS 0x0000000083900000| PB 0x0000000083a00000| Untracked 
|  58|0x0000000083a00000, 0x0000000083b00000, 0x0000000083b00000|100%| O|  |TAMS 0x0000000083a00000| PB 0x0000000083b00000| Untracked 
|  59|0x0000000083b00000, 0x0000000083c00000, 0x0000000083c00000|100%|HS|  |TAMS 0x0000000083b00000| PB 0x0000000083c00000| Complete 
|  60|0x0000000083c00000, 0x0000000083d00000, 0x0000000083d00000|100%|HC|  |TAMS 0x0000000083c00000| PB 0x0000000083d00000| Complete 
|  61|0x0000000083d00000, 0x0000000083e00000, 0x0000000083e00000|100%|HC|  |TAMS 0x0000000083d00000| PB 0x0000000083e00000| Complete 
|  62|0x0000000083e00000, 0x0000000083f00000, 0x0000000083f00000|100%|HC|  |TAMS 0x0000000083e00000| PB 0x0000000083f00000| Complete 
|  63|0x0000000083f00000, 0x0000000084000000, 0x0000000084000000|100%|HC|  |TAMS 0x0000000083f00000| PB 0x0000000084000000| Complete 
|  64|0x0000000084000000, 0x0000000084100000, 0x0000000084100000|100%|HC|  |TAMS 0x0000000084000000| PB 0x0000000084100000| Complete 
|  65|0x0000000084100000, 0x0000000084200000, 0x0000000084200000|100%|HS|  |TAMS 0x0000000084100000| PB 0x0000000084200000| Complete 
|  66|0x0000000084200000, 0x0000000084300000, 0x0000000084300000|100%|HC|  |TAMS 0x0000000084200000| PB 0x0000000084300000| Complete 
|  67|0x0000000084300000, 0x0000000084400000, 0x0000000084400000|100%|HC|  |TAMS 0x0000000084300000| PB 0x0000000084400000| Complete 
|  68|0x0000000084400000, 0x0000000084500000, 0x0000000084500000|100%|HC|  |TAMS 0x0000000084400000| PB 0x0000000084500000| Complete 
|  69|0x0000000084500000, 0x0000000084600000, 0x0000000084600000|100%|HS|  |TAMS 0x0000000084500000| PB 0x0000000084600000| Complete 
|  70|0x0000000084600000, 0x0000000084700000, 0x0000000084700000|100%|HC|  |TAMS 0x0000000084600000| PB 0x0000000084700000| Complete 
|  71|0x0000000084700000, 0x0000000084800000, 0x0000000084800000|100%| O|  |TAMS 0x0000000084700000| PB 0x0000000084800000| Untracked 
|  72|0x0000000084800000, 0x0000000084900000, 0x0000000084900000|100%| O|  |TAMS 0x0000000084800000| PB 0x0000000084900000| Untracked 
|  73|0x0000000084900000, 0x0000000084a00000, 0x0000000084a00000|100%| O|  |TAMS 0x0000000084900000| PB 0x0000000084a00000| Untracked 
|  74|0x0000000084a00000, 0x0000000084b00000, 0x0000000084b00000|100%|HS|  |TAMS 0x0000000084a00000| PB 0x0000000084b00000| Complete 
|  75|0x0000000084b00000, 0x0000000084c00000, 0x0000000084c00000|100%|HC|  |TAMS 0x0000000084b00000| PB 0x0000000084c00000| Complete 
|  76|0x0000000084c00000, 0x0000000084d00000, 0x0000000084d00000|100%|HC|  |TAMS 0x0000000084c00000| PB 0x0000000084d00000| Complete 
|  77|0x0000000084d00000, 0x0000000084e00000, 0x0000000084e00000|100%|HC|  |TAMS 0x0000000084d00000| PB 0x0000000084e00000| Complete 
|  78|0x0000000084e00000, 0x0000000084f00000, 0x0000000084f00000|100%|HC|  |TAMS 0x0000000084e00000| PB 0x0000000084f00000| Complete 
|  79|0x0000000084f00000, 0x0000000085000000, 0x0000000085000000|100%|HC|  |TAMS 0x0000000084f00000| PB 0x0000000085000000| Complete 
|  80|0x0000000085000000, 0x0000000085100000, 0x0000000085100000|100%| O|  |TAMS 0x0000000085000000| PB 0x0000000085100000| Untracked 
|  81|0x0000000085100000, 0x0000000085200000, 0x0000000085200000|100%| O|  |TAMS 0x0000000085100000| PB 0x0000000085200000| Untracked 
|  82|0x0000000085200000, 0x0000000085300000, 0x0000000085300000|100%| O|  |TAMS 0x0000000085200000| PB 0x0000000085300000| Untracked 
|  83|0x0000000085300000, 0x0000000085400000, 0x0000000085400000|100%| O|  |TAMS 0x0000000085300000| PB 0x0000000085400000| Untracked 
|  84|0x0000000085400000, 0x0000000085500000, 0x0000000085500000|100%| O|  |TAMS 0x0000000085400000| PB 0x0000000085500000| Untracked 
|  85|0x0000000085500000, 0x0000000085600000, 0x0000000085600000|100%| O|  |TAMS 0x0000000085500000| PB 0x0000000085600000| Untracked 
|  86|0x0000000085600000, 0x0000000085700000, 0x0000000085700000|100%| O|  |TAMS 0x0000000085600000| PB 0x0000000085700000| Untracked 
|  87|0x0000000085700000, 0x0000000085800000, 0x0000000085800000|100%| O|  |TAMS 0x0000000085700000| PB 0x0000000085800000| Untracked 
|  88|0x0000000085800000, 0x0000000085900000, 0x0000000085900000|100%| O|  |TAMS 0x0000000085800000| PB 0x0000000085900000| Untracked 
|  89|0x0000000085900000, 0x0000000085900000, 0x0000000085a00000|  0%| F|  |TAMS 0x0000000085900000| PB 0x0000000085900000| Untracked 
|  90|0x0000000085a00000, 0x0000000085b00000, 0x0000000085b00000|100%| O|  |TAMS 0x0000000085a00000| PB 0x0000000085b00000| Untracked 
|  91|0x0000000085b00000, 0x0000000085c00000, 0x0000000085c00000|100%| O|  |TAMS 0x0000000085b00000| PB 0x0000000085c00000| Untracked 
|  92|0x0000000085c00000, 0x0000000085d00000, 0x0000000085d00000|100%| O|  |TAMS 0x0000000085c00000| PB 0x0000000085d00000| Untracked 
|  93|0x0000000085d00000, 0x0000000085e00000, 0x0000000085e00000|100%|HS|  |TAMS 0x0000000085d00000| PB 0x0000000085e00000| Complete 
|  94|0x0000000085e00000, 0x0000000085f00000, 0x0000000085f00000|100%|HS|  |TAMS 0x0000000085e00000| PB 0x0000000085f00000| Complete 
|  95|0x0000000085f00000, 0x0000000086000000, 0x0000000086000000|100%|HS|  |TAMS 0x0000000085f00000| PB 0x0000000086000000| Complete 
|  96|0x0000000086000000, 0x0000000086100000, 0x0000000086100000|100%|HC|  |TAMS 0x0000000086000000| PB 0x0000000086100000| Complete 
|  97|0x0000000086100000, 0x0000000086200000, 0x0000000086200000|100%|HS|  |TAMS 0x0000000086100000| PB 0x0000000086200000| Complete 
|  98|0x0000000086200000, 0x0000000086300000, 0x0000000086300000|100%|HC|  |TAMS 0x0000000086200000| PB 0x0000000086300000| Complete 
|  99|0x0000000086300000, 0x0000000086400000, 0x0000000086400000|100%|HC|  |TAMS 0x0000000086300000| PB 0x0000000086400000| Complete 
| 100|0x0000000086400000, 0x0000000086500000, 0x0000000086500000|100%|HC|  |TAMS 0x0000000086400000| PB 0x0000000086500000| Complete 
| 101|0x0000000086500000, 0x0000000086600000, 0x0000000086600000|100%|HC|  |TAMS 0x0000000086500000| PB 0x0000000086600000| Complete 
| 102|0x0000000086600000, 0x0000000086700000, 0x0000000086700000|100%|HC|  |TAMS 0x0000000086600000| PB 0x0000000086700000| Complete 
| 103|0x0000000086700000, 0x0000000086800000, 0x0000000086800000|100%|HS|  |TAMS 0x0000000086700000| PB 0x0000000086800000| Complete 
| 104|0x0000000086800000, 0x0000000086900000, 0x0000000086900000|100%|HC|  |TAMS 0x0000000086800000| PB 0x0000000086900000| Complete 
| 105|0x0000000086900000, 0x0000000086a00000, 0x0000000086a00000|100%|HS|  |TAMS 0x0000000086900000| PB 0x0000000086a00000| Complete 
| 106|0x0000000086a00000, 0x0000000086b00000, 0x0000000086b00000|100%|HS|  |TAMS 0x0000000086a00000| PB 0x0000000086b00000| Complete 
| 107|0x0000000086b00000, 0x0000000086c00000, 0x0000000086c00000|100%|HS|  |TAMS 0x0000000086b00000| PB 0x0000000086c00000| Complete 
| 108|0x0000000086c00000, 0x0000000086d00000, 0x0000000086d00000|100%| O|  |TAMS 0x0000000086c00000| PB 0x0000000086d00000| Untracked 
| 109|0x0000000086d00000, 0x0000000086e00000, 0x0000000086e00000|100%|HS|  |TAMS 0x0000000086d00000| PB 0x0000000086e00000| Complete 
| 110|0x0000000086e00000, 0x0000000086f00000, 0x0000000086f00000|100%| O|  |TAMS 0x0000000086e00000| PB 0x0000000086f00000| Untracked 
| 111|0x0000000086f00000, 0x0000000087000000, 0x0000000087000000|100%| O|  |TAMS 0x0000000086f00000| PB 0x0000000087000000| Untracked 
| 112|0x0000000087000000, 0x0000000087100000, 0x0000000087100000|100%| O|  |TAMS 0x0000000087000000| PB 0x0000000087100000| Untracked 
| 113|0x0000000087100000, 0x0000000087200000, 0x0000000087200000|100%| O|  |TAMS 0x0000000087100000| PB 0x0000000087200000| Untracked 
| 114|0x0000000087200000, 0x0000000087300000, 0x0000000087300000|100%| O|  |TAMS 0x0000000087200000| PB 0x0000000087300000| Untracked 
| 115|0x0000000087300000, 0x0000000087400000, 0x0000000087400000|100%| O|  |TAMS 0x0000000087300000| PB 0x0000000087400000| Untracked 
| 116|0x0000000087400000, 0x0000000087500000, 0x0000000087500000|100%| O|  |TAMS 0x0000000087400000| PB 0x0000000087500000| Untracked 
| 117|0x0000000087500000, 0x0000000087600000, 0x0000000087600000|100%| O|  |TAMS 0x0000000087500000| PB 0x0000000087600000| Untracked 
| 118|0x0000000087600000, 0x0000000087700000, 0x0000000087700000|100%| O|  |TAMS 0x0000000087600000| PB 0x0000000087700000| Untracked 
| 119|0x0000000087700000, 0x0000000087800000, 0x0000000087800000|100%| O|  |TAMS 0x0000000087700000| PB 0x0000000087800000| Untracked 
| 120|0x0000000087800000, 0x0000000087900000, 0x0000000087900000|100%| O|  |TAMS 0x0000000087800000| PB 0x0000000087900000| Untracked 
| 121|0x0000000087900000, 0x0000000087a00000, 0x0000000087a00000|100%| O|  |TAMS 0x0000000087900000| PB 0x0000000087a00000| Untracked 
| 122|0x0000000087a00000, 0x0000000087b00000, 0x0000000087b00000|100%| O|  |TAMS 0x0000000087a00000| PB 0x0000000087b00000| Untracked 
| 123|0x0000000087b00000, 0x0000000087c00000, 0x0000000087c00000|100%| O|  |TAMS 0x0000000087b00000| PB 0x0000000087c00000| Untracked 
| 124|0x0000000087c00000, 0x0000000087d00000, 0x0000000087d00000|100%|HS|  |TAMS 0x0000000087c00000| PB 0x0000000087d00000| Complete 
| 125|0x0000000087d00000, 0x0000000087e00000, 0x0000000087e00000|100%| O|  |TAMS 0x0000000087d00000| PB 0x0000000087e00000| Untracked 
| 126|0x0000000087e00000, 0x0000000087f00000, 0x0000000087f00000|100%| O|  |TAMS 0x0000000087e00000| PB 0x0000000087f00000| Untracked 
| 127|0x0000000087f00000, 0x0000000088000000, 0x0000000088000000|100%| O|  |TAMS 0x0000000087f00000| PB 0x0000000088000000| Untracked 
| 128|0x0000000088000000, 0x0000000088100000, 0x0000000088100000|100%| O|  |TAMS 0x0000000088000000| PB 0x0000000088100000| Untracked 
| 129|0x0000000088100000, 0x0000000088200000, 0x0000000088200000|100%| O|  |TAMS 0x0000000088100000| PB 0x0000000088200000| Untracked 
| 130|0x0000000088200000, 0x0000000088300000, 0x0000000088300000|100%| O|  |TAMS 0x0000000088200000| PB 0x0000000088300000| Untracked 
| 131|0x0000000088300000, 0x0000000088400000, 0x0000000088400000|100%| O|  |TAMS 0x0000000088300000| PB 0x0000000088400000| Untracked 
| 132|0x0000000088400000, 0x0000000088500000, 0x0000000088500000|100%| O|  |TAMS 0x0000000088400000| PB 0x0000000088500000| Untracked 
| 133|0x0000000088500000, 0x0000000088600000, 0x0000000088600000|100%| O|  |TAMS 0x0000000088500000| PB 0x0000000088600000| Untracked 
| 134|0x0000000088600000, 0x0000000088700000, 0x0000000088700000|100%| O|  |TAMS 0x0000000088600000| PB 0x0000000088700000| Untracked 
| 135|0x0000000088700000, 0x0000000088800000, 0x0000000088800000|100%| O|  |TAMS 0x0000000088700000| PB 0x0000000088800000| Untracked 
| 136|0x0000000088800000, 0x0000000088900000, 0x0000000088900000|100%| O|  |TAMS 0x0000000088800000| PB 0x0000000088900000| Untracked 
| 137|0x0000000088900000, 0x0000000088a00000, 0x0000000088a00000|100%| O|  |TAMS 0x0000000088900000| PB 0x0000000088a00000| Untracked 
| 138|0x0000000088a00000, 0x0000000088b00000, 0x0000000088b00000|100%| O|  |TAMS 0x0000000088a00000| PB 0x0000000088b00000| Untracked 
| 139|0x0000000088b00000, 0x0000000088c00000, 0x0000000088c00000|100%| O|  |TAMS 0x0000000088b00000| PB 0x0000000088c00000| Untracked 
| 140|0x0000000088c00000, 0x0000000088c00000, 0x0000000088d00000|  0%| F|  |TAMS 0x0000000088c00000| PB 0x0000000088c00000| Untracked 
| 141|0x0000000088d00000, 0x0000000088e00000, 0x0000000088e00000|100%| O|  |TAMS 0x0000000088d00000| PB 0x0000000088e00000| Untracked 
| 142|0x0000000088e00000, 0x0000000088f00000, 0x0000000088f00000|100%| O|  |TAMS 0x0000000088e00000| PB 0x0000000088f00000| Untracked 
| 143|0x0000000088f00000, 0x0000000089000000, 0x0000000089000000|100%| O|  |TAMS 0x0000000088f00000| PB 0x0000000089000000| Untracked 
| 144|0x0000000089000000, 0x0000000089100000, 0x0000000089100000|100%| O|  |TAMS 0x0000000089000000| PB 0x0000000089100000| Untracked 
| 145|0x0000000089100000, 0x0000000089200000, 0x0000000089200000|100%| O|  |TAMS 0x0000000089100000| PB 0x0000000089200000| Untracked 
| 146|0x0000000089200000, 0x0000000089300000, 0x0000000089300000|100%|HS|  |TAMS 0x0000000089200000| PB 0x0000000089300000| Complete 
| 147|0x0000000089300000, 0x0000000089400000, 0x0000000089400000|100%|HC|  |TAMS 0x0000000089300000| PB 0x0000000089400000| Complete 
| 148|0x0000000089400000, 0x0000000089400000, 0x0000000089500000|  0%| F|  |TAMS 0x0000000089400000| PB 0x0000000089400000| Untracked 
| 149|0x0000000089500000, 0x0000000089500000, 0x0000000089600000|  0%| F|  |TAMS 0x0000000089500000| PB 0x0000000089500000| Untracked 
| 150|0x0000000089600000, 0x0000000089600000, 0x0000000089700000|  0%| F|  |TAMS 0x0000000089600000| PB 0x0000000089600000| Untracked 
| 151|0x0000000089700000, 0x0000000089700000, 0x0000000089800000|  0%| F|  |TAMS 0x0000000089700000| PB 0x0000000089700000| Untracked 
| 152|0x0000000089800000, 0x0000000089900000, 0x0000000089900000|100%| O|  |TAMS 0x0000000089800000| PB 0x0000000089900000| Untracked 
| 153|0x0000000089900000, 0x0000000089a00000, 0x0000000089a00000|100%| O|  |TAMS 0x0000000089900000| PB 0x0000000089a00000| Untracked 
| 154|0x0000000089a00000, 0x0000000089b00000, 0x0000000089b00000|100%| O|  |TAMS 0x0000000089a00000| PB 0x0000000089b00000| Untracked 
| 155|0x0000000089b00000, 0x0000000089c00000, 0x0000000089c00000|100%| O|  |TAMS 0x0000000089b00000| PB 0x0000000089c00000| Untracked 
| 156|0x0000000089c00000, 0x0000000089d00000, 0x0000000089d00000|100%| O|  |TAMS 0x0000000089c00000| PB 0x0000000089d00000| Untracked 
| 157|0x0000000089d00000, 0x0000000089e00000, 0x0000000089e00000|100%| O|  |TAMS 0x0000000089d00000| PB 0x0000000089e00000| Untracked 
| 158|0x0000000089e00000, 0x0000000089f00000, 0x0000000089f00000|100%| O|  |TAMS 0x0000000089e00000| PB 0x0000000089f00000| Untracked 
| 159|0x0000000089f00000, 0x000000008a000000, 0x000000008a000000|100%| O|  |TAMS 0x0000000089f00000| PB 0x000000008a000000| Untracked 
| 160|0x000000008a000000, 0x000000008a100000, 0x000000008a100000|100%| O|  |TAMS 0x000000008a000000| PB 0x000000008a100000| Untracked 
| 161|0x000000008a100000, 0x000000008a200000, 0x000000008a200000|100%| O|  |TAMS 0x000000008a100000| PB 0x000000008a200000| Untracked 
| 162|0x000000008a200000, 0x000000008a200000, 0x000000008a300000|  0%| F|  |TAMS 0x000000008a200000| PB 0x000000008a200000| Untracked 
| 163|0x000000008a300000, 0x000000008a400000, 0x000000008a400000|100%| O|  |TAMS 0x000000008a300000| PB 0x000000008a400000| Untracked 
| 164|0x000000008a400000, 0x000000008a500000, 0x000000008a500000|100%| O|  |TAMS 0x000000008a400000| PB 0x000000008a500000| Untracked 
| 165|0x000000008a500000, 0x000000008a500000, 0x000000008a600000|  0%| F|  |TAMS 0x000000008a500000| PB 0x000000008a500000| Untracked 
| 166|0x000000008a600000, 0x000000008a700000, 0x000000008a700000|100%| O|  |TAMS 0x000000008a600000| PB 0x000000008a700000| Untracked 
| 167|0x000000008a700000, 0x000000008a800000, 0x000000008a800000|100%| O|  |TAMS 0x000000008a700000| PB 0x000000008a800000| Untracked 
| 168|0x000000008a800000, 0x000000008a900000, 0x000000008a900000|100%| O|  |TAMS 0x000000008a800000| PB 0x000000008a900000| Untracked 
| 169|0x000000008a900000, 0x000000008aa00000, 0x000000008aa00000|100%| O|  |TAMS 0x000000008a900000| PB 0x000000008aa00000| Untracked 
| 170|0x000000008aa00000, 0x000000008aa00000, 0x000000008ab00000|  0%| F|  |TAMS 0x000000008aa00000| PB 0x000000008aa00000| Untracked 
| 171|0x000000008ab00000, 0x000000008ac00000, 0x000000008ac00000|100%| O|  |TAMS 0x000000008ab00000| PB 0x000000008ac00000| Untracked 
| 172|0x000000008ac00000, 0x000000008ac00000, 0x000000008ad00000|  0%| F|  |TAMS 0x000000008ac00000| PB 0x000000008ac00000| Untracked 
| 173|0x000000008ad00000, 0x000000008ae00000, 0x000000008ae00000|100%| O|  |TAMS 0x000000008ad00000| PB 0x000000008ae00000| Untracked 
| 174|0x000000008ae00000, 0x000000008ae00000, 0x000000008af00000|  0%| F|  |TAMS 0x000000008ae00000| PB 0x000000008ae00000| Untracked 
| 175|0x000000008af00000, 0x000000008b000000, 0x000000008b000000|100%| O|  |TAMS 0x000000008af00000| PB 0x000000008b000000| Untracked 
| 176|0x000000008b000000, 0x000000008b100000, 0x000000008b100000|100%| O|  |TAMS 0x000000008b000000| PB 0x000000008b100000| Untracked 
| 177|0x000000008b100000, 0x000000008b100000, 0x000000008b200000|  0%| F|  |TAMS 0x000000008b100000| PB 0x000000008b100000| Untracked 
| 178|0x000000008b200000, 0x000000008b200000, 0x000000008b300000|  0%| F|  |TAMS 0x000000008b200000| PB 0x000000008b200000| Untracked 
| 179|0x000000008b300000, 0x000000008b300000, 0x000000008b400000|  0%| F|  |TAMS 0x000000008b300000| PB 0x000000008b300000| Untracked 
| 180|0x000000008b400000, 0x000000008b400000, 0x000000008b500000|  0%| F|  |TAMS 0x000000008b400000| PB 0x000000008b400000| Untracked 
| 181|0x000000008b500000, 0x000000008b600000, 0x000000008b600000|100%| O|  |TAMS 0x000000008b500000| PB 0x000000008b600000| Untracked 
| 182|0x000000008b600000, 0x000000008b700000, 0x000000008b700000|100%| O|  |TAMS 0x000000008b600000| PB 0x000000008b700000| Untracked 
| 183|0x000000008b700000, 0x000000008b700000, 0x000000008b800000|  0%| F|  |TAMS 0x000000008b700000| PB 0x000000008b700000| Untracked 
| 184|0x000000008b800000, 0x000000008b900000, 0x000000008b900000|100%| O|  |TAMS 0x000000008b800000| PB 0x000000008b900000| Untracked 
| 185|0x000000008b900000, 0x000000008ba00000, 0x000000008ba00000|100%| O|  |TAMS 0x000000008b900000| PB 0x000000008ba00000| Untracked 
| 186|0x000000008ba00000, 0x000000008ba00000, 0x000000008bb00000|  0%| F|  |TAMS 0x000000008ba00000| PB 0x000000008ba00000| Untracked 
| 187|0x000000008bb00000, 0x000000008bc00000, 0x000000008bc00000|100%| O|  |TAMS 0x000000008bb00000| PB 0x000000008bc00000| Untracked 
| 188|0x000000008bc00000, 0x000000008bc00000, 0x000000008bd00000|  0%| F|  |TAMS 0x000000008bc00000| PB 0x000000008bc00000| Untracked 
| 189|0x000000008bd00000, 0x000000008bd00000, 0x000000008be00000|  0%| F|  |TAMS 0x000000008bd00000| PB 0x000000008bd00000| Untracked 
| 190|0x000000008be00000, 0x000000008be00000, 0x000000008bf00000|  0%| F|  |TAMS 0x000000008be00000| PB 0x000000008be00000| Untracked 
| 191|0x000000008bf00000, 0x000000008bf00000, 0x000000008c000000|  0%| F|  |TAMS 0x000000008bf00000| PB 0x000000008bf00000| Untracked 
| 192|0x000000008c000000, 0x000000008c000000, 0x000000008c100000|  0%| F|  |TAMS 0x000000008c000000| PB 0x000000008c000000| Untracked 
| 193|0x000000008c100000, 0x000000008c200000, 0x000000008c200000|100%| O|  |TAMS 0x000000008c100000| PB 0x000000008c200000| Untracked 
| 194|0x000000008c200000, 0x000000008c300000, 0x000000008c300000|100%| O|  |TAMS 0x000000008c200000| PB 0x000000008c300000| Untracked 
| 195|0x000000008c300000, 0x000000008c400000, 0x000000008c400000|100%| O|  |TAMS 0x000000008c300000| PB 0x000000008c400000| Untracked 
| 196|0x000000008c400000, 0x000000008c400000, 0x000000008c500000|  0%| F|  |TAMS 0x000000008c400000| PB 0x000000008c400000| Untracked 
| 197|0x000000008c500000, 0x000000008c600000, 0x000000008c600000|100%| O|  |TAMS 0x000000008c500000| PB 0x000000008c600000| Untracked 
| 198|0x000000008c600000, 0x000000008c700000, 0x000000008c700000|100%| O|  |TAMS 0x000000008c600000| PB 0x000000008c700000| Untracked 
| 199|0x000000008c700000, 0x000000008c800000, 0x000000008c800000|100%| O|  |TAMS 0x000000008c700000| PB 0x000000008c800000| Untracked 
| 200|0x000000008c800000, 0x000000008c900000, 0x000000008c900000|100%| O|  |TAMS 0x000000008c800000| PB 0x000000008c900000| Untracked 
| 201|0x000000008c900000, 0x000000008ca00000, 0x000000008ca00000|100%| O|  |TAMS 0x000000008c900000| PB 0x000000008ca00000| Untracked 
| 202|0x000000008ca00000, 0x000000008cb00000, 0x000000008cb00000|100%| O|  |TAMS 0x000000008ca00000| PB 0x000000008cb00000| Untracked 
| 203|0x000000008cb00000, 0x000000008cc00000, 0x000000008cc00000|100%| O|  |TAMS 0x000000008cb00000| PB 0x000000008cc00000| Untracked 
| 204|0x000000008cc00000, 0x000000008cd00000, 0x000000008cd00000|100%| O|  |TAMS 0x000000008cc00000| PB 0x000000008cd00000| Untracked 
| 205|0x000000008cd00000, 0x000000008ce00000, 0x000000008ce00000|100%| O|  |TAMS 0x000000008cd00000| PB 0x000000008ce00000| Untracked 
| 206|0x000000008ce00000, 0x000000008cf00000, 0x000000008cf00000|100%| O|  |TAMS 0x000000008ce00000| PB 0x000000008cf00000| Untracked 
| 207|0x000000008cf00000, 0x000000008d000000, 0x000000008d000000|100%| O|  |TAMS 0x000000008cf00000| PB 0x000000008d000000| Untracked 
| 208|0x000000008d000000, 0x000000008d100000, 0x000000008d100000|100%| O|  |TAMS 0x000000008d000000| PB 0x000000008d100000| Untracked 
| 209|0x000000008d100000, 0x000000008d200000, 0x000000008d200000|100%| O|  |TAMS 0x000000008d100000| PB 0x000000008d200000| Untracked 
| 210|0x000000008d200000, 0x000000008d300000, 0x000000008d300000|100%| O|  |TAMS 0x000000008d200000| PB 0x000000008d300000| Untracked 
| 211|0x000000008d300000, 0x000000008d400000, 0x000000008d400000|100%| O|  |TAMS 0x000000008d300000| PB 0x000000008d400000| Untracked 
| 212|0x000000008d400000, 0x000000008d500000, 0x000000008d500000|100%| O|  |TAMS 0x000000008d400000| PB 0x000000008d500000| Untracked 
| 213|0x000000008d500000, 0x000000008d600000, 0x000000008d600000|100%| O|  |TAMS 0x000000008d500000| PB 0x000000008d600000| Untracked 
| 214|0x000000008d600000, 0x000000008d600000, 0x000000008d700000|  0%| F|  |TAMS 0x000000008d600000| PB 0x000000008d600000| Untracked 
| 215|0x000000008d700000, 0x000000008d800000, 0x000000008d800000|100%| O|  |TAMS 0x000000008d700000| PB 0x000000008d800000| Untracked 
| 216|0x000000008d800000, 0x000000008d900000, 0x000000008d900000|100%| O|  |TAMS 0x000000008d800000| PB 0x000000008d900000| Untracked 
| 217|0x000000008d900000, 0x000000008da00000, 0x000000008da00000|100%| O|  |TAMS 0x000000008d900000| PB 0x000000008da00000| Untracked 
| 218|0x000000008da00000, 0x000000008db00000, 0x000000008db00000|100%| O|  |TAMS 0x000000008da00000| PB 0x000000008db00000| Untracked 
| 219|0x000000008db00000, 0x000000008db00000, 0x000000008dc00000|  0%| F|  |TAMS 0x000000008db00000| PB 0x000000008db00000| Untracked 
| 220|0x000000008dc00000, 0x000000008dd00000, 0x000000008dd00000|100%| O|  |TAMS 0x000000008dc00000| PB 0x000000008dd00000| Untracked 
| 221|0x000000008dd00000, 0x000000008de00000, 0x000000008de00000|100%| O|  |TAMS 0x000000008dd00000| PB 0x000000008de00000| Untracked 
| 222|0x000000008de00000, 0x000000008df00000, 0x000000008df00000|100%| O|  |TAMS 0x000000008de00000| PB 0x000000008df00000| Untracked 
| 223|0x000000008df00000, 0x000000008e000000, 0x000000008e000000|100%| O|  |TAMS 0x000000008df00000| PB 0x000000008e000000| Untracked 
| 224|0x000000008e000000, 0x000000008e100000, 0x000000008e100000|100%| O|  |TAMS 0x000000008e000000| PB 0x000000008e100000| Untracked 
| 225|0x000000008e100000, 0x000000008e200000, 0x000000008e200000|100%| O|  |TAMS 0x000000008e100000| PB 0x000000008e200000| Untracked 
| 226|0x000000008e200000, 0x000000008e200000, 0x000000008e300000|  0%| F|  |TAMS 0x000000008e200000| PB 0x000000008e200000| Untracked 
| 227|0x000000008e300000, 0x000000008e300000, 0x000000008e400000|  0%| F|  |TAMS 0x000000008e300000| PB 0x000000008e300000| Untracked 
| 228|0x000000008e400000, 0x000000008e400000, 0x000000008e500000|  0%| F|  |TAMS 0x000000008e400000| PB 0x000000008e400000| Untracked 
| 229|0x000000008e500000, 0x000000008e500000, 0x000000008e600000|  0%| F|  |TAMS 0x000000008e500000| PB 0x000000008e500000| Untracked 
| 230|0x000000008e600000, 0x000000008e700000, 0x000000008e700000|100%| O|  |TAMS 0x000000008e600000| PB 0x000000008e700000| Untracked 
| 231|0x000000008e700000, 0x000000008e800000, 0x000000008e800000|100%| O|  |TAMS 0x000000008e700000| PB 0x000000008e800000| Untracked 
| 232|0x000000008e800000, 0x000000008e900000, 0x000000008e900000|100%| O|  |TAMS 0x000000008e800000| PB 0x000000008e900000| Untracked 
| 233|0x000000008e900000, 0x000000008ea00000, 0x000000008ea00000|100%| O|  |TAMS 0x000000008e900000| PB 0x000000008ea00000| Untracked 
| 234|0x000000008ea00000, 0x000000008eb00000, 0x000000008eb00000|100%| O|  |TAMS 0x000000008ea00000| PB 0x000000008eb00000| Untracked 
| 235|0x000000008eb00000, 0x000000008eb00000, 0x000000008ec00000|  0%| F|  |TAMS 0x000000008eb00000| PB 0x000000008eb00000| Untracked 
| 236|0x000000008ec00000, 0x000000008ed00000, 0x000000008ed00000|100%| O|  |TAMS 0x000000008ec00000| PB 0x000000008ed00000| Untracked 
| 237|0x000000008ed00000, 0x000000008ee00000, 0x000000008ee00000|100%| O|  |TAMS 0x000000008ed00000| PB 0x000000008ee00000| Untracked 
| 238|0x000000008ee00000, 0x000000008ef00000, 0x000000008ef00000|100%| O|  |TAMS 0x000000008ee00000| PB 0x000000008ef00000| Untracked 
| 239|0x000000008ef00000, 0x000000008f000000, 0x000000008f000000|100%| O|  |TAMS 0x000000008ef00000| PB 0x000000008f000000| Untracked 
| 240|0x000000008f000000, 0x000000008f100000, 0x000000008f100000|100%| O|  |TAMS 0x000000008f000000| PB 0x000000008f100000| Untracked 
| 241|0x000000008f100000, 0x000000008f200000, 0x000000008f200000|100%| O|  |TAMS 0x000000008f100000| PB 0x000000008f200000| Untracked 
| 242|0x000000008f200000, 0x000000008f300000, 0x000000008f300000|100%| O|  |TAMS 0x000000008f200000| PB 0x000000008f300000| Untracked 
| 243|0x000000008f300000, 0x000000008f400000, 0x000000008f400000|100%| O|  |TAMS 0x000000008f300000| PB 0x000000008f400000| Untracked 
| 244|0x000000008f400000, 0x000000008f4868a0, 0x000000008f500000| 52%| O|  |TAMS 0x000000008f400000| PB 0x000000008f4868a0| Untracked 
| 245|0x000000008f500000, 0x000000008f500000, 0x000000008f600000|  0%| F|  |TAMS 0x000000008f500000| PB 0x000000008f500000| Untracked 
| 246|0x000000008f600000, 0x000000008f600000, 0x000000008f700000|  0%| F|  |TAMS 0x000000008f600000| PB 0x000000008f600000| Untracked 
| 247|0x000000008f700000, 0x000000008f700000, 0x000000008f800000|  0%| F|  |TAMS 0x000000008f700000| PB 0x000000008f700000| Untracked 
| 248|0x000000008f800000, 0x000000008f800000, 0x000000008f900000|  0%| F|  |TAMS 0x000000008f800000| PB 0x000000008f800000| Untracked 
| 249|0x000000008f900000, 0x000000008fa00000, 0x000000008fa00000|100%| S|  |TAMS 0x000000008f900000| PB 0x000000008fa00000| Complete 
| 250|0x000000008fa00000, 0x000000008fb00000, 0x000000008fb00000|100%| S|  |TAMS 0x000000008fa00000| PB 0x000000008fb00000| Complete 
| 251|0x000000008fb00000, 0x000000008fc00000, 0x000000008fc00000|100%| S|  |TAMS 0x000000008fb00000| PB 0x000000008fc00000| Complete 
| 252|0x000000008fc00000, 0x000000008fd00000, 0x000000008fd00000|100%| S|  |TAMS 0x000000008fc00000| PB 0x000000008fd00000| Complete 
| 253|0x000000008fd00000, 0x000000008fe00000, 0x000000008fe00000|100%| S|  |TAMS 0x000000008fd00000| PB 0x000000008fe00000| Complete 
| 254|0x000000008fe00000, 0x000000008ff00000, 0x000000008ff00000|100%| S|  |TAMS 0x000000008fe00000| PB 0x000000008ff00000| Complete 
| 255|0x000000008ff00000, 0x0000000090000000, 0x0000000090000000|100%| S|  |TAMS 0x000000008ff00000| PB 0x0000000090000000| Complete 
| 256|0x0000000090000000, 0x0000000090100000, 0x0000000090100000|100%| S|  |TAMS 0x0000000090000000| PB 0x0000000090100000| Complete 
| 257|0x0000000090100000, 0x0000000090200000, 0x0000000090200000|100%| S|  |TAMS 0x0000000090100000| PB 0x0000000090200000| Complete 
| 258|0x0000000090200000, 0x0000000090300000, 0x0000000090300000|100%| S|  |TAMS 0x0000000090200000| PB 0x0000000090300000| Complete 
| 259|0x0000000090300000, 0x0000000090400000, 0x0000000090400000|100%| S|  |TAMS 0x0000000090300000| PB 0x0000000090400000| Complete 
| 260|0x0000000090400000, 0x0000000090500000, 0x0000000090500000|100%| S|  |TAMS 0x0000000090400000| PB 0x0000000090500000| Complete 
| 261|0x0000000090500000, 0x0000000090600000, 0x0000000090600000|100%| S|  |TAMS 0x0000000090500000| PB 0x0000000090600000| Complete 
| 262|0x0000000090600000, 0x0000000090700000, 0x0000000090700000|100%| S|  |TAMS 0x0000000090600000| PB 0x0000000090700000| Complete 
| 263|0x0000000090700000, 0x0000000090800000, 0x0000000090800000|100%| S|  |TAMS 0x0000000090700000| PB 0x0000000090800000| Complete 
| 264|0x0000000090800000, 0x0000000090900000, 0x0000000090900000|100%| S|  |TAMS 0x0000000090800000| PB 0x0000000090900000| Complete 
| 265|0x0000000090900000, 0x0000000090a00000, 0x0000000090a00000|100%| S|  |TAMS 0x0000000090900000| PB 0x0000000090a00000| Complete 
| 266|0x0000000090a00000, 0x0000000090b00000, 0x0000000090b00000|100%| S|  |TAMS 0x0000000090a00000| PB 0x0000000090b00000| Complete 
| 267|0x0000000090b00000, 0x0000000090b00000, 0x0000000090c00000|  0%| F|  |TAMS 0x0000000090b00000| PB 0x0000000090b00000| Untracked 
| 268|0x0000000090c00000, 0x0000000090c00000, 0x0000000090d00000|  0%| F|  |TAMS 0x0000000090c00000| PB 0x0000000090c00000| Untracked 
| 269|0x0000000090d00000, 0x0000000090d00000, 0x0000000090e00000|  0%| F|  |TAMS 0x0000000090d00000| PB 0x0000000090d00000| Untracked 
| 270|0x0000000090e00000, 0x0000000090e00000, 0x0000000090f00000|  0%| F|  |TAMS 0x0000000090e00000| PB 0x0000000090e00000| Untracked 
| 271|0x0000000090f00000, 0x0000000090f00000, 0x0000000091000000|  0%| F|  |TAMS 0x0000000090f00000| PB 0x0000000090f00000| Untracked 
| 272|0x0000000091000000, 0x0000000091000000, 0x0000000091100000|  0%| F|  |TAMS 0x0000000091000000| PB 0x0000000091000000| Untracked 
| 273|0x0000000091100000, 0x0000000091100000, 0x0000000091200000|  0%| F|  |TAMS 0x0000000091100000| PB 0x0000000091100000| Untracked 
| 274|0x0000000091200000, 0x0000000091200000, 0x0000000091300000|  0%| F|  |TAMS 0x0000000091200000| PB 0x0000000091200000| Untracked 
| 275|0x0000000091300000, 0x0000000091300000, 0x0000000091400000|  0%| F|  |TAMS 0x0000000091300000| PB 0x0000000091300000| Untracked 
| 276|0x0000000091400000, 0x0000000091400000, 0x0000000091500000|  0%| F|  |TAMS 0x0000000091400000| PB 0x0000000091400000| Untracked 
| 277|0x0000000091500000, 0x0000000091500000, 0x0000000091600000|  0%| F|  |TAMS 0x0000000091500000| PB 0x0000000091500000| Untracked 
| 278|0x0000000091600000, 0x0000000091600000, 0x0000000091700000|  0%| F|  |TAMS 0x0000000091600000| PB 0x0000000091600000| Untracked 
| 279|0x0000000091700000, 0x0000000091700000, 0x0000000091800000|  0%| F|  |TAMS 0x0000000091700000| PB 0x0000000091700000| Untracked 
| 280|0x0000000091800000, 0x0000000091800000, 0x0000000091900000|  0%| F|  |TAMS 0x0000000091800000| PB 0x0000000091800000| Untracked 
| 281|0x0000000091900000, 0x0000000091900000, 0x0000000091a00000|  0%| F|  |TAMS 0x0000000091900000| PB 0x0000000091900000| Untracked 
| 282|0x0000000091a00000, 0x0000000091a00000, 0x0000000091b00000|  0%| F|  |TAMS 0x0000000091a00000| PB 0x0000000091a00000| Untracked 
| 283|0x0000000091b00000, 0x0000000091b00000, 0x0000000091c00000|  0%| F|  |TAMS 0x0000000091b00000| PB 0x0000000091b00000| Untracked 
| 284|0x0000000091c00000, 0x0000000091c00000, 0x0000000091d00000|  0%| F|  |TAMS 0x0000000091c00000| PB 0x0000000091c00000| Untracked 
| 285|0x0000000091d00000, 0x0000000091d00000, 0x0000000091e00000|  0%| F|  |TAMS 0x0000000091d00000| PB 0x0000000091d00000| Untracked 
| 286|0x0000000091e00000, 0x0000000091e9fb30, 0x0000000091f00000| 62%| E|  |TAMS 0x0000000091e00000| PB 0x0000000091e9fb30| Complete 
| 287|0x0000000091f00000, 0x0000000092000000, 0x0000000092000000|100%| E|  |TAMS 0x0000000091f00000| PB 0x0000000092000000| Complete 
| 288|0x0000000092000000, 0x0000000092100000, 0x0000000092100000|100%| E|  |TAMS 0x0000000092000000| PB 0x0000000092100000| Complete 
| 289|0x0000000092100000, 0x0000000092200000, 0x0000000092200000|100%| E|  |TAMS 0x0000000092100000| PB 0x0000000092200000| Complete 
| 290|0x0000000092200000, 0x0000000092300000, 0x0000000092300000|100%| E|  |TAMS 0x0000000092200000| PB 0x0000000092300000| Complete 
| 291|0x0000000092300000, 0x0000000092400000, 0x0000000092400000|100%| E|  |TAMS 0x0000000092300000| PB 0x0000000092400000| Complete 
| 292|0x0000000092400000, 0x0000000092500000, 0x0000000092500000|100%| E|  |TAMS 0x0000000092400000| PB 0x0000000092500000| Complete 
| 293|0x0000000092500000, 0x0000000092600000, 0x0000000092600000|100%| E|  |TAMS 0x0000000092500000| PB 0x0000000092600000| Complete 
| 294|0x0000000092600000, 0x0000000092700000, 0x0000000092700000|100%| E|  |TAMS 0x0000000092600000| PB 0x0000000092700000| Complete 
| 295|0x0000000092700000, 0x0000000092800000, 0x0000000092800000|100%| E|  |TAMS 0x0000000092700000| PB 0x0000000092800000| Complete 
| 296|0x0000000092800000, 0x0000000092900000, 0x0000000092900000|100%| E|  |TAMS 0x0000000092800000| PB 0x0000000092900000| Complete 
| 297|0x0000000092900000, 0x0000000092a00000, 0x0000000092a00000|100%| E|  |TAMS 0x0000000092900000| PB 0x0000000092a00000| Complete 
| 298|0x0000000092a00000, 0x0000000092b00000, 0x0000000092b00000|100%| E|  |TAMS 0x0000000092a00000| PB 0x0000000092b00000| Complete 
| 299|0x0000000092b00000, 0x0000000092c00000, 0x0000000092c00000|100%| E|  |TAMS 0x0000000092b00000| PB 0x0000000092c00000| Complete 
| 300|0x0000000092c00000, 0x0000000092d00000, 0x0000000092d00000|100%| E|  |TAMS 0x0000000092c00000| PB 0x0000000092d00000| Complete 
| 301|0x0000000092d00000, 0x0000000092e00000, 0x0000000092e00000|100%| E|  |TAMS 0x0000000092d00000| PB 0x0000000092e00000| Complete 
| 302|0x0000000092e00000, 0x0000000092f00000, 0x0000000092f00000|100%| E|  |TAMS 0x0000000092e00000| PB 0x0000000092f00000| Complete 
| 303|0x0000000092f00000, 0x0000000093000000, 0x0000000093000000|100%| E|  |TAMS 0x0000000092f00000| PB 0x0000000093000000| Complete 
| 304|0x0000000093000000, 0x0000000093100000, 0x0000000093100000|100%| E|  |TAMS 0x0000000093000000| PB 0x0000000093100000| Complete 
| 305|0x0000000093100000, 0x0000000093200000, 0x0000000093200000|100%| E|  |TAMS 0x0000000093100000| PB 0x0000000093200000| Complete 
| 306|0x0000000093200000, 0x0000000093300000, 0x0000000093300000|100%| E|  |TAMS 0x0000000093200000| PB 0x0000000093300000| Complete 
| 307|0x0000000093300000, 0x0000000093400000, 0x0000000093400000|100%| E|  |TAMS 0x0000000093300000| PB 0x0000000093400000| Complete 
| 308|0x0000000093400000, 0x0000000093500000, 0x0000000093500000|100%| E|  |TAMS 0x0000000093400000| PB 0x0000000093500000| Complete 
| 309|0x0000000093500000, 0x0000000093600000, 0x0000000093600000|100%| E|  |TAMS 0x0000000093500000| PB 0x0000000093600000| Complete 
| 310|0x0000000093600000, 0x0000000093700000, 0x0000000093700000|100%| E|  |TAMS 0x0000000093600000| PB 0x0000000093700000| Complete 
| 311|0x0000000093700000, 0x0000000093800000, 0x0000000093800000|100%| E|  |TAMS 0x0000000093700000| PB 0x0000000093800000| Complete 
| 312|0x0000000093800000, 0x0000000093900000, 0x0000000093900000|100%| E|  |TAMS 0x0000000093800000| PB 0x0000000093900000| Complete 
| 313|0x0000000093900000, 0x0000000093a00000, 0x0000000093a00000|100%| E|  |TAMS 0x0000000093900000| PB 0x0000000093a00000| Complete 
| 314|0x0000000093a00000, 0x0000000093b00000, 0x0000000093b00000|100%| E|  |TAMS 0x0000000093a00000| PB 0x0000000093b00000| Complete 
| 315|0x0000000093b00000, 0x0000000093c00000, 0x0000000093c00000|100%| E|  |TAMS 0x0000000093b00000| PB 0x0000000093c00000| Complete 
| 316|0x0000000093c00000, 0x0000000093d00000, 0x0000000093d00000|100%| E|  |TAMS 0x0000000093c00000| PB 0x0000000093d00000| Complete 
| 317|0x0000000093d00000, 0x0000000093e00000, 0x0000000093e00000|100%| E|  |TAMS 0x0000000093d00000| PB 0x0000000093e00000| Complete 
| 318|0x0000000093e00000, 0x0000000093f00000, 0x0000000093f00000|100%| E|  |TAMS 0x0000000093e00000| PB 0x0000000093f00000| Complete 
| 319|0x0000000093f00000, 0x0000000094000000, 0x0000000094000000|100%| E|  |TAMS 0x0000000093f00000| PB 0x0000000094000000| Complete 
| 320|0x0000000094000000, 0x0000000094100000, 0x0000000094100000|100%| E|  |TAMS 0x0000000094000000| PB 0x0000000094100000| Complete 
| 321|0x0000000094100000, 0x0000000094200000, 0x0000000094200000|100%| E|  |TAMS 0x0000000094100000| PB 0x0000000094200000| Complete 
| 322|0x0000000094200000, 0x0000000094300000, 0x0000000094300000|100%| E|  |TAMS 0x0000000094200000| PB 0x0000000094300000| Complete 
| 323|0x0000000094300000, 0x0000000094400000, 0x0000000094400000|100%| E|  |TAMS 0x0000000094300000| PB 0x0000000094400000| Complete 
| 324|0x0000000094400000, 0x0000000094500000, 0x0000000094500000|100%| E|  |TAMS 0x0000000094400000| PB 0x0000000094500000| Complete 
| 325|0x0000000094500000, 0x0000000094600000, 0x0000000094600000|100%| E|  |TAMS 0x0000000094500000| PB 0x0000000094600000| Complete 
| 326|0x0000000094600000, 0x0000000094700000, 0x0000000094700000|100%| E|  |TAMS 0x0000000094600000| PB 0x0000000094700000| Complete 
| 327|0x0000000094700000, 0x0000000094800000, 0x0000000094800000|100%| E|  |TAMS 0x0000000094700000| PB 0x0000000094800000| Complete 
| 328|0x0000000094800000, 0x0000000094900000, 0x0000000094900000|100%| E|  |TAMS 0x0000000094800000| PB 0x0000000094900000| Complete 
| 329|0x0000000094900000, 0x0000000094a00000, 0x0000000094a00000|100%| E|  |TAMS 0x0000000094900000| PB 0x0000000094a00000| Complete 
| 330|0x0000000094a00000, 0x0000000094b00000, 0x0000000094b00000|100%| E|  |TAMS 0x0000000094a00000| PB 0x0000000094b00000| Complete 
| 331|0x0000000094b00000, 0x0000000094c00000, 0x0000000094c00000|100%| E|  |TAMS 0x0000000094b00000| PB 0x0000000094c00000| Complete 
| 332|0x0000000094c00000, 0x0000000094d00000, 0x0000000094d00000|100%| E|  |TAMS 0x0000000094c00000| PB 0x0000000094d00000| Complete 
| 333|0x0000000094d00000, 0x0000000094e00000, 0x0000000094e00000|100%| E|  |TAMS 0x0000000094d00000| PB 0x0000000094e00000| Complete 
| 334|0x0000000094e00000, 0x0000000094f00000, 0x0000000094f00000|100%| E|  |TAMS 0x0000000094e00000| PB 0x0000000094f00000| Complete 
| 335|0x0000000094f00000, 0x0000000095000000, 0x0000000095000000|100%| E|  |TAMS 0x0000000094f00000| PB 0x0000000095000000| Complete 
| 336|0x0000000095000000, 0x0000000095100000, 0x0000000095100000|100%| E|  |TAMS 0x0000000095000000| PB 0x0000000095100000| Complete 
| 337|0x0000000095100000, 0x0000000095200000, 0x0000000095200000|100%| E|  |TAMS 0x0000000095100000| PB 0x0000000095200000| Complete 
| 338|0x0000000095200000, 0x0000000095300000, 0x0000000095300000|100%| E|  |TAMS 0x0000000095200000| PB 0x0000000095300000| Complete 
| 339|0x0000000095300000, 0x0000000095400000, 0x0000000095400000|100%| E|  |TAMS 0x0000000095300000| PB 0x0000000095400000| Complete 
| 340|0x0000000095400000, 0x0000000095500000, 0x0000000095500000|100%| E|  |TAMS 0x0000000095400000| PB 0x0000000095500000| Complete 
| 341|0x0000000095500000, 0x0000000095600000, 0x0000000095600000|100%| E|  |TAMS 0x0000000095500000| PB 0x0000000095600000| Complete 
| 342|0x0000000095600000, 0x0000000095700000, 0x0000000095700000|100%| E|  |TAMS 0x0000000095600000| PB 0x0000000095700000| Complete 
| 343|0x0000000095700000, 0x0000000095800000, 0x0000000095800000|100%| E|  |TAMS 0x0000000095700000| PB 0x0000000095800000| Complete 
| 344|0x0000000095800000, 0x0000000095900000, 0x0000000095900000|100%| E|  |TAMS 0x0000000095800000| PB 0x0000000095900000| Complete 
| 345|0x0000000095900000, 0x0000000095a00000, 0x0000000095a00000|100%| E|  |TAMS 0x0000000095900000| PB 0x0000000095a00000| Complete 
| 346|0x0000000095a00000, 0x0000000095b00000, 0x0000000095b00000|100%| E|  |TAMS 0x0000000095a00000| PB 0x0000000095b00000| Complete 
| 347|0x0000000095b00000, 0x0000000095c00000, 0x0000000095c00000|100%| E|  |TAMS 0x0000000095b00000| PB 0x0000000095c00000| Complete 
| 348|0x0000000095c00000, 0x0000000095d00000, 0x0000000095d00000|100%| E|  |TAMS 0x0000000095c00000| PB 0x0000000095d00000| Complete 
| 349|0x0000000095d00000, 0x0000000095e00000, 0x0000000095e00000|100%| E|  |TAMS 0x0000000095d00000| PB 0x0000000095e00000| Complete 
| 350|0x0000000095e00000, 0x0000000095f00000, 0x0000000095f00000|100%| E|  |TAMS 0x0000000095e00000| PB 0x0000000095f00000| Complete 
| 351|0x0000000095f00000, 0x0000000096000000, 0x0000000096000000|100%| E|  |TAMS 0x0000000095f00000| PB 0x0000000096000000| Complete 
| 352|0x0000000096000000, 0x0000000096100000, 0x0000000096100000|100%| E|  |TAMS 0x0000000096000000| PB 0x0000000096100000| Complete 
| 353|0x0000000096100000, 0x0000000096200000, 0x0000000096200000|100%| E|  |TAMS 0x0000000096100000| PB 0x0000000096200000| Complete 
| 354|0x0000000096200000, 0x0000000096300000, 0x0000000096300000|100%| E|  |TAMS 0x0000000096200000| PB 0x0000000096300000| Complete 
| 355|0x0000000096300000, 0x0000000096400000, 0x0000000096400000|100%| E|  |TAMS 0x0000000096300000| PB 0x0000000096400000| Complete 
| 356|0x0000000096400000, 0x0000000096500000, 0x0000000096500000|100%| E|  |TAMS 0x0000000096400000| PB 0x0000000096500000| Complete 
| 357|0x0000000096500000, 0x0000000096600000, 0x0000000096600000|100%| E|  |TAMS 0x0000000096500000| PB 0x0000000096600000| Complete 
| 358|0x0000000096600000, 0x0000000096700000, 0x0000000096700000|100%| E|  |TAMS 0x0000000096600000| PB 0x0000000096700000| Complete 
| 359|0x0000000096700000, 0x0000000096800000, 0x0000000096800000|100%| E|  |TAMS 0x0000000096700000| PB 0x0000000096800000| Complete 
| 360|0x0000000096800000, 0x0000000096900000, 0x0000000096900000|100%| E|  |TAMS 0x0000000096800000| PB 0x0000000096900000| Complete 
| 361|0x0000000096900000, 0x0000000096a00000, 0x0000000096a00000|100%| E|  |TAMS 0x0000000096900000| PB 0x0000000096a00000| Complete 
| 362|0x0000000096a00000, 0x0000000096b00000, 0x0000000096b00000|100%| E|  |TAMS 0x0000000096a00000| PB 0x0000000096b00000| Complete 
| 363|0x0000000096b00000, 0x0000000096c00000, 0x0000000096c00000|100%| E|  |TAMS 0x0000000096b00000| PB 0x0000000096c00000| Complete 
| 364|0x0000000096c00000, 0x0000000096d00000, 0x0000000096d00000|100%| E|  |TAMS 0x0000000096c00000| PB 0x0000000096d00000| Complete 
| 365|0x0000000096d00000, 0x0000000096e00000, 0x0000000096e00000|100%| E|  |TAMS 0x0000000096d00000| PB 0x0000000096e00000| Complete 
| 366|0x0000000096e00000, 0x0000000096f00000, 0x0000000096f00000|100%| E|  |TAMS 0x0000000096e00000| PB 0x0000000096f00000| Complete 
| 367|0x0000000096f00000, 0x0000000097000000, 0x0000000097000000|100%| E|  |TAMS 0x0000000096f00000| PB 0x0000000097000000| Complete 
| 368|0x0000000097000000, 0x0000000097100000, 0x0000000097100000|100%| E|  |TAMS 0x0000000097000000| PB 0x0000000097100000| Complete 
| 369|0x0000000097100000, 0x0000000097200000, 0x0000000097200000|100%| E|  |TAMS 0x0000000097100000| PB 0x0000000097200000| Complete 
| 370|0x0000000097200000, 0x0000000097300000, 0x0000000097300000|100%| E|  |TAMS 0x0000000097200000| PB 0x0000000097300000| Complete 
| 371|0x0000000097300000, 0x0000000097400000, 0x0000000097400000|100%| E|  |TAMS 0x0000000097300000| PB 0x0000000097400000| Complete 
| 372|0x0000000097400000, 0x0000000097500000, 0x0000000097500000|100%| E|  |TAMS 0x0000000097400000| PB 0x0000000097500000| Complete 
| 373|0x0000000097500000, 0x0000000097600000, 0x0000000097600000|100%| E|  |TAMS 0x0000000097500000| PB 0x0000000097600000| Complete 
| 374|0x0000000097600000, 0x0000000097700000, 0x0000000097700000|100%| E|  |TAMS 0x0000000097600000| PB 0x0000000097700000| Complete 
| 375|0x0000000097700000, 0x0000000097800000, 0x0000000097800000|100%| E|  |TAMS 0x0000000097700000| PB 0x0000000097800000| Complete 
| 376|0x0000000097800000, 0x0000000097900000, 0x0000000097900000|100%| E|  |TAMS 0x0000000097800000| PB 0x0000000097900000| Complete 
| 377|0x0000000097900000, 0x0000000097a00000, 0x0000000097a00000|100%| E|  |TAMS 0x0000000097900000| PB 0x0000000097a00000| Complete 
| 378|0x0000000097a00000, 0x0000000097b00000, 0x0000000097b00000|100%| E|  |TAMS 0x0000000097a00000| PB 0x0000000097b00000| Complete 
| 379|0x0000000097b00000, 0x0000000097c00000, 0x0000000097c00000|100%| E|  |TAMS 0x0000000097b00000| PB 0x0000000097c00000| Complete 
| 380|0x0000000097c00000, 0x0000000097d00000, 0x0000000097d00000|100%| E|  |TAMS 0x0000000097c00000| PB 0x0000000097d00000| Complete 
| 381|0x0000000097d00000, 0x0000000097e00000, 0x0000000097e00000|100%| E|  |TAMS 0x0000000097d00000| PB 0x0000000097e00000| Complete 
| 382|0x0000000097e00000, 0x0000000097f00000, 0x0000000097f00000|100%| E|  |TAMS 0x0000000097e00000| PB 0x0000000097f00000| Complete 
| 383|0x0000000097f00000, 0x0000000098000000, 0x0000000098000000|100%| E|  |TAMS 0x0000000097f00000| PB 0x0000000098000000| Complete 
| 384|0x0000000098000000, 0x0000000098100000, 0x0000000098100000|100%| E|  |TAMS 0x0000000098000000| PB 0x0000000098100000| Complete 
| 385|0x0000000098100000, 0x0000000098200000, 0x0000000098200000|100%| E|  |TAMS 0x0000000098100000| PB 0x0000000098200000| Complete 
| 386|0x0000000098200000, 0x0000000098300000, 0x0000000098300000|100%| E|  |TAMS 0x0000000098200000| PB 0x0000000098300000| Complete 
| 387|0x0000000098300000, 0x0000000098400000, 0x0000000098400000|100%| E|  |TAMS 0x0000000098300000| PB 0x0000000098400000| Complete 
| 388|0x0000000098400000, 0x0000000098500000, 0x0000000098500000|100%| E|  |TAMS 0x0000000098400000| PB 0x0000000098500000| Complete 
| 389|0x0000000098500000, 0x0000000098600000, 0x0000000098600000|100%| E|  |TAMS 0x0000000098500000| PB 0x0000000098600000| Complete 
| 390|0x0000000098600000, 0x0000000098700000, 0x0000000098700000|100%| E|  |TAMS 0x0000000098600000| PB 0x0000000098700000| Complete 
| 391|0x0000000098700000, 0x0000000098800000, 0x0000000098800000|100%| E|  |TAMS 0x0000000098700000| PB 0x0000000098800000| Complete 
| 392|0x0000000098800000, 0x0000000098900000, 0x0000000098900000|100%| E|  |TAMS 0x0000000098800000| PB 0x0000000098900000| Complete 
| 393|0x0000000098900000, 0x0000000098a00000, 0x0000000098a00000|100%| E|  |TAMS 0x0000000098900000| PB 0x0000000098a00000| Complete 
| 394|0x0000000098a00000, 0x0000000098b00000, 0x0000000098b00000|100%| E|  |TAMS 0x0000000098a00000| PB 0x0000000098b00000| Complete 
| 395|0x0000000098b00000, 0x0000000098c00000, 0x0000000098c00000|100%| E|  |TAMS 0x0000000098b00000| PB 0x0000000098c00000| Complete 
| 396|0x0000000098c00000, 0x0000000098d00000, 0x0000000098d00000|100%| E|  |TAMS 0x0000000098c00000| PB 0x0000000098d00000| Complete 
| 397|0x0000000098d00000, 0x0000000098e00000, 0x0000000098e00000|100%| E|  |TAMS 0x0000000098d00000| PB 0x0000000098e00000| Complete 
| 398|0x0000000098e00000, 0x0000000098f00000, 0x0000000098f00000|100%| E|  |TAMS 0x0000000098e00000| PB 0x0000000098f00000| Complete 
| 399|0x0000000098f00000, 0x0000000099000000, 0x0000000099000000|100%| E|  |TAMS 0x0000000098f00000| PB 0x0000000099000000| Complete 
| 400|0x0000000099000000, 0x0000000099100000, 0x0000000099100000|100%| E|  |TAMS 0x0000000099000000| PB 0x0000000099100000| Complete 
| 401|0x0000000099100000, 0x0000000099200000, 0x0000000099200000|100%| E|  |TAMS 0x0000000099100000| PB 0x0000000099200000| Complete 
| 402|0x0000000099200000, 0x0000000099300000, 0x0000000099300000|100%| E|  |TAMS 0x0000000099200000| PB 0x0000000099300000| Complete 
| 403|0x0000000099300000, 0x0000000099400000, 0x0000000099400000|100%| E|  |TAMS 0x0000000099300000| PB 0x0000000099400000| Complete 
| 404|0x0000000099400000, 0x0000000099500000, 0x0000000099500000|100%| E|  |TAMS 0x0000000099400000| PB 0x0000000099500000| Complete 
| 405|0x0000000099500000, 0x0000000099600000, 0x0000000099600000|100%| E|  |TAMS 0x0000000099500000| PB 0x0000000099600000| Complete 
| 406|0x0000000099600000, 0x0000000099700000, 0x0000000099700000|100%| E|  |TAMS 0x0000000099600000| PB 0x0000000099700000| Complete 
|2043|0x00000000ffb00000, 0x00000000ffc00000, 0x00000000ffc00000|100%| O|  |TAMS 0x00000000ffb00000| PB 0x00000000ffc00000| Untracked 
|2044|0x00000000ffc00000, 0x00000000ffd00000, 0x00000000ffd00000|100%| E|  |TAMS 0x00000000ffc00000| PB 0x00000000ffd00000| Complete 
|2045|0x00000000ffd00000, 0x00000000ffe00000, 0x00000000ffe00000|100%| O|  |TAMS 0x00000000ffd00000| PB 0x00000000ffe00000| Untracked 
|2046|0x00000000ffe00000, 0x00000000fff00000, 0x00000000fff00000|100%| O|  |TAMS 0x00000000ffe00000| PB 0x00000000fff00000| Untracked 
|2047|0x00000000fff00000, 0x0000000100000000, 0x0000000100000000|100%| O|  |TAMS 0x00000000fff00000| PB 0x0000000100000000| Untracked 

Card table byte_map: [0x0000014d29ce0000,0x0000014d2a0e0000] _byte_map_base: 0x0000014d298e0000

Marking Bits: (CMBitMap*) 0x0000014d174b0cf0
 Bits: [0x0000014d2a0e0000, 0x0000014d2c0e0000)

Polling page: 0x0000014d154d0000

Metaspace:

Usage:
  Non-class:    131.04 MB used.
      Class:     19.61 MB used.
       Both:    150.65 MB used.

Virtual space:
  Non-class space:      192.00 MB reserved,     132.44 MB ( 69%) committed,  3 nodes.
      Class space:        1.00 GB reserved,      21.00 MB (  2%) committed,  1 nodes.
             Both:        1.19 GB reserved,     153.44 MB ( 13%) committed. 

Chunk freelists:
   Non-Class:  10.93 MB
       Class:  11.05 MB
        Both:  21.98 MB

MaxMetaspaceSize: unlimited
CompressedClassSpaceSize: 1.00 GB
Initial GC threshold: 21.00 MB
Current GC threshold: 249.69 MB
CDS: off
 - commit_granule_bytes: 65536.
 - commit_granule_words: 8192.
 - virtual_space_node_default_size: 8388608.
 - enlarge_chunks_in_place: 1.
 - use_allocation_guard: 0.


Internal statistics:

num_allocs_failed_limit: 6.
num_arena_births: 5424.
num_arena_deaths: 6.
num_vsnodes_births: 4.
num_vsnodes_deaths: 0.
num_space_committed: 2453.
num_space_uncommitted: 0.
num_chunks_returned_to_freelist: 15.
num_chunks_taken_from_freelist: 12484.
num_chunk_merges: 6.
num_chunk_splits: 8036.
num_chunks_enlarged: 4967.
num_inconsistent_stats: 0.

CodeHeap 'non-profiled nmethods': size=120000Kb used=15489Kb max_used=15489Kb free=104510Kb
 bounds [0x0000014d22080000, 0x0000014d22fb0000, 0x0000014d295b0000]
CodeHeap 'profiled nmethods': size=120000Kb used=33350Kb max_used=33350Kb free=86649Kb
 bounds [0x0000014d1a5b0000, 0x0000014d1c650000, 0x0000014d21ae0000]
CodeHeap 'non-nmethods': size=5760Kb used=2584Kb max_used=2623Kb free=3175Kb
 bounds [0x0000014d21ae0000, 0x0000014d21d90000, 0x0000014d22080000]
 total_blobs=18968 nmethods=17971 adapters=900
 compilation: enabled
              stopped_count=0, restarted_count=0
 full_count=0

Compilation events (20 events):
Event: 4874.867 Thread 0x0000014d3310e9e0 22680       3       org.gradle.internal.classpath.Instrumented::systemProperty (21 bytes)
Event: 4874.868 Thread 0x0000014d3310e9e0 nmethod 22680 0x0000014d1c638a10 code [0x0000014d1c638c20, 0x0000014d1c639300]
Event: 4874.868 Thread 0x0000014d3310e9e0 22681       3       sun.nio.fs.WindowsPathParser::normalize (138 bytes)
Event: 4874.871 Thread 0x0000014d3310e9e0 nmethod 22681 0x0000014d1c639590 code [0x0000014d1c639a00, 0x0000014d1c63ba88]
Event: 4874.878 Thread 0x0000014d3310bd00 22682       4       java.lang.invoke.MemberName::asSpecial (89 bytes)
Event: 4874.879 Thread 0x0000014d3310bd00 nmethod 22682 0x0000014d22f9f310 code [0x0000014d22f9f4a0, 0x0000014d22f9f5c0]
Event: 4874.889 Thread 0x0000014d3310e9e0 22683       3       java.util.logging.LogManager$LoggerContext::requiresDefaultLoggers (29 bytes)
Event: 4874.889 Thread 0x0000014d3310e9e0 nmethod 22683 0x0000014d1c63c890 code [0x0000014d1c63ca40, 0x0000014d1c63cc48]
Event: 4874.940 Thread 0x0000014d3310e9e0 22684   !   3       java.lang.Class::getTypeName (46 bytes)
Event: 4874.941 Thread 0x0000014d3310e9e0 nmethod 22684 0x0000014d1c63cd10 code [0x0000014d1c63d120, 0x0000014d1c63ea20]
Event: 4874.941 Thread 0x0000014d3310e9e0 22686       3       jdk.internal.org.objectweb.asm.Type::getArgumentTypes (154 bytes)
Event: 4874.942 Thread 0x0000014d3310e9e0 nmethod 22686 0x0000014d1c63f710 code [0x0000014d1c63fb60, 0x0000014d1c641f80]
Event: 4874.942 Thread 0x0000014d3310e9e0 22687       3       java.io.ObjectInputStream$PeekInputStream::peek (49 bytes)
Event: 4874.942 Thread 0x0000014d3310e9e0 nmethod 22687 0x0000014d1c642e10 code [0x0000014d1c642fc0, 0x0000014d1c643258]
Event: 4874.942 Thread 0x0000014d3310e9e0 22685       3       java.lang.reflect.ProxyGenerator$ProxyMethod::codeWrapArgument (54 bytes)
Event: 4874.942 Thread 0x0000014d3310e9e0 nmethod 22685 0x0000014d1c643310 code [0x0000014d1c643500, 0x0000014d1c643968]
Event: 4874.945 Thread 0x0000014d3310e9e0 22689       3       sun.security.jca.ProviderList::getProvider (22 bytes)
Event: 4874.945 Thread 0x0000014d3310e9e0 nmethod 22689 0x0000014d1c643b10 code [0x0000014d1c643ce0, 0x0000014d1c643ec0]
Event: 4874.946 Thread 0x0000014d3310e9e0 22690       3       sun.security.provider.SHA2::implReset (20 bytes)
Event: 4874.947 Thread 0x0000014d3310e9e0 nmethod 22690 0x0000014d1c644010 code [0x0000014d1c6441c0, 0x0000014d1c644378]

GC Heap History (20 events):
Event: 75.650 GC heap after
{Heap after GC invocations=54 (full 0):
 garbage-first heap   total 329728K, used 209657K [0x0000000080000000, 0x0000000100000000)
  region size 1024K, 11 young (11264K), 11 survivors (11264K)
 Metaspace       used 137293K, committed 139968K, reserved 1179648K
  class space    used 18111K, committed 19456K, reserved 1048576K
}
Event: 75.950 GC heap before
{Heap before GC invocations=54 (full 0):
 garbage-first heap   total 329728K, used 215801K [0x0000000080000000, 0x0000000100000000)
  region size 1024K, 19 young (19456K), 11 survivors (11264K)
 Metaspace       used 137756K, committed 140416K, reserved 1179648K
  class space    used 18178K, committed 19520K, reserved 1048576K
}
Event: 75.962 GC heap after
{Heap after GC invocations=55 (full 0):
 garbage-first heap   total 329728K, used 211944K [0x0000000080000000, 0x0000000100000000)
  region size 1024K, 3 young (3072K), 3 survivors (3072K)
 Metaspace       used 137756K, committed 140416K, reserved 1179648K
  class space    used 18178K, committed 19520K, reserved 1048576K
}
Event: 95.081 GC heap before
{Heap before GC invocations=56 (full 0):
 garbage-first heap   total 357376K, used 301032K [0x0000000080000000, 0x0000000100000000)
  region size 1024K, 90 young (92160K), 3 survivors (3072K)
 Metaspace       used 143816K, committed 146496K, reserved 1179648K
  class space    used 18726K, committed 20096K, reserved 1048576K
}
Event: 95.088 GC heap after
{Heap after GC invocations=57 (full 0):
 garbage-first heap   total 357376K, used 213544K [0x0000000080000000, 0x0000000100000000)
  region size 1024K, 4 young (4096K), 4 survivors (4096K)
 Metaspace       used 143816K, committed 146496K, reserved 1179648K
  class space    used 18726K, committed 20096K, reserved 1048576K
}
Event: 98.199 GC heap before
{Heap before GC invocations=57 (full 0):
 garbage-first heap   total 357376K, used 324136K [0x0000000080000000, 0x0000000100000000)
  region size 1024K, 111 young (113664K), 4 survivors (4096K)
 Metaspace       used 148056K, committed 150784K, reserved 1179648K
  class space    used 19221K, committed 20544K, reserved 1048576K
}
Event: 98.220 GC heap after
{Heap after GC invocations=58 (full 0):
 garbage-first heap   total 357376K, used 223807K [0x0000000080000000, 0x0000000100000000)
  region size 1024K, 14 young (14336K), 14 survivors (14336K)
 Metaspace       used 148056K, committed 150784K, reserved 1179648K
  class space    used 19221K, committed 20544K, reserved 1048576K
}
Event: 100.346 GC heap before
{Heap before GC invocations=58 (full 0):
 garbage-first heap   total 357376K, used 323135K [0x0000000080000000, 0x0000000100000000)
  region size 1024K, 112 young (114688K), 14 survivors (14336K)
 Metaspace       used 150319K, committed 153024K, reserved 1245184K
  class space    used 19608K, committed 20992K, reserved 1048576K
}
Event: 100.372 GC heap after
{Heap after GC invocations=59 (full 0):
 garbage-first heap   total 357376K, used 238050K [0x0000000080000000, 0x0000000100000000)
  region size 1024K, 14 young (14336K), 14 survivors (14336K)
 Metaspace       used 150319K, committed 153024K, reserved 1245184K
  class space    used 19608K, committed 20992K, reserved 1048576K
}
Event: 102.029 GC heap before
{Heap before GC invocations=60 (full 0):
 garbage-first heap   total 399360K, used 319970K [0x0000000080000000, 0x0000000100000000)
  region size 1024K, 95 young (97280K), 14 survivors (14336K)
 Metaspace       used 150450K, committed 153216K, reserved 1245184K
  class space    used 19622K, committed 20992K, reserved 1048576K
}
Event: 102.048 GC heap after
{Heap after GC invocations=61 (full 0):
 garbage-first heap   total 399360K, used 243257K [0x0000000080000000, 0x0000000100000000)
  region size 1024K, 8 young (8192K), 8 survivors (8192K)
 Metaspace       used 150450K, committed 153216K, reserved 1245184K
  class space    used 19622K, committed 20992K, reserved 1048576K
}
Event: 103.373 GC heap before
{Heap before GC invocations=61 (full 0):
 garbage-first heap   total 399360K, used 361017K [0x0000000080000000, 0x0000000100000000)
  region size 1024K, 124 young (126976K), 8 survivors (8192K)
 Metaspace       used 150636K, committed 153344K, reserved 1245184K
  class space    used 19641K, committed 20992K, reserved 1048576K
}
Event: 103.391 GC heap after
{Heap after GC invocations=62 (full 0):
 garbage-first heap   total 399360K, used 247252K [0x0000000080000000, 0x0000000100000000)
  region size 1024K, 15 young (15360K), 15 survivors (15360K)
 Metaspace       used 150636K, committed 153344K, reserved 1245184K
  class space    used 19641K, committed 20992K, reserved 1048576K
}
Event: 104.752 GC heap before
{Heap before GC invocations=62 (full 0):
 garbage-first heap   total 399360K, used 360916K [0x0000000080000000, 0x0000000100000000)
  region size 1024K, 127 young (130048K), 15 survivors (15360K)
 Metaspace       used 150655K, committed 153408K, reserved 1245184K
  class space    used 19641K, committed 20992K, reserved 1048576K
}
Event: 104.770 GC heap after
{Heap after GC invocations=63 (full 0):
 garbage-first heap   total 399360K, used 252705K [0x0000000080000000, 0x0000000100000000)
  region size 1024K, 14 young (14336K), 14 survivors (14336K)
 Metaspace       used 150655K, committed 153408K, reserved 1245184K
  class space    used 19641K, committed 20992K, reserved 1048576K
}
Event: 2537.906 GC heap before
{Heap before GC invocations=64 (full 0):
 garbage-first heap   total 421888K, used 361249K [0x0000000080000000, 0x0000000100000000)
  region size 1024K, 121 young (123904K), 14 survivors (14336K)
 Metaspace       used 151570K, committed 154368K, reserved 1245184K
  class space    used 19744K, committed 21184K, reserved 1048576K
}
Event: 2537.948 GC heap after
{Heap after GC invocations=65 (full 0):
 garbage-first heap   total 421888K, used 254464K [0x0000000080000000, 0x0000000100000000)
  region size 1024K, 10 young (10240K), 10 survivors (10240K)
 Metaspace       used 151570K, committed 154368K, reserved 1245184K
  class space    used 19744K, committed 21184K, reserved 1048576K
}
Event: 4872.675 GC heap before
{Heap before GC invocations=65 (full 0):
 garbage-first heap   total 421888K, used 388608K [0x0000000080000000, 0x0000000100000000)
  region size 1024K, 141 young (144384K), 10 survivors (10240K)
 Metaspace       used 151811K, committed 154624K, reserved 1245184K
  class space    used 19748K, committed 21184K, reserved 1048576K
}
Event: 4872.742 GC heap after
{Heap after GC invocations=66 (full 0):
 garbage-first heap   total 421888K, used 242202K [0x0000000080000000, 0x0000000100000000)
  region size 1024K, 18 young (18432K), 18 survivors (18432K)
 Metaspace       used 151811K, committed 154624K, reserved 1245184K
  class space    used 19748K, committed 21184K, reserved 1048576K
}
Event: 4874.953 GC heap before
{Heap before GC invocations=66 (full 0):
 garbage-first heap   total 421888K, used 365082K [0x0000000080000000, 0x0000000100000000)
  region size 1024K, 140 young (143360K), 18 survivors (18432K)
 Metaspace       used 154266K, committed 157120K, reserved 1245184K
  class space    used 20076K, committed 21504K, reserved 1048576K
}

Dll operation events (3 events):
Event: 0.042 Loaded shared library C:\Program Files\Android\Android Studio\jbr\bin\java.dll
Event: 0.061 Loaded shared library C:\Program Files\Android\Android Studio\jbr\bin\zip.dll
Event: 2.413 Loaded shared library C:\Program Files\Android\Android Studio\jbr\bin\verify.dll

Deoptimization events (20 events):
Event: 4874.944 Thread 0x0000014d39bbb8a0 Uncommon trap: trap_request=0xffffff45 fr.pc=0x0000014d22ea991c relative=0x000000000000293c
Event: 4874.944 Thread 0x0000014d39bbb8a0 Uncommon trap: reason=unstable_if action=reinterpret pc=0x0000014d22ea991c method=java.io.ObjectStreamClass.hasReadObjectNoDataMethod()Z @ 8 c2
Event: 4874.944 Thread 0x0000014d39bbb8a0 DEOPT PACKING pc=0x0000014d22ea991c sp=0x0000001de9cfd2c0
Event: 4874.944 Thread 0x0000014d39bbb8a0 DEOPT UNPACKING pc=0x0000014d21b37da2 sp=0x0000001de9cfd268 mode 2
Event: 4874.944 Thread 0x0000014d39bbb8a0 Uncommon trap: trap_request=0xffffff45 fr.pc=0x0000014d22c2dfec relative=0x00000000000001ac
Event: 4874.944 Thread 0x0000014d39bbb8a0 Uncommon trap: reason=unstable_if action=reinterpret pc=0x0000014d22c2dfec method=java.io.ObjectInputStream$BlockDataInputStream.readUnsignedShort()I @ 4 c2
Event: 4874.944 Thread 0x0000014d39bbb8a0 DEOPT PACKING pc=0x0000014d22c2dfec sp=0x0000001de9cfd020
Event: 4874.944 Thread 0x0000014d39bbb8a0 DEOPT UNPACKING pc=0x0000014d21b37da2 sp=0x0000001de9cfcfc0 mode 2
Event: 4874.944 Thread 0x0000014d39bbb8a0 Uncommon trap: trap_request=0xffffff45 fr.pc=0x0000014d22cb44f4 relative=0x0000000000000d94
Event: 4874.944 Thread 0x0000014d39bbb8a0 Uncommon trap: reason=unstable_if action=reinterpret pc=0x0000014d22cb44f4 method=java.io.ObjectInputStream$BlockDataInputStream.readUTFBody(J)Ljava/lang/String; @ 48 c2
Event: 4874.944 Thread 0x0000014d39bbb8a0 DEOPT PACKING pc=0x0000014d22cb44f4 sp=0x0000001de9cfcfd0
Event: 4874.944 Thread 0x0000014d39bbb8a0 DEOPT UNPACKING pc=0x0000014d21b37da2 sp=0x0000001de9cfcfa8 mode 2
Event: 4874.947 Thread 0x0000014d39bbb8a0 Uncommon trap: trap_request=0xffffff6e fr.pc=0x0000014d220d02c8 relative=0x00000000000001a8
Event: 4874.947 Thread 0x0000014d39bbb8a0 Uncommon trap: reason=loop_limit_check action=maybe_recompile pc=0x0000014d220d02c8 method=java.lang.StringLatin1.lastIndexOf([BII)I @ 19 c2
Event: 4874.947 Thread 0x0000014d39bbb8a0 DEOPT PACKING pc=0x0000014d220d02c8 sp=0x0000001de9cfc920
Event: 4874.947 Thread 0x0000014d39bbb8a0 DEOPT UNPACKING pc=0x0000014d21b37da2 sp=0x0000001de9cfc7d8 mode 2
Event: 4874.947 Thread 0x0000014d39bbb8a0 Uncommon trap: trap_request=0xffffff6e fr.pc=0x0000014d220f95c8 relative=0x00000000000001a8
Event: 4874.947 Thread 0x0000014d39bbb8a0 Uncommon trap: reason=loop_limit_check action=maybe_recompile pc=0x0000014d220f95c8 method=java.lang.StringLatin1.lastIndexOf([BII)I @ 19 c2
Event: 4874.947 Thread 0x0000014d39bbb8a0 DEOPT PACKING pc=0x0000014d220f95c8 sp=0x0000001de9cfc880
Event: 4874.947 Thread 0x0000014d39bbb8a0 DEOPT UNPACKING pc=0x0000014d21b37da2 sp=0x0000001de9cfc7a8 mode 2

Classes loaded (20 events):
Event: 4874.948 Loading class sun/rmi/transport/DGCImpl_Stub done
Event: 4874.948 Loading class sun/rmi/transport/DGCClient$EndpointEntry$RenewCleanThread
Event: 4874.948 Loading class sun/rmi/transport/DGCClient$EndpointEntry$RenewCleanThread done
Event: 4874.951 Loading class sun/rmi/transport/GC
Event: 4874.951 Loading class sun/rmi/transport/GC done
Event: 4874.951 Loading class sun/rmi/transport/GC$LatencyLock
Event: 4874.951 Loading class sun/rmi/transport/GC$LatencyLock done
Event: 4874.951 Loading class sun/rmi/transport/GC$1
Event: 4874.951 Loading class sun/rmi/transport/GC$1 done
Event: 4874.952 Loading class sun/rmi/transport/GC$LatencyRequest
Event: 4874.952 Loading class sun/rmi/transport/GC$LatencyRequest done
Event: 4874.952 Loading class sun/rmi/transport/GC$Daemon
Event: 4874.953 Loading class sun/rmi/transport/GC$Daemon done
Event: 4874.953 Loading class sun/rmi/transport/GC$Daemon$1
Event: 4874.953 Loading class sun/rmi/transport/GC$Daemon$1 done
Event: 4874.953 Loading class sun/rmi/transport/DGCClient$EndpointEntry$RefEntry
Event: 4874.953 Loading class sun/rmi/transport/DGCClient$EndpointEntry$RefEntry done
Event: 4874.953 Loading class sun/rmi/transport/DGCClient$EndpointEntry$RefEntry$PhantomLiveRef
Event: 4874.953 Loading class sun/rmi/transport/DGCClient$EndpointEntry$RefEntry$PhantomLiveRef done
Event: 4874.953 Loading class java/rmi/dgc/Lease

Classes unloaded (3 events):
Event: 105.033 Thread 0x0000014d33055610 Unloading class 0x0000000100fb9400 'java/lang/invoke/LambdaForm$MH+0x0000000100fb9400'
Event: 105.033 Thread 0x0000014d33055610 Unloading class 0x0000000100fac400 'java/lang/invoke/LambdaForm$MH+0x0000000100fac400'
Event: 105.033 Thread 0x0000014d33055610 Unloading class 0x0000000100f40000 'java/lang/invoke/LambdaForm$MH+0x0000000100f40000'

Classes redefined (0 events):
No events

Internal exceptions (20 events):
Event: 4874.123 Thread 0x0000014d3fa16c10 Exception <a 'java/lang/NoSuchMethodError'{0x0000000092ad98d8}: static Lorg/jetbrains/kotlin/buildtools/api/SourcesChanges$Known;.<clinit>()V> (0x0000000092ad98d8) 
thrown [s\src\hotspot\share\prims\jni.cpp, line 1139]
Event: 4874.125 Thread 0x0000014d3fa16c10 Exception <a 'java/lang/NoSuchMethodError'{0x000000009292b7e8}: static Lorg/jetbrains/kotlin/incremental/ClasspathChanges$ClasspathSnapshotEnabled$IncrementalRun$NoChanges;.<clinit>()V> (0x000000009292b7e8) 
thrown [s\src\hotspot\share\prims\jni.cpp, line 1139]
Event: 4874.125 Thread 0x0000014d3fa16c10 Exception <a 'java/lang/NoSuchMethodError'{0x000000009292d7c0}: static Lorg/jetbrains/kotlin/incremental/ClasspathChanges$ClasspathSnapshotEnabled$IncrementalRun;.<clinit>()V> (0x000000009292d7c0) 
thrown [s\src\hotspot\share\prims\jni.cpp, line 1139]
Event: 4874.125 Thread 0x0000014d3fa16c10 Exception <a 'java/lang/NoSuchMethodError'{0x000000009292f2e8}: static Lorg/jetbrains/kotlin/incremental/ClasspathChanges$ClasspathSnapshotEnabled;.<clinit>()V> (0x000000009292f2e8) 
thrown [s\src\hotspot\share\prims\jni.cpp, line 1139]
Event: 4874.125 Thread 0x0000014d3fa16c10 Exception <a 'java/lang/NoSuchMethodError'{0x0000000092931138}: static Lorg/jetbrains/kotlin/incremental/ClasspathChanges;.<clinit>()V> (0x0000000092931138) 
thrown [s\src\hotspot\share\prims\jni.cpp, line 1139]
Event: 4874.132 Thread 0x0000014d3fa16c10 Exception <a 'java/lang/NoSuchMethodError'{0x00000000929ed118}: static Lorg/jetbrains/kotlin/gradle/report/GradleBuildMetricsReporter;.<clinit>()V> (0x00000000929ed118) 
thrown [s\src\hotspot\share\prims\jni.cpp, line 1139]
Event: 4874.132 Thread 0x0000014d3fa16c10 Exception <a 'java/lang/NoSuchMethodError'{0x00000000929efba8}: static Lorg/jetbrains/kotlin/build/report/metrics/BuildMetricsReporterImpl;.<clinit>()V> (0x00000000929efba8) 
thrown [s\src\hotspot\share\prims\jni.cpp, line 1139]
Event: 4874.134 Thread 0x0000014d3fa16c10 Exception <a 'java/lang/NoSuchMethodError'{0x0000000092839d90}: static Lorg/jetbrains/kotlin/build/report/metrics/GcMetrics;.<clinit>()V> (0x0000000092839d90) 
thrown [s\src\hotspot\share\prims\jni.cpp, line 1139]
Event: 4874.146 Thread 0x0000014d3fa172a0 Exception <a 'sun/nio/fs/WindowsException'{0x00000000928d81b8}> (0x00000000928d81b8) 
thrown [s\src\hotspot\share\prims\jni.cpp, line 535]
Event: 4874.157 Thread 0x0000014d3fa144b0 Exception <a 'sun/nio/fs/WindowsException'{0x0000000092772a08}> (0x0000000092772a08) 
thrown [s\src\hotspot\share\prims\jni.cpp, line 535]
Event: 4874.158 Thread 0x0000014d3fa144b0 Exception <a 'sun/nio/fs/WindowsException'{0x00000000927df0a8}> (0x00000000927df0a8) 
thrown [s\src\hotspot\share\prims\jni.cpp, line 535]
Event: 4874.183 Thread 0x0000014d3fa172a0 Implicit null exception at 0x0000014d22cb155b to 0x0000014d22cb248c
Event: 4874.184 Thread 0x0000014d3fa172a0 Exception <a 'java/lang/NoSuchMethodError'{0x00000000924f9188}: static Ljava/lang/Object;.<clinit>()V> (0x00000000924f9188) 
thrown [s\src\hotspot\share\prims\jni.cpp, line 1139]
Event: 4874.222 Thread 0x0000014d39bbb8a0 Exception <a 'java/lang/NoSuchMethodError'{0x00000000922d5620}: 'long java.lang.invoke.DirectMethodHandle$Holder.invokeStatic(java.lang.Object)'> (0x00000000922d5620) 
thrown [s\src\hotspot\share\interpreter\linkResolver.cpp, line 784]
Event: 4874.222 Thread 0x0000014d39bbb8a0 Exception <a 'java/lang/NoSuchMethodError'{0x00000000922d8978}: 'long java.lang.invoke.DirectMethodHandle$Holder.invokeStaticInit(java.lang.Object)'> (0x00000000922d8978) 
thrown [s\src\hotspot\share\interpreter\linkResolver.cpp, line 784]
Event: 4874.244 Thread 0x0000014d39bbb8a0 Exception <a 'java/lang/NoSuchMethodError'{0x00000000921ce280}: 'int java.lang.invoke.DirectMethodHandle$Holder.invokeStatic(java.lang.Object, long)'> (0x00000000921ce280) 
thrown [s\src\hotspot\share\interpreter\linkResolver.cpp, line 784]
Event: 4874.264 Thread 0x0000014d39bbb8a0 Exception <a 'java/lang/NoSuchMethodError'{0x0000000092051748}: 'void java.lang.invoke.DirectMethodHandle$Holder.invokeStatic(java.lang.Object, long)'> (0x0000000092051748) 
thrown [s\src\hotspot\share\interpreter\linkResolver.cpp, line 784]
Event: 4874.266 Thread 0x0000014d39bbb8a0 Exception <a 'java/lang/NoSuchMethodError'{0x000000009205b978}: 'java.lang.Object java.lang.invoke.DirectMethodHandle$Holder.invokeStaticInit(java.lang.Object, long, java.lang.Object)'> (0x000000009205b978) 
thrown [s\src\hotspot\share\interpreter\linkResolver.cpp, line 784]
Event: 4874.944 Thread 0x0000014d39bbb8a0 Exception <a 'java/lang/NoSuchMethodError'{0x0000000091e08ca8}: static Lorg/jetbrains/kotlin/daemon/common/LoopbackNetworkInterface$AbstractClientLoopbackSocketFactory;.<clinit>()V> (0x0000000091e08ca8) 
thrown [s\src\hotspot\share\prims\jni.cpp, line 1139]
Event: 4874.945 Thread 0x0000014d39bbb8a0 Exception <a 'java/lang/NoSuchMethodError'{0x0000000091e14f00}: static Lorg/jetbrains/kotlin/daemon/common/LoopbackNetworkInterface$ClientLoopbackSocketFactory;.<clinit>()V> (0x0000000091e14f00) 
thrown [s\src\hotspot\share\prims\jni.cpp, line 1139]

ZGC Phase Switch (0 events):
No events

VM Operations (20 events):
Event: 4871.830 Executing VM operation: Cleanup done
Event: 4872.386 Executing VM operation: ICBufferFull
Event: 4872.387 Executing VM operation: ICBufferFull done
Event: 4872.674 Executing VM operation: G1CollectForAllocation (G1 Evacuation Pause)
Event: 4872.742 Executing VM operation: G1CollectForAllocation (G1 Evacuation Pause) done
Event: 4873.072 Executing VM operation: ICBufferFull
Event: 4873.072 Executing VM operation: ICBufferFull done
Event: 4873.728 Executing VM operation: ICBufferFull
Event: 4873.729 Executing VM operation: ICBufferFull done
Event: 4874.187 Executing VM operation: ICBufferFull
Event: 4874.188 Executing VM operation: ICBufferFull done
Event: 4874.279 Executing VM operation: HandshakeAllThreads (Deoptimize)
Event: 4874.279 Executing VM operation: HandshakeAllThreads (Deoptimize) done
Event: 4874.287 Executing VM operation: HandshakeAllThreads (Deoptimize)
Event: 4874.287 Executing VM operation: HandshakeAllThreads (Deoptimize) done
Event: 4874.289 Executing VM operation: HandshakeAllThreads (Deoptimize)
Event: 4874.289 Executing VM operation: HandshakeAllThreads (Deoptimize) done
Event: 4874.911 Executing VM operation: HandshakeAllThreads (Deoptimize)
Event: 4874.911 Executing VM operation: HandshakeAllThreads (Deoptimize) done
Event: 4874.953 Executing VM operation: G1CollectFull (System.gc())

Memory protections (0 events):
No events

Nmethod flushes (20 events):
Event: 105.056 Thread 0x0000014d33055610 flushing  nmethod 0x0000014d1b408990
Event: 105.056 Thread 0x0000014d33055610 flushing  nmethod 0x0000014d1b40e190
Event: 105.056 Thread 0x0000014d33055610 flushing  nmethod 0x0000014d1b5eec10
Event: 105.056 Thread 0x0000014d33055610 flushing  nmethod 0x0000014d1b6c8310
Event: 105.056 Thread 0x0000014d33055610 flushing  nmethod 0x0000014d1b6ca790
Event: 105.056 Thread 0x0000014d33055610 flushing  nmethod 0x0000014d1b6cce10
Event: 105.056 Thread 0x0000014d33055610 flushing  nmethod 0x0000014d1b770110
Event: 105.056 Thread 0x0000014d33055610 flushing  nmethod 0x0000014d1b88e090
Event: 105.056 Thread 0x0000014d33055610 flushing  nmethod 0x0000014d1b8ec390
Event: 105.056 Thread 0x0000014d33055610 flushing  nmethod 0x0000014d1ba09190
Event: 105.056 Thread 0x0000014d33055610 flushing  nmethod 0x0000014d1ba25510
Event: 105.056 Thread 0x0000014d33055610 flushing  nmethod 0x0000014d1baae090
Event: 105.056 Thread 0x0000014d33055610 flushing  nmethod 0x0000014d1bc4d910
Event: 105.056 Thread 0x0000014d33055610 flushing  nmethod 0x0000014d1bc52090
Event: 105.056 Thread 0x0000014d33055610 flushing  nmethod 0x0000014d1bc52810
Event: 105.056 Thread 0x0000014d33055610 flushing  nmethod 0x0000014d1bc56c90
Event: 105.056 Thread 0x0000014d33055610 flushing  nmethod 0x0000014d1bcf0d90
Event: 105.056 Thread 0x0000014d33055610 flushing  nmethod 0x0000014d1bd36490
Event: 105.056 Thread 0x0000014d33055610 flushing  nmethod 0x0000014d1bdd9010
Event: 105.056 Thread 0x0000014d33055610 flushing  nmethod 0x0000014d1c1ccd90

Events (20 events):
Event: 4873.796 Thread 0x0000014d3fa16c10 Thread added: 0x0000014d3fa21d40
Event: 4873.796 Thread 0x0000014d3fa16c10 Thread added: 0x0000014d3fa20990
Event: 4873.822 Thread 0x0000014d3fa16c10 Thread added: 0x0000014d3fa216b0
Event: 4873.825 Thread 0x0000014d3fa172a0 Thread added: 0x0000014d39bb8ab0
Event: 4873.896 Thread 0x0000014d3fa172a0 Thread added: 0x0000014d39bb9140
Event: 4873.896 Thread 0x0000014d3fa172a0 Thread added: 0x0000014d39bb69e0
Event: 4873.897 Thread 0x0000014d3fa172a0 Thread added: 0x0000014d39bb7070
Event: 4873.898 Thread 0x0000014d3fa172a0 Thread added: 0x0000014d39bb9e60
Event: 4873.899 Thread 0x0000014d3fa172a0 Thread added: 0x0000014d39bbab80
Event: 4873.899 Thread 0x0000014d3fa172a0 Thread added: 0x0000014d39bb7700
Event: 4873.900 Thread 0x0000014d3fa172a0 Thread added: 0x0000014d39bbb210
Event: 4874.137 Thread 0x0000014d3fa16c10 Thread added: 0x0000014d39bbb8a0
Event: 4874.294 Thread 0x0000014d39bbb8a0 Thread added: 0x0000014d39bbf3b0
Event: 4874.867 Thread 0x0000014d33879810 Thread exited: 0x0000014d33879810
Event: 4874.868 Thread 0x0000014d39bbf3b0 Thread exited: 0x0000014d39bbf3b0
Event: 4874.868 Thread 0x0000014d33879140 Thread exited: 0x0000014d33879140
Event: 4874.946 Thread 0x0000014d39bbb8a0 Thread added: 0x0000014d39bbed20
Event: 4874.951 Thread 0x0000014d39bbb8a0 Thread added: 0x0000014d39bbf3b0
Event: 4874.952 Loaded shared library C:\Program Files\Android\Android Studio\jbr\bin\rmi.dll
Event: 4874.953 Thread 0x0000014d39bbb8a0 Thread added: 0x0000014d39bbcc50


Dynamic libraries:
0x00007ff742a80000 - 0x00007ff742a8a000 	C:\Program Files\Android\Android Studio\jbr\bin\java.exe
0x00007ff9bdca0000 - 0x00007ff9bdf07000 	C:\WINDOWS\SYSTEM32\ntdll.dll
0x00007ff9bcb00000 - 0x00007ff9bcbc9000 	C:\WINDOWS\System32\KERNEL32.DLL
0x00007ff9ba9b0000 - 0x00007ff9bada1000 	C:\WINDOWS\System32\KERNELBASE.dll
0x00007ff9badb0000 - 0x00007ff9baefb000 	C:\WINDOWS\System32\ucrtbase.dll
0x00007ff921dc0000 - 0x00007ff921dd8000 	C:\Program Files\Android\Android Studio\jbr\bin\jli.dll
0x00007ff9bd020000 - 0x00007ff9bd1e5000 	C:\WINDOWS\System32\USER32.dll
0x00007ff9ba8c0000 - 0x00007ff9ba8e7000 	C:\WINDOWS\System32\win32u.dll
0x00007ff9bcff0000 - 0x00007ff9bd01b000 	C:\WINDOWS\System32\GDI32.dll
0x00007ff9ba580000 - 0x00007ff9ba6ab000 	C:\WINDOWS\System32\gdi32full.dll
0x00007ff9bb070000 - 0x00007ff9bb113000 	C:\WINDOWS\System32\msvcp_win.dll
0x00007ff939210000 - 0x00007ff93922b000 	C:\Program Files\Android\Android Studio\jbr\bin\VCRUNTIME140.dll
0x00007ff9b9680000 - 0x00007ff9b9913000 	C:\WINDOWS\WinSxS\amd64_microsoft.windows.common-controls_6595b64144ccf1df_6.0.26100.8037_none_3e092faae333b53b\COMCTL32.dll
0x00007ff9bcc50000 - 0x00007ff9bccf9000 	C:\WINDOWS\System32\msvcrt.dll
0x00007ff9bc3a0000 - 0x00007ff9bc3d1000 	C:\WINDOWS\System32\IMM32.DLL
0x00007ff939200000 - 0x00007ff93920c000 	C:\Program Files\Android\Android Studio\jbr\bin\vcruntime140_1.dll
0x00007ff921920000 - 0x00007ff9219ad000 	C:\Program Files\Android\Android Studio\jbr\bin\msvcp140.dll
0x00007ff937a50000 - 0x00007ff9386db000 	C:\Program Files\Android\Android Studio\jbr\bin\server\jvm.dll
0x00007ff9bcf30000 - 0x00007ff9bcfeb000 	C:\WINDOWS\System32\ADVAPI32.dll
0x00007ff9bd8d0000 - 0x00007ff9bd977000 	C:\WINDOWS\System32\sechost.dll
0x00007ff9bcd00000 - 0x00007ff9bce18000 	C:\WINDOWS\System32\RPCRT4.dll
0x00007ff9bcbd0000 - 0x00007ff9bcc44000 	C:\WINDOWS\System32\WS2_32.dll
0x00007ff9ba3e0000 - 0x00007ff9ba43e000 	C:\WINDOWS\SYSTEM32\POWRPROF.dll
0x00007ff9a7920000 - 0x00007ff9a7955000 	C:\WINDOWS\SYSTEM32\WINMM.dll
0x00007ff9b32c0000 - 0x00007ff9b32cb000 	C:\WINDOWS\SYSTEM32\VERSION.dll
0x00007ff9ba3c0000 - 0x00007ff9ba3d4000 	C:\WINDOWS\SYSTEM32\UMPDC.dll
0x00007ff9b8bf0000 - 0x00007ff9b8c0b000 	C:\WINDOWS\SYSTEM32\kernel.appcore.dll
0x00007ff9391f0000 - 0x00007ff9391fa000 	C:\Program Files\Android\Android Studio\jbr\bin\jimage.dll
0x00007ff9b9d50000 - 0x00007ff9b9f92000 	C:\WINDOWS\SYSTEM32\DBGHELP.DLL
0x00007ff9bd540000 - 0x00007ff9bd8c2000 	C:\WINDOWS\System32\combase.dll
0x00007ff9bd460000 - 0x00007ff9bd537000 	C:\WINDOWS\System32\OLEAUT32.dll
0x00007ff9b9c20000 - 0x00007ff9b9c5b000 	C:\WINDOWS\SYSTEM32\dbgcore.DLL
0x00007ff9bb120000 - 0x00007ff9bb1c5000 	C:\WINDOWS\System32\bcryptPrimitives.dll
0x00007ff93e130000 - 0x00007ff93e13e000 	C:\Program Files\Android\Android Studio\jbr\bin\instrument.dll
0x00007ff9391d0000 - 0x00007ff9391f0000 	C:\Program Files\Android\Android Studio\jbr\bin\java.dll
0x00007ff9391b0000 - 0x00007ff9391c8000 	C:\Program Files\Android\Android Studio\jbr\bin\zip.dll
0x00007ff9bbb60000 - 0x00007ff9bc2bf000 	C:\WINDOWS\System32\SHELL32.dll
0x00007ff9baf00000 - 0x00007ff9bb06a000 	C:\WINDOWS\System32\wintypes.dll
0x00007ff9bb1d0000 - 0x00007ff9bba34000 	C:\WINDOWS\System32\windows.storage.dll
0x00007ff9bdb30000 - 0x00007ff9bdc27000 	C:\WINDOWS\System32\SHCORE.dll
0x00007ff9bc880000 - 0x00007ff9bc8e7000 	C:\WINDOWS\System32\shlwapi.dll
0x00007ff9ba4a0000 - 0x00007ff9ba4c9000 	C:\WINDOWS\SYSTEM32\profapi.dll
0x00007ff9391a0000 - 0x00007ff9391b0000 	C:\Program Files\Android\Android Studio\jbr\bin\net.dll
0x00007ff9ae1e0000 - 0x00007ff9ae307000 	C:\WINDOWS\SYSTEM32\WINHTTP.dll
0x00007ff9b9120000 - 0x00007ff9b918b000 	C:\WINDOWS\system32\mswsock.dll
0x00007ff939180000 - 0x00007ff939196000 	C:\Program Files\Android\Android Studio\jbr\bin\nio.dll
0x00007ff9378b0000 - 0x00007ff9378c0000 	C:\Program Files\Android\Android Studio\jbr\bin\verify.dll
0x00007ff93e480000 - 0x00007ff93e4a7000 	C:\Users\duygu\.gradle\native\660c5614fbf4a5f2a75b1949f50a0caf5cd603558e7d8a26e50b933a0cfb79d1\windows-amd64\native-platform.dll
0x00007ff918060000 - 0x00007ff9180d7000 	C:\Users\duygu\.gradle\native\0.2.8\x86_64-windows-gnu\gradle-fileevents.dll
0x00007ff938e90000 - 0x00007ff938e99000 	C:\Program Files\Android\Android Studio\jbr\bin\management.dll
0x00007ff9378d0000 - 0x00007ff9378db000 	C:\Program Files\Android\Android Studio\jbr\bin\management_ext.dll
0x00007ff9bd980000 - 0x00007ff9bd988000 	C:\WINDOWS\System32\PSAPI.DLL
0x00007ff9b8480000 - 0x00007ff9b84b3000 	C:\WINDOWS\SYSTEM32\IPHLPAPI.DLL
0x00007ff9bc2d0000 - 0x00007ff9bc2da000 	C:\WINDOWS\System32\NSI.dll
0x00007ff938ef0000 - 0x00007ff938ef9000 	C:\Program Files\Android\Android Studio\jbr\bin\extnet.dll
0x00007ff9ba0a0000 - 0x00007ff9ba0bb000 	C:\WINDOWS\SYSTEM32\CRYPTSP.dll
0x00007ff9b89d0000 - 0x00007ff9b8a09000 	C:\WINDOWS\system32\rsaenh.dll
0x00007ff9b91d0000 - 0x00007ff9b9202000 	C:\WINDOWS\SYSTEM32\USERENV.dll
0x00007ff9ba470000 - 0x00007ff9ba49a000 	C:\WINDOWS\SYSTEM32\bcrypt.dll
0x00007ff9b9530000 - 0x00007ff9b953c000 	C:\WINDOWS\SYSTEM32\CRYPTBASE.dll
0x00007ff9ac030000 - 0x00007ff9ac038000 	C:\WINDOWS\system32\wshunix.dll
0x00007ff9b4c70000 - 0x00007ff9b4c77000 	C:\Program Files\Android\Android Studio\jbr\bin\rmi.dll

dbghelp: loaded successfully - version: 4.0.5 - missing functions: none
symbol engine: initialized successfully - sym options: 0x614 - pdb path: .;C:\Program Files\Android\Android Studio\jbr\bin;C:\WINDOWS\SYSTEM32;C:\WINDOWS\WinSxS\amd64_microsoft.windows.common-controls_6595b64144ccf1df_6.0.26100.8037_none_3e092faae333b53b;C:\Program Files\Android\Android Studio\jbr\bin\server;C:\Users\duygu\.gradle\native\660c5614fbf4a5f2a75b1949f50a0caf5cd603558e7d8a26e50b933a0cfb79d1\windows-amd64;C:\Users\duygu\.gradle\native\0.2.8\x86_64-windows-gnu

VM Arguments:
jvm_args: --add-opens=java.base/java.lang=ALL-UNNAMED --add-opens=java.base/java.lang.invoke=ALL-UNNAMED --add-opens=java.base/java.util=ALL-UNNAMED --add-opens=java.prefs/java.util.prefs=ALL-UNNAMED --add-exports=jdk.compiler/com.sun.tools.javac.api=ALL-UNNAMED --add-exports=jdk.compiler/com.sun.tools.javac.util=ALL-UNNAMED --add-opens=java.base/java.util=ALL-UNNAMED --add-opens=java.prefs/java.util.prefs=ALL-UNNAMED --add-opens=java.base/java.nio.charset=ALL-UNNAMED --add-opens=java.base/java.net=ALL-UNNAMED --add-opens=java.base/java.util.concurrent=ALL-UNNAMED --add-opens=java.base/java.util.concurrent.atomic=ALL-UNNAMED --add-opens=java.xml/javax.xml.namespace=ALL-UNNAMED --add-opens=java.base/java.time=ALL-UNNAMED -Xmx2048m -Dfile.encoding=UTF-8 -Duser.country=TR -Duser.language=tr -Duser.variant -javaagent:C:\Users\duygu\.gradle\wrapper\dists\gradle-9.3.1-bin\23ovyewtku6u96viwx3xl3oks\gradle-9.3.1\lib\agents\gradle-instrumentation-agent-9.3.1.jar 
java_command: org.gradle.launcher.daemon.bootstrap.GradleDaemon 9.3.1
java_class_path (initial): C:\Users\duygu\.gradle\wrapper\dists\gradle-9.3.1-bin\23ovyewtku6u96viwx3xl3oks\gradle-9.3.1\lib\gradle-daemon-main-9.3.1.jar
Launcher Type: SUN_STANDARD

[Global flags]
     intx CICompilerCount                          = 4                                         {product} {ergonomic}
     uint ConcGCThreads                            = 2                                         {product} {ergonomic}
     uint G1ConcRefinementThreads                  = 8                                         {product} {ergonomic}
   size_t G1HeapRegionSize                         = 1048576                                   {product} {ergonomic}
    uintx GCDrainStackTargetSize                   = 64                                        {product} {ergonomic}
   size_t InitialHeapSize                          = 264241152                                 {product} {ergonomic}
   size_t MarkStackSize                            = 4194304                                   {product} {ergonomic}
   size_t MaxHeapSize                              = 2147483648                                {product} {command line}
   size_t MaxNewSize                               = 1287651328                                {product} {ergonomic}
   size_t MinHeapDeltaBytes                        = 1048576                                   {product} {ergonomic}
   size_t MinHeapSize                              = 8388608                                   {product} {ergonomic}
    uintx NonNMethodCodeHeapSize                   = 5839372                                {pd product} {ergonomic}
    uintx NonProfiledCodeHeapSize                  = 122909434                              {pd product} {ergonomic}
    uintx ProfiledCodeHeapSize                     = 122909434                              {pd product} {ergonomic}
    uintx ReservedCodeCacheSize                    = 251658240                              {pd product} {ergonomic}
     bool SegmentedCodeCache                       = true                                      {product} {ergonomic}
   size_t SoftMaxHeapSize                          = 2147483648                             {manageable} {ergonomic}
     bool UseCompressedOops                        = true                           {product lp64_product} {ergonomic}
     bool UseG1GC                                  = true                                      {product} {ergonomic}
     bool UseLargePagesIndividualAllocation        = false                                  {pd product} {ergonomic}

Logging:
Log output configuration:
 #0: stdout all=warning uptime,level,tags foldmultilines=false
 #1: stderr all=off uptime,level,tags foldmultilines=false

Environment Variables:
PATH=C:\Program Files\Common Files\Oracle\Java\javapath;C:\Program Files (x86)\Common Files\Oracle\Java\javapath;C:\WINDOWS\system32;C:\WINDOWS;C:\WINDOWS\System32\Wbem;C:\WINDOWS\System32\WindowsPowerShell\v1.0\;C:\WINDOWS\System32\OpenSSH\;C:\Users\duygu\Downloads\gradle-9.4.1-bin\gradle-9.4.1\bin;C:\Users\duygu\Downloads\kotlin-compiler-2.3.20\kotlinc\bin;C:\Program Files\Git\cmd;C:\Users\duygu\AppData\Local\Microsoft\WindowsApps;C:\Users\duygu\AppData\Local\Programs\Microsoft VS Code\bin
USERNAME=duygu
OS=Windows_NT
PROCESSOR_IDENTIFIER=Intel64 Family 6 Model 126 Stepping 5, GenuineIntel
TMP=C:\Users\duygu\AppData\Local\Temp
TEMP=C:\Users\duygu\AppData\Local\Temp




Periodic native trim disabled

JNI global refs:
JNI global refs: 28, weak refs: 0

JNI global refs memory usage: 835, weak refs: 201

Process memory usage:
Resident Set Size: 590740K (3% of 16509288K total physical memory with 3989536K free physical memory)

OOME stack traces (most recent first):
Classloader memory used:
Loader org.gradle.internal.classloader.VisitableURLClassLoader                         : 50261K
Loader org.gradle.internal.classloader.VisitableURLClassLoader$InstrumentingVisitableURLClassLoader: 48072K
Loader bootstrap                                                                       : 30528K
Loader org.gradle.initialization.MixInLegacyTypesClassLoader                           : 15082K
Loader org.gradle.internal.classloader.VisitableURLClassLoader                         : 8834K
Loader jdk.internal.reflect.DelegatingClassLoader                                      : 977K
Loader jdk.internal.loader.ClassLoaders$AppClassLoader                                 : 232K
Loader jdk.internal.loader.ClassLoaders$PlatformClassLoader                            : 182K
Loader org.gradle.groovy.scripts.internal.DefaultScriptCompilationHandler$ScriptClassLoader: 89696B
Loader org.codehaus.groovy.runtime.callsite.CallSiteClassLoader                        : 3488B
Loader sun.reflect.misc.MethodUtil                                                     : 2952B

Classes loaded by more than one classloader:
Class Program                                                                         : loaded 9 times (x 68B)
Class Build_gradle                                                                    : loaded 7 times (x 122B)
Class org.gradle.kotlin.dsl.VersionCatalogAccessorsKt                                 : loaded 4 times (x 67B)
Class com.google.common.collect.RegularImmutableMap$KeySet                            : loaded 3 times (x 148B)
Class com.google.common.collect.ForwardingObject                                      : loaded 3 times (x 68B)
Class com.google.common.collect.ImmutableSet$SetBuilderImpl                           : loaded 3 times (x 72B)
Class com.google.common.collect.ImmutableList                                         : loaded 3 times (x 202B)
Class com.google.common.collect.ImmutableList$SubList                                 : loaded 3 times (x 205B)
Class com.google.common.collect.ImmutableSet$Builder                                  : loaded 3 times (x 81B)
Class com.google.common.base.CharMatcher$InRange                                      : loaded 3 times (x 107B)
Class com.google.common.collect.ImmutableMapEntrySet$RegularEntrySet                  : loaded 3 times (x 148B)
Class com.google.common.collect.RangeSet                                              : loaded 3 times (x 66B)
Class com.google.common.base.CharMatcher$NamedFastMatcher                             : loaded 3 times (x 108B)
Class com.google.common.base.CharMatcher$IsEither                                     : loaded 3 times (x 107B)
Class com.google.common.base.CharMatcher$1                                            : loaded 3 times (x 109B)
Class com.google.common.base.Joiner$2                                                 : loaded 3 times (x 75B)
Class com.google.common.collect.RangeGwtSerializationDependencies                     : loaded 3 times (x 67B)
Class com.google.common.collect.PeekingIterator                                       : loaded 3 times (x 66B)
Class com.google.common.base.CharMatcher                                              : loaded 3 times (x 107B)
Class com.google.common.base.Joiner$1                                                 : loaded 3 times (x 76B)
Class com.google.common.base.Preconditions                                            : loaded 3 times (x 67B)
Class com.google.common.base.CharMatcher$Is                                           : loaded 3 times (x 107B)
Class com.google.common.base.CharMatcher$Negated                                      : loaded 3 times (x 109B)
Class com.google.common.collect.RegularImmutableMap$BucketOverflowException           : loaded 3 times (x 78B)
Class org.gradle.kotlin.dsl.ImplementationConfigurationAccessorsKt                    : loaded 3 times (x 67B)
Class com.google.common.collect.ImmutableSet$RegularSetBuilderImpl                    : loaded 3 times (x 73B)
Class com.google.common.collect.ImmutableList$1                                       : loaded 3 times (x 93B)
Class com.google.common.collect.ImmutableRangeSet$ComplementRanges                    : loaded 3 times (x 203B)
Class org.gradle.internal.IoActions                                                   : loaded 3 times (x 67B)
Class org.gradle.api.GradleException                                                  : loaded 3 times (x 78B)
Class com.google.common.collect.ImmutableEntry                                        : loaded 3 times (x 78B)
Class [Lcom.google.common.collect.AbstractMapEntry;                                   : loaded 3 times (x 65B)
Class com.google.common.base.CharMatcher$NegatedFastMatcher                           : loaded 3 times (x 109B)
Class com.google.common.collect.AbstractRangeSet                                      : loaded 3 times (x 110B)
Class com.google.common.collect.RegularImmutableMap                                   : loaded 3 times (x 117B)
Class com.google.common.collect.ImmutableMap$MapViewOfValuesAsSingletonSets           : loaded 3 times (x 122B)
Class com.google.common.collect.ImmutableMap                                          : loaded 3 times (x 116B)
Class com.google.common.base.Predicate                                                : loaded 3 times (x 66B)
Class com.google.common.base.CharMatcher$FastMatcher                                  : loaded 3 times (x 107B)
Class com.google.common.collect.Iterators$MergingIterator                             : loaded 3 times (x 77B)
Class org.gradle.api.Action                                                           : loaded 3 times (x 66B)
Class com.google.common.base.CharMatcher$Or                                           : loaded 3 times (x 108B)
Class com.google.common.collect.RegularImmutableMap$Values                            : loaded 3 times (x 203B)
Class com.google.common.collect.ImmutableSet                                          : loaded 3 times (x 141B)
Class com.google.common.base.CharMatcher$BitSetMatcher                                : loaded 3 times (x 108B)
Class org.gradle.kotlin.dsl.AndroidTestImplementationConfigurationAccessorsKt         : loaded 3 times (x 67B)
Class com.google.common.collect.ImmutableRangeSet$Builder                             : loaded 3 times (x 73B)
Class Build_gradle$1                                                                  : loaded 3 times (x 70B)
Class com.google.common.collect.UnmodifiableListIterator                              : loaded 3 times (x 91B)
Class [Lcom.google.common.collect.ImmutableEntry;                                     : loaded 3 times (x 65B)
Class org.gradle.kotlin.dsl.TestImplementationConfigurationAccessorsKt                : loaded 3 times (x 67B)
Class com.google.common.collect.RegularImmutableList                                  : loaded 3 times (x 209B)
Class com.google.common.collect.ImmutableMapEntry$NonTerminalImmutableMapEntry        : loaded 3 times (x 81B)
Class com.google.common.base.Function                                                 : loaded 3 times (x 66B)
Class com.google.common.collect.ImmutableMultimap                                     : loaded 3 times (x 143B)
Class com.google.common.collect.ImmutableMapEntry                                     : loaded 3 times (x 81B)
Class com.google.common.collect.RegularImmutableSortedSet                             : loaded 3 times (x 296B)
Class com.google.common.base.CharMatcher$IsNot                                        : loaded 3 times (x 107B)
Class com.google.common.collect.RegularImmutableSet                                   : loaded 3 times (x 145B)
Class com.google.common.collect.ImmutableSortedSet                                    : loaded 3 times (x 296B)
Class com.google.common.collect.ImmutableAsList                                       : loaded 3 times (x 205B)
Class com.google.common.collect.Iterators$9                                           : loaded 3 times (x 77B)
Class com.google.common.collect.ImmutableSet$CachingAsList                            : loaded 3 times (x 144B)
Class com.google.common.collect.Lists                                                 : loaded 3 times (x 67B)
Class com.google.common.collect.ImmutableCollection                                   : loaded 3 times (x 121B)
Class com.google.common.base.CharMatcher$AnyOf                                        : loaded 3 times (x 108B)
Class com.google.common.base.CharMatcher$ForPredicate                                 : loaded 3 times (x 108B)
Class com.google.common.collect.Iterators$5                                           : loaded 3 times (x 78B)
Class com.google.common.collect.ImmutableBiMap                                        : loaded 3 times (x 139B)
Class [Lcom.google.common.collect.ImmutableMapEntry;                                  : loaded 3 times (x 65B)
Class com.google.common.collect.Iterators$4                                           : loaded 3 times (x 78B)
Class com.google.common.collect.SortedIterable                                        : loaded 3 times (x 66B)
Class com.google.common.collect.ImmutableMap$IteratorBasedImmutableMap                : loaded 3 times (x 122B)
Class com.google.common.collect.SingletonImmutableSet                                 : loaded 3 times (x 142B)
Class com.google.common.collect.Iterators$1                                           : loaded 3 times (x 77B)
Class com.google.common.collect.ImmutableList$ReverseImmutableList                    : loaded 3 times (x 205B)
Class com.google.common.collect.SingletonImmutableList                                : loaded 3 times (x 203B)
Class com.google.common.collect.ImmutableRangeSet                                     : loaded 3 times (x 111B)
Class org.gradle.internal.Cast                                                        : loaded 3 times (x 67B)
Class com.google.common.collect.Multimap                                              : loaded 3 times (x 66B)
Class com.google.common.collect.ImmutableMap$Builder                                  : loaded 3 times (x 78B)
Class com.google.common.collect.ImmutableMapEntrySet                                  : loaded 3 times (x 148B)
Class com.google.common.collect.AbstractIndexedListIterator                           : loaded 3 times (x 92B)
Class com.google.common.collect.ObjectArrays                                          : loaded 3 times (x 67B)
Class com.google.common.collect.AbstractIterator                                      : loaded 3 times (x 78B)
Class com.google.common.collect.BiMap                                                 : loaded 3 times (x 66B)
Class com.google.common.collect.ImmutableSet$SerializedForm                           : loaded 3 times (x 69B)
Class com.google.common.collect.ImmutableMap$1                                        : loaded 3 times (x 77B)
Class com.google.common.collect.IndexedImmutableSet                                   : loaded 3 times (x 148B)
Class com.google.common.base.CharMatcher$And                                          : loaded 3 times (x 108B)
Class com.google.common.collect.Lists$StringAsImmutableList                           : loaded 3 times (x 203B)
Class com.google.common.collect.Iterables                                             : loaded 3 times (x 67B)
Class com.google.common.collect.Iterators                                             : loaded 3 times (x 67B)
Class com.google.common.collect.Range                                                 : loaded 3 times (x 83B)
Class com.google.common.collect.RegularImmutableAsList                                : loaded 3 times (x 213B)
Class com.google.common.collect.ImmutableRangeSet$1                                   : loaded 3 times (x 206B)
Class com.google.common.collect.AbstractMultimap                                      : loaded 3 times (x 119B)
Class com.google.common.collect.ImmutableList$Builder                                 : loaded 3 times (x 73B)
Class com.google.common.collect.AbstractMapEntry                                      : loaded 3 times (x 77B)
Class com.google.common.collect.Iterators$SingletonIterator                           : loaded 3 times (x 77B)
Class com.google.common.collect.UnmodifiableIterator                                  : loaded 3 times (x 76B)
Class com.google.common.collect.Platform                                              : loaded 3 times (x 67B)
Class com.google.common.base.Joiner                                                   : loaded 3 times (x 75B)
Class com.google.common.collect.BaseImmutableMultimap                                 : loaded 3 times (x 119B)
Class com.google.common.collect.ImmutableCollection$Builder                           : loaded 3 times (x 72B)
Class com.google.common.collect.Iterators$ArrayItr                                    : loaded 3 times (x 93B)
Class com.google.common.collect.ImmutableRangeSet$AsSet                               : loaded 3 times (x 296B)
Class org.gradle.tooling.ToolingModelContract                                         : loaded 2 times (x 66B)
Class [Lorg.gradle.api.internal.ClassPathProvider;                                    : loaded 2 times (x 65B)
Class org.gradle.api.internal.ClassPathProvider                                       : loaded 2 times (x 66B)
Class com.google.common.reflect.Types$ClassOwnership$1                                : loaded 2 times (x 76B)
Class [Lorg.objectweb.asm.AnnotationVisitor;                                          : loaded 2 times (x 65B)
Class com.google.common.collect.Sets$3                                                : loaded 2 times (x 135B)
Class com.google.common.cache.LocalCache$LocalLoadingCache                            : loaded 2 times (x 130B)
Class com.amazon.ion.impl.lite.IonBoolLite                                            : loaded 2 times (x 174B)
Class org.gradle.internal.impldep.gnu.trove.TObjectHash$NULL                          : loaded 2 times (x 67B)
Class kotlin.collections.CollectionsKt___CollectionsKt$asSequence$$inlined$Sequence$1 : loaded 2 times (x 71B)
Class org.gradle.internal.service.UnknownServiceException                             : loaded 2 times (x 79B)
Class com.google.common.reflect.Types$ClassOwnership$2                                : loaded 2 times (x 76B)
Class com.google.common.reflect.TypeResolver                                          : loaded 2 times (x 68B)
Class com.google.common.collect.Sets$4                                                : loaded 2 times (x 135B)
Class org.objectweb.asm.ModuleVisitor                                                 : loaded 2 times (x 77B)
Class com.google.common.cache.LocalCache$Strength$1                                   : loaded 2 times (x 77B)
Class org.gradle.internal.impldep.gnu.trove.PrimeFinder                               : loaded 2 times (x 67B)
Class org.jetbrains.kotlin.idea.gradleTooling.model.kapt.KaptGradleModel              : loaded 2 times (x 66B)
Class org.jetbrains.kotlin.idea.gradleTooling.KotlinDslScriptAdditionalTask           : loaded 2 times (x 66B)
Class org.jetbrains.plugins.gradle.model.ClasspathEntryModel                          : loaded 2 times (x 66B)
Class com.google.common.reflect.Types$ClassOwnership$3                                : loaded 2 times (x 67B)
Class com.google.common.util.concurrent.SettableFuture                                : loaded 2 times (x 110B)
Class com.google.common.cache.LocalCache$Strength$2                                   : loaded 2 times (x 77B)
Class com.amazon.ion.IonTimestamp                                                     : loaded 2 times (x 66B)
Class com.amazon.ion.impl.bin.PooledBlockAllocatorProvider$PooledBlockAllocator       : loaded 2 times (x 77B)
Class org.jetbrains.plugins.gradle.tooling.serialization.GradleExtensionsSerializationService: loaded 2 times (x 73B)
Class org.gradle.api.JavaVersion                                                      : loaded 2 times (x 75B)
Class org.gradle.tooling.model.Dependency                                             : loaded 2 times (x 66B)
Class com.android.builder.model.v2.ide.AbstractArtifact                               : loaded 2 times (x 66B)
Class com.google.common.cache.LocalCache$Strength$3                                   : loaded 2 times (x 77B)
Class com.google.common.collect.MapDifference                                         : loaded 2 times (x 66B)
Class com.amazon.ion.IonDatagram                                                      : loaded 2 times (x 66B)
Class com.amazon.ion.impl._Private_RecyclingStack$ElementFactory                      : loaded 2 times (x 66B)
Class com.amazon.ion.impl.bin.IonManagedBinaryWriter$ImportedSymbolResolverMode$1$1   : loaded 2 times (x 74B)
Class com.amazon.ion.impl._Private_ByteTransferSink                                   : loaded 2 times (x 66B)
Class com.intellij.openapi.externalSystem.model.project.dependencies.ResolutionState  : loaded 2 times (x 75B)
Class kotlin.text.StringsKt__RegexExtensionsJVMKt                                     : loaded 2 times (x 67B)
Class com.google.common.collect.AllEqualOrdering                                      : loaded 2 times (x 110B)
Class kotlin.collections.ArraysKt___ArraysJvmKt                                       : loaded 2 times (x 67B)
Class kotlin.collections.CollectionsKt__CollectionsKt                                 : loaded 2 times (x 67B)
Class com.google.common.reflect.Invokable                                             : loaded 2 times (x 99B)
Class org.objectweb.asm.FieldWriter                                                   : loaded 2 times (x 74B)
Class com.google.common.cache.CacheBuilder$NullListener                               : loaded 2 times (x 78B)
Class org.jetbrains.plugins.gradle.model.ExternalLibraryDependency                    : loaded 2 times (x 66B)
Class kotlin.text.Regex$Companion                                                     : loaded 2 times (x 67B)
Class org.gradle.internal.classpath.TransformedClassPath                              : loaded 2 times (x 92B)
Class org.gradle.internal.classloader.InstrumentingClassLoader                        : loaded 2 times (x 66B)
Class com.google.common.reflect.Types$ParameterizedTypeImpl                           : loaded 2 times (x 77B)
Class com.google.common.collect.ImmutableListMultimap                                 : loaded 2 times (x 172B)
Class kotlin.sequences.Sequence                                                       : loaded 2 times (x 66B)
Class com.google.common.cache.CacheLoader$FunctionToCacheLoader                       : loaded 2 times (x 71B)
Class kotlin.sequences.SequenceScope                                                  : loaded 2 times (x 69B)
Class kotlin.text.MatchResult                                                         : loaded 2 times (x 66B)
Class com.amazon.ion.IonValue                                                         : loaded 2 times (x 66B)
Class kotlin.jvm.internal.FunctionReference                                           : loaded 2 times (x 118B)
Class [Lkotlin.coroutines.intrinsics.CoroutineSingletons;                             : loaded 2 times (x 65B)
Class kotlin.jvm.internal.FunctionBase                                                : loaded 2 times (x 66B)
Class kotlin.enums.EnumEntriesList                                                    : loaded 2 times (x 219B)
Class com.google.common.reflect.TypeResolver$TypeVariableKey                          : loaded 2 times (x 68B)
Class com.google.common.collect.EmptyImmutableListMultimap                            : loaded 2 times (x 172B)
Class com.google.common.collect.NaturalOrdering                                       : loaded 2 times (x 111B)
Class kotlin.text.StringsKt__StringNumberConversionsJVMKt                             : loaded 2 times (x 67B)
Class com.google.common.base.MoreObjects                                              : loaded 2 times (x 67B)
Class com.amazon.ion.impl.bin.IonRawBinaryWriter$ContainerType                        : loaded 2 times (x 75B)
Class com.amazon.ion.impl._Private_IonTextWriterBuilder$Mutable                       : loaded 2 times (x 98B)
Class kotlin.comparisons.ComparisonsKt___ComparisonsJvmKt                             : loaded 2 times (x 67B)
Class kotlin.collections.CollectionsKt__IteratorsJVMKt                                : loaded 2 times (x 67B)
Class com.android.builder.model.v2.ide.TestInfo$Execution                             : loaded 2 times (x 75B)
Class com.amazon.ion.SymbolToken                                                      : loaded 2 times (x 66B)
Class [Lorg.objectweb.asm.Type;                                                       : loaded 2 times (x 65B)
Class com.amazon.ion.impl.bin.IonRawBinaryWriter                                      : loaded 2 times (x 165B)
Class org.jetbrains.kotlin.idea.gradleTooling.KotlinSourceSetContainer                : loaded 2 times (x 66B)
Class org.jetbrains.plugins.gradle.model.IntelliJSettings                             : loaded 2 times (x 66B)
Class kotlin.Result                                                                   : loaded 2 times (x 68B)
Class org.gradle.internal.service.ServiceLocator                                      : loaded 2 times (x 66B)
Class com.google.common.base.Ascii                                                    : loaded 2 times (x 67B)
Class com.google.common.collect.SingletonImmutableBiMap                               : loaded 2 times (x 139B)
Class com.google.common.cache.LocalCache$1                                            : loaded 2 times (x 85B)
Class com.amazon.ion.impl.SharedSymbolTable                                           : loaded 2 times (x 89B)
Class com.amazon.ion.impl._Private_RecyclingStack$$Iterator                           : loaded 2 times (x 95B)
Class com.amazon.ion.impl.IonWriterSystem                                             : loaded 2 times (x 167B)
Class com.amazon.ion.impl.bin.Symbols$2                                               : loaded 2 times (x 103B)
Class com.amazon.ion.impl.bin._Private_IonManagedWriter                               : loaded 2 times (x 66B)
Class com.intellij.gradle.toolingExtension.util.GradleVersionUtil                     : loaded 2 times (x 67B)
Class com.android.ide.gradle.model.GradlePropertiesModel                              : loaded 2 times (x 66B)
Class kotlin.sequences.TransformingSequence$iterator$1                                : loaded 2 times (x 75B)
Class kotlin.Pair                                                                     : loaded 2 times (x 68B)
Class org.gradle.tooling.internal.adapter.ProtocolToModelAdapter$SupportedPropertyInvoker: loaded 2 times (x 72B)
Class org.gradle.tooling.model.UnsupportedMethodException                             : loaded 2 times (x 78B)
Class com.google.common.reflect.TypeToken$SimpleTypeToken                             : loaded 2 times (x 69B)
Class com.android.builder.model.v2.ide.BytecodeTransformation                         : loaded 2 times (x 75B)
Class com.google.common.collect.Sets$ImprovedAbstractSet                              : loaded 2 times (x 131B)
Class com.google.common.collect.Sets$2                                                : loaded 2 times (x 135B)
Class com.android.builder.model.v2.models.BasicAndroidProject                         : loaded 2 times (x 66B)
Class com.google.common.cache.LocalCache$2                                            : loaded 2 times (x 138B)
Class com.amazon.ion.impl.lite.IonContainerLite                                       : loaded 2 times (x 244B)
Class com.amazon.ion.IonBufferConfiguration$OversizedSymbolTableHandler               : loaded 2 times (x 66B)
Class com.amazon.ion.system.IonWriterBuilder                                          : loaded 2 times (x 70B)
Class org.jetbrains.plugins.gradle.tooling.serialization.ToolingStreamApiUtils        : loaded 2 times (x 67B)
Class com.amazon.ion.facet.Faceted                                                    : loaded 2 times (x 66B)
Class kotlin.collections.CollectionsKt__MutableCollectionsKt                          : loaded 2 times (x 67B)
Class com.android.builder.model.v2.ide.CodeShrinker                                   : loaded 2 times (x 75B)
Class org.gradle.api.internal.DefaultClassPathProvider                                : loaded 2 times (x 72B)
Class com.google.common.collect.ComparatorOrdering                                    : loaded 2 times (x 111B)
Class com.amazon.ion.impl.bin.utf8.Poolable                                           : loaded 2 times (x 75B)
Class com.amazon.ion.IonSymbol                                                        : loaded 2 times (x 66B)
Class org.jetbrains.plugins.gradle.tooling.serialization.AnnotationProcessingModelSerializationService$WriteContext: loaded 2 times (x 68B)
Class org.gradle.internal.impldep.gnu.trove.THash                                     : loaded 2 times (x 77B)
Class kotlin.io.TerminateException                                                    : loaded 2 times (x 78B)
Class kotlin.io.FilesKt__FilePathComponentsKt                                         : loaded 2 times (x 67B)
Class kotlin.reflect.KCallable                                                        : loaded 2 times (x 66B)
Class org.gradle.internal.impldep.gnu.trove.TObjectIntHashMap                         : loaded 2 times (x 105B)
Class com.google.common.util.concurrent.AbstractFuture$Trusted                        : loaded 2 times (x 66B)
Class com.intellij.gradle.toolingExtension.impl.model.buildScriptClasspathModel.GradleBuildScriptClasspathSerializationService$ReadContext: loaded 2 times (x 68B)
Class org.jetbrains.kotlin.idea.gradleTooling.KotlinGradlePluginVersion               : loaded 2 times (x 66B)
Class com.amazon.ion.impl.lite.IonStructLite                                          : loaded 2 times (x 294B)
Class com.amazon.ion.impl._Private_ReaderWriter                                       : loaded 2 times (x 66B)
Class com.amazon.ion.impl.bin.AbstractSymbolTable                                     : loaded 2 times (x 103B)
Class com.amazon.ion.Decimal                                                          : loaded 2 times (x 129B)
Class com.amazon.ion.impl.bin._Private_IonManagedBinaryWriterBuilder$AllocatorMode$1  : loaded 2 times (x 76B)
Class org.jetbrains.plugins.gradle.tooling.serialization.ProjectDependenciesSerializationService$WriteContext: loaded 2 times (x 68B)
Class org.jetbrains.plugins.gradle.tooling.serialization.ProjectDependenciesSerializationService: loaded 2 times (x 73B)
Class com.intellij.compose.ide.plugin.gradleTooling.rt.ComposeResourcesModel          : loaded 2 times (x 66B)
Class kotlin.text.CharsKt                                                             : loaded 2 times (x 67B)
Class org.gradle.tooling.model.kotlin.dsl.KotlinDslScriptModel                        : loaded 2 times (x 66B)
Class org.gradle.tooling.internal.adapter.CollectionMapper                            : loaded 2 times (x 69B)
Class com.amazon.ion.impl._Private_IonContainer                                       : loaded 2 times (x 66B)
Class org.jetbrains.kotlin.tooling.core.KotlinToolingVersion                          : loaded 2 times (x 71B)
Class [Lcom.android.builder.model.v2.ide.LibraryType;                                 : loaded 2 times (x 65B)
Class com.android.builder.model.v2.ide.LibraryType                                    : loaded 2 times (x 75B)
Class com.amazon.ion.impl._Private_RecyclingQueue$ElementFactory                      : loaded 2 times (x 66B)
Class com.google.common.util.concurrent.UncheckedExecutionException                   : loaded 2 times (x 78B)
Class com.amazon.ion.impl.lite.IonFloatLite                                           : loaded 2 times (x 182B)
Class com.amazon.ion.impl._Private_IonTextWriterBuilder                               : loaded 2 times (x 98B)
Class com.amazon.ion.impl.bin._Private_IonManagedBinaryWriterBuilder$AllocatorMode$2  : loaded 2 times (x 76B)
Class org.gradle.internal.impldep.gnu.trove.Equality                                  : loaded 2 times (x 66B)
Class com.google.common.collect.ExplicitOrdering                                      : loaded 2 times (x 111B)
Class org.jetbrains.plugins.gradle.ExternalDependencyId                               : loaded 2 times (x 66B)
Class com.amazon.ion.impl._Private_RecyclingStack                                     : loaded 2 times (x 75B)
Class com.amazon.ion.impl._Private_IonReaderBuilder                                   : loaded 2 times (x 91B)
Class com.amazon.ion.IonMutableCatalog                                                : loaded 2 times (x 66B)
Class com.intellij.gradle.toolingExtension.impl.model.buildScriptClasspathModel.GradleBuildScriptClasspathSerializationService$WriteContext: loaded 2 times (x 68B)
Class org.gradle.tooling.internal.adapter.ProtocolToModelAdapter                      : loaded 2 times (x 76B)
Class com.android.builder.model.v2.ide.AndroidGradlePluginProjectFlags$BooleanFlag    : loaded 2 times (x 75B)
Class com.google.common.collect.AbstractMapBasedMultimap$KeySet$1                     : loaded 2 times (x 78B)
Class com.android.ide.common.gradle.Separator                                         : loaded 2 times (x 75B)
Class org.objectweb.asm.ClassWriter                                                   : loaded 2 times (x 102B)
Class org.objectweb.asm.AnnotationVisitor                                             : loaded 2 times (x 74B)
Class com.google.common.cache.CacheLoader$UnsupportedLoadingOperationException        : loaded 2 times (x 78B)
Class org.gradle.internal.impldep.gnu.trove.TObjectCanonicalHashingStrategy           : loaded 2 times (x 76B)
Class kotlin.collections.MapsKt__MapsJVMKt                                            : loaded 2 times (x 67B)
Class kotlin.collections.EmptyList                                                    : loaded 2 times (x 170B)
Class org.gradle.internal.time.DefaultTimer                                           : loaded 2 times (x 76B)
Class org.gradle.internal.classloader.ClasspathUtil$1                                 : loaded 2 times (x 72B)
Class com.google.common.base.Objects                                                  : loaded 2 times (x 67B)
Class org.objectweb.asm.FieldVisitor                                                  : loaded 2 times (x 73B)
Class com.google.common.collect.Sets$1                                                : loaded 2 times (x 135B)
Class com.android.ide.common.gradle.Numeric                                           : loaded 2 times (x 73B)
Class org.gradle.tooling.internal.gradle.DefaultProjectIdentifier                     : loaded 2 times (x 82B)
Class com.amazon.ion.impl.bin.PooledBlockAllocatorProvider$PooledBlockAllocator$1     : loaded 2 times (x 75B)
Class com.amazon.ion.impl.lite.IonStringLite                                          : loaded 2 times (x 208B)
Class org.gradle.tooling.internal.adapter.ProtocolToModelAdapter$ViewKey              : loaded 2 times (x 68B)
Class org.gradle.api.internal.classpath.DefaultModuleRegistry$DefaultModule           : loaded 2 times (x 82B)
Class com.google.common.reflect.Reflection                                            : loaded 2 times (x 67B)
Class com.android.builder.model.v2.CustomSourceDirectory                              : loaded 2 times (x 66B)
Class com.google.common.primitives.Ints                                               : loaded 2 times (x 67B)
Class com.android.ide.common.repository.AgpVersion                                    : loaded 2 times (x 71B)
Class kotlin.text.StringsKt__AppendableKt                                             : loaded 2 times (x 67B)
Class com.amazon.ion.impl.bin.Block                                                   : loaded 2 times (x 75B)
Class com.google.common.collect.NullsFirstOrdering                                    : loaded 2 times (x 111B)
Class kotlin.ResultKt                                                                 : loaded 2 times (x 67B)
Class org.gradle.tooling.internal.adapter.ProtocolToModelAdapter$PropertyCachingMethodInvoker: loaded 2 times (x 72B)
Class com.android.builder.model.v2.models.ProjectSyncIssues                           : loaded 2 times (x 66B)
Class com.amazon.ion.IonWriter                                                        : loaded 2 times (x 66B)
Class com.google.common.collect.Multiset                                              : loaded 2 times (x 66B)
Class com.google.common.collect.ArrayListMultimapGwtSerializationDependencies         : loaded 2 times (x 168B)
Class com.amazon.ion.impl.bin._Private_IonRawWriter                                   : loaded 2 times (x 66B)
Class com.google.common.math.MathPreconditions                                        : loaded 2 times (x 67B)
Class org.jetbrains.plugins.gradle.model.ExternalTask                                 : loaded 2 times (x 66B)
Class com.amazon.ion.impl.bin.utf8.Utf8StringEncoderPool$1                            : loaded 2 times (x 72B)
Class com.amazon.ion.impl.lite.IonLoaderLite                                          : loaded 2 times (x 78B)
Class com.amazon.ion.impl.lite.IonContext                                             : loaded 2 times (x 66B)
Class com.amazon.ion.impl.IonWriterSystemText                                         : loaded 2 times (x 186B)
Class [Lcom.amazon.ion.impl.bin.IonManagedBinaryWriter$ImportedSymbolResolverMode;    : loaded 2 times (x 65B)
Class com.amazon.ion.ValueFactory                                                     : loaded 2 times (x 66B)
Class kotlin.collections.ArraysKt__ArraysKt                                           : loaded 2 times (x 67B)
Class kotlin.Result$Failure                                                           : loaded 2 times (x 68B)
Class org.gradle.internal.time.DefaultCountdownTimer                                  : loaded 2 times (x 84B)
Class com.amazon.ion.impl.bin.IonRawBinaryWriter$PreallocationMode                    : loaded 2 times (x 78B)
Class com.amazon.ion.impl._Private_IonReaderBuilder$TwoElementSequenceInputStream     : loaded 2 times (x 88B)
Class com.amazon.ion.impl.bin.IonManagedBinaryWriter$SymbolResolver                   : loaded 2 times (x 66B)
Class com.amazon.ion.impl._Private_SymbolToken                                        : loaded 2 times (x 66B)
Class com.amazon.ion.impl.bin._Private_IonManagedBinaryWriterBuilder$AllocatorMode    : loaded 2 times (x 76B)
Class org.jetbrains.plugins.gradle.tooling.util.ObjectCollector                       : loaded 2 times (x 68B)
Class org.jetbrains.plugins.gradle.model.GradleTaskModel                              : loaded 2 times (x 66B)
Class kotlin.collections.SetsKt__SetsJVMKt                                            : loaded 2 times (x 67B)
Class org.gradle.tooling.internal.adapter.ProtocolToModelAdapter$AdaptingMethodInvoker: loaded 2 times (x 72B)
Class org.gradle.tooling.internal.gradle.DefaultBuildIdentifier                       : loaded 2 times (x 75B)
Class kotlin.Function                                                                 : loaded 2 times (x 66B)
Class org.gradle.api.internal.classpath.Module                                        : loaded 2 times (x 66B)
Class com.google.common.cache.Weigher                                                 : loaded 2 times (x 66B)
Class com.amazon.ion.impl._Private_IonReaderBuilder$Mutable                           : loaded 2 times (x 91B)
Class com.intellij.openapi.externalSystem.model.project.IExternalSystemSourceType     : loaded 2 times (x 66B)
Class kotlin.io.FileAlreadyExistsException                                            : loaded 2 times (x 78B)
Class kotlin.internal.ProgressionUtilKt                                               : loaded 2 times (x 67B)
Class org.gradle.api.internal.classpath.UnknownModuleException                        : loaded 2 times (x 78B)
Class com.google.common.base.Stopwatch                                                : loaded 2 times (x 68B)
Class com.google.common.cache.LocalCache$Strength                                     : loaded 2 times (x 77B)
Class com.google.common.cache.Cache                                                   : loaded 2 times (x 66B)
Class org.jetbrains.plugins.gradle.tooling.serialization.ProjectDependenciesSerializationService$ReadContext: loaded 2 times (x 68B)
Class org.gradle.internal.impldep.gnu.trove.TObjectIdentityHashingStrategy            : loaded 2 times (x 74B)
Class com.intellij.openapi.externalSystem.model.project.dependencies.ProjectDependencies: loaded 2 times (x 66B)
Class com.google.common.util.concurrent.AbstractFuture$Cancellation                   : loaded 2 times (x 68B)
Class com.amazon.ion.impl.lite.IonSystemLite                                          : loaded 2 times (x 271B)
Class com.google.common.cache.RemovalListener                                         : loaded 2 times (x 66B)
Class com.amazon.ion.IonBufferConfiguration                                           : loaded 2 times (x 69B)
Class com.amazon.ion.impl.bin.Symbols                                                 : loaded 2 times (x 67B)
Class org.jetbrains.plugins.gradle.tooling.serialization.RepositoriesModelSerializationService: loaded 2 times (x 78B)
Class com.android.ide.gradle.model.artifacts.AdditionalClassifierArtifactsModel       : loaded 2 times (x 66B)
Class org.gradle.tooling.internal.gradle.GradleProjectIdentity                        : loaded 2 times (x 66B)
Class org.gradle.api.internal.DefaultClassPathRegistry                                : loaded 2 times (x 72B)
Class com.google.common.reflect.Invokable$ConstructorInvokable                        : loaded 2 times (x 103B)
Class com.google.common.collect.ImmutableMultimap$Keys                                : loaded 2 times (x 162B)
Class com.android.builder.model.v2.ide.JavaArtifact                                   : loaded 2 times (x 66B)
Class com.google.common.primitives.IntsMethodsForWeb                                  : loaded 2 times (x 67B)
Class com.google.common.collect.ImmutableEnumMap                                      : loaded 2 times (x 122B)
Class [Lcom.amazon.ion.impl.bin.AbstractIonWriter$WriteValueOptimization;             : loaded 2 times (x 65B)
Class org.jetbrains.plugins.gradle.tooling.serialization.RepositoriesModelSerializationService$ReadContext: loaded 2 times (x 68B)
Class kotlin.ranges.ClosedRange                                                       : loaded 2 times (x 66B)
Class org.gradle.api.internal.ClassPathRegistry                                       : loaded 2 times (x 66B)
Class org.gradle.internal.classpath.DefaultClassPath$ImmutableUniqueList              : loaded 2 times (x 195B)
Class com.google.common.reflect.TypeToken                                             : loaded 2 times (x 69B)
Class com.google.common.base.ExtraObjectsMethodsForWeb                                : loaded 2 times (x 67B)
Class org.jetbrains.plugins.gradle.tooling.serialization.internal.adapter.InternalBuildIdentifier: loaded 2 times (x 71B)
Class com.amazon.ion.impl.bin.IonManagedBinaryWriter$UserState                        : loaded 2 times (x 81B)
Class com.amazon.ion.impl._Private_IonWriter                                          : loaded 2 times (x 66B)
Class com.amazon.ion.impl.bin._Private_IonManagedBinaryWriterBuilder                  : loaded 2 times (x 68B)
Class com.intellij.gradle.toolingExtension.impl.model.projectModel.GradleExternalProjectSerializationService$WriteContext: loaded 2 times (x 69B)
Class kotlin.text.StringsKt__StringsJVMKt                                             : loaded 2 times (x 67B)
Class kotlin.collections.IntIterator                                                  : loaded 2 times (x 78B)
Class com.google.common.collect.NullnessCasts                                         : loaded 2 times (x 67B)
Class com.google.common.collect.ListMultimap                                          : loaded 2 times (x 66B)
Class com.android.builder.model.v2.dsl.SigningConfig                                  : loaded 2 times (x 66B)
Class com.android.builder.model.v2.models.AndroidProject                              : loaded 2 times (x 66B)
Class com.android.builder.model.v2.AndroidModel                                       : loaded 2 times (x 66B)
Class com.google.common.cache.CacheBuilder                                            : loaded 2 times (x 68B)
Class com.android.builder.model.v2.models.AndroidDsl                                  : loaded 2 times (x 66B)
Class Settings_gradle$1                                                               : loaded 2 times (x 70B)
Class [Lcom.amazon.ion.SymbolToken;                                                   : loaded 2 times (x 65B)
Class kotlin.text.StringsKt__IndentKt                                                 : loaded 2 times (x 67B)
Class kotlin.collections.SetsKt                                                       : loaded 2 times (x 67B)
Class org.gradle.internal.classpath.ClassPath                                         : loaded 2 times (x 66B)
Class [Lcom.google.common.reflect.Types$JavaVersion;                                  : loaded 2 times (x 65B)
Class com.google.common.base.JdkPattern                                               : loaded 2 times (x 71B)
Class org.gradle.api.internal.classpath.EffectiveClassPath                            : loaded 2 times (x 86B)
Class org.jetbrains.plugins.gradle.model.ExternalProjectDependency                    : loaded 2 times (x 66B)
Class org.jetbrains.plugins.gradle.tooling.serialization.KotlinDslScriptsModelSerializationService: loaded 2 times (x 77B)
Class kotlin.reflect.KFunction                                                        : loaded 2 times (x 66B)
Class kotlin.collections.ArrayDeque                                                   : loaded 2 times (x 203B)
Class org.objectweb.asm.SymbolTable$Entry                                             : loaded 2 times (x 70B)
Class com.amazon.ion.system.IonSystemBuilder$Mutable                                  : loaded 2 times (x 71B)
Class com.amazon.ion.impl.bin.IonManagedBinaryWriter$SymbolResolverBuilder            : loaded 2 times (x 66B)
Class org.jetbrains.plugins.gradle.tooling.serialization.ExternalTestsSerializationService$WriteContext: loaded 2 times (x 68B)
Class org.jetbrains.kotlin.idea.gradleTooling.KotlinGradleModel                       : loaded 2 times (x 66B)
Class kotlin.collections.MapsKt__MapsKt                                               : loaded 2 times (x 67B)
Class com.android.builder.model.v2.ide.Variant                                        : loaded 2 times (x 66B)
Class org.objectweb.asm.Edge                                                          : loaded 2 times (x 68B)
Class com.google.common.base.Suppliers$SupplierOfInstance                             : loaded 2 times (x 75B)
Class kotlin.sequences.SequencesKt___SequencesKt$flatMap$2                            : loaded 2 times (x 121B)
Class com.amazon.ion.impl._Private_RecyclingStack$Recycler                            : loaded 2 times (x 66B)
Class com.amazon.ion.impl.bin.IonManagedBinaryWriter$LocalSymbolTableView             : loaded 2 times (x 103B)
Class com.amazon.ion.impl.bin.IonRawBinaryWriter$ThrowingRunnable                     : loaded 2 times (x 66B)
Class org.gradle.tooling.model.Model                                                  : loaded 2 times (x 66B)
Class com.google.common.reflect.TypeToken$1                                           : loaded 2 times (x 106B)
Class com.google.common.cache.LocalCache$ComputingValueReference                      : loaded 2 times (x 92B)
Class com.google.common.collect.Ordering                                              : loaded 2 times (x 110B)
Class org.jetbrains.plugins.gradle.tooling.serialization.internal.IdeaProjectSerializationService: loaded 2 times (x 73B)
Class com.amazon.ion.UnknownSymbolException                                           : loaded 2 times (x 82B)
Class com.android.ide.gradle.model.composites.BuildMap                                : loaded 2 times (x 66B)
Class kotlin.text.MatchResult$Destructured                                            : loaded 2 times (x 68B)
Class kotlin.Metadata                                                                 : loaded 2 times (x 66B)
Class kotlin.UninitializedPropertyAccessException                                     : loaded 2 times (x 78B)
Class com.google.common.reflect.TypeToken$2                                           : loaded 2 times (x 106B)
Class com.android.builder.model.v2.ide.Library                                        : loaded 2 times (x 66B)
Class com.android.builder.model.v2.ide.ArtifactDependenciesAdjacencyList              : loaded 2 times (x 66B)
Class com.android.builder.model.v2.models.Versions                                    : loaded 2 times (x 66B)
Class com.google.common.cache.LocalCache$Segment                                      : loaded 2 times (x 150B)
Class org.jetbrains.plugins.gradle.model.IntelliJProjectSettings                      : loaded 2 times (x 66B)
Class org.gradle.tooling.internal.adapter.ProtocolToModelAdapter$MethodInvocationCache: loaded 2 times (x 69B)
Class org.jetbrains.kotlin.idea.projectModel.KotlinTaskProperties                     : loaded 2 times (x 66B)
Class com.android.builder.model.v2.models.ndk.NativeModule                            : loaded 2 times (x 66B)
Class com.google.common.collect.AbstractListMultimap                                  : loaded 2 times (x 168B)
Class [Lorg.objectweb.asm.SymbolTable$Entry;                                          : loaded 2 times (x 65B)
Class com.google.common.cache.CacheLoader                                             : loaded 2 times (x 70B)
Class [Lcom.android.ide.common.repository.AgpVersion$PreviewKind;                     : loaded 2 times (x 65B)
Class org.gradle.internal.classloader.ClassLoaderVisitor                              : loaded 2 times (x 72B)
Class org.jetbrains.plugins.gradle.model.ExternalDependency                           : loaded 2 times (x 66B)
Class com.intellij.util.containers.IntObjectHashMap                                   : loaded 2 times (x 68B)
Class org.gradle.api.internal.classpath.ModuleRegistry                                : loaded 2 times (x 66B)
Class org.gradle.internal.installation.GradleInstallation$1                           : loaded 2 times (x 71B)
Class com.android.builder.model.v2.ide.PrivacySandboxSdkInfo                          : loaded 2 times (x 66B)
Class com.google.common.util.concurrent.internal.InternalFutureFailureAccess          : loaded 2 times (x 68B)
Class com.android.ide.common.repository.AgpVersion$PreviewKind$Companion              : loaded 2 times (x 67B)
Class kotlin.collections.AbstractList$Companion                                       : loaded 2 times (x 67B)
Class com.google.common.collect.ImmutableSet$JdkBackedSetBuilderImpl                  : loaded 2 times (x 72B)
Class com.amazon.ion.impl.bin.IonManagedBinaryWriter$SymbolState$1                    : loaded 2 times (x 76B)
Class com.amazon.ion.impl.LocalSymbolTableAsStruct$Factory                            : loaded 2 times (x 75B)
Class [Lcom.amazon.ion.IonType;                                                       : loaded 2 times (x 65B)
Class com.intellij.gradle.toolingExtension.impl.model.sourceSetDependencyModel.GradleSourceSetDependencySerialisationService$SourceSetDependencyModelReadContext: loaded 2 times (x 68B)
Class com.intellij.gradle.toolingExtension.impl.model.dependencyModel.DependencyReadContext: loaded 2 times (x 68B)
Class org.jetbrains.plugins.gradle.model.VersionCatalogsModel                         : loaded 2 times (x 66B)
Class org.gradle.tooling.internal.adapter.ObjectGraphAdapter                          : loaded 2 times (x 66B)
Class com.google.common.collect.ImmutableMultimap$Values                              : loaded 2 times (x 122B)
Class com.android.builder.model.v2.ide.Installation                                   : loaded 2 times (x 66B)
Class kotlin.sequences.SequencesKt___SequencesKt                                      : loaded 2 times (x 67B)
Class com.google.common.cache.LocalCache$LocalManualCache$1                           : loaded 2 times (x 71B)
Class org.jetbrains.plugins.gradle.model.ProjectImportModelProvider                   : loaded 2 times (x 66B)
Class org.jetbrains.plugins.gradle.model.ExternalSourceSet                            : loaded 2 times (x 66B)
Class com.amazon.ion.impl.bin.IonManagedBinaryWriter$SymbolState$2                    : loaded 2 times (x 76B)
Class com.amazon.ion.IonNull                                                          : loaded 2 times (x 66B)
Class com.intellij.gradle.toolingExtension.impl.model.warmUp.GradleTaskWarmUpRequest  : loaded 2 times (x 66B)
Class com.google.common.collect.ImmutableSortedAsList                                 : loaded 2 times (x 217B)
Class kotlin.text.RegexKt                                                             : loaded 2 times (x 67B)
Class kotlin.coroutines.intrinsics.IntrinsicsKt__IntrinsicsKt                         : loaded 2 times (x 67B)
Class com.android.builder.model.v2.models.ModelBuilderParameter                       : loaded 2 times (x 66B)
Class kotlin.text.MatcherMatchResult$groupValues$1                                    : loaded 2 times (x 194B)
Class com.google.common.collect.ReverseNaturalOrdering                                : loaded 2 times (x 110B)
Class com.amazon.ion.impl.bin.IonRawBinaryWriter$ContainerInfo                        : loaded 2 times (x 70B)
Class com.amazon.ion.impl.bin.IonManagedBinaryWriter$SymbolState$3                    : loaded 2 times (x 76B)
Class com.amazon.ion.impl.bin.IonRawBinaryWriter$StreamFlushMode                      : loaded 2 times (x 75B)
Class com.amazon.ion.IonBinaryWriter                                                  : loaded 2 times (x 66B)
Class com.intellij.gradle.toolingExtension.impl.model.sourceSetArtifactIndex.GradleSourceSetArtifactBuildRequest: loaded 2 times (x 66B)
Class kotlin.io.FilesKt__UtilsKt                                                      : loaded 2 times (x 67B)
Class com.google.common.collect.Lists$TransformingRandomAccessList                    : loaded 2 times (x 195B)
Class kotlin.collections.CollectionsKt__CollectionsJVMKt                              : loaded 2 times (x 67B)
Class org.gradle.api.internal.classpath.DefaultModuleRegistry                         : loaded 2 times (x 82B)
Class com.amazon.ion.impl.bin.IonManagedBinaryWriter$ImportedSymbolResolverMode$2     : loaded 2 times (x 76B)
Class com.google.common.util.concurrent.ListenableFuture                              : loaded 2 times (x 66B)
Class com.google.common.cache.ReferenceEntry                                          : loaded 2 times (x 66B)
Class com.google.common.base.Converter                                                : loaded 2 times (x 86B)
Class org.gradle.internal.classloader.DefaultClassLoaderFactory                       : loaded 2 times (x 78B)
Class com.amazon.ion.impl.bin.IonManagedBinaryWriter$SymbolState$4                    : loaded 2 times (x 76B)
Class org.jetbrains.plugins.gradle.tooling.serialization.internal.IdeaProjectSerializationService$WriteContext$1: loaded 2 times (x 79B)
Class org.jetbrains.plugins.gradle.model.ExternalProject                              : loaded 2 times (x 66B)
Class kotlin.sequences.SequencesKt                                                    : loaded 2 times (x 67B)
Class kotlin.collections.CollectionsKt__IteratorsKt                                   : loaded 2 times (x 67B)
Class org.gradle.kotlin.dsl.Accessors7t09xqv4rp34sow31xff10e9cKt                      : loaded 2 times (x 67B)
Class [Lcom.android.builder.model.v2.ide.CodeShrinker;                                : loaded 2 times (x 65B)
Class com.google.common.collect.AbstractMapBasedMultimap                              : loaded 2 times (x 135B)
Class com.google.common.util.concurrent.AbstractFuture                                : loaded 2 times (x 102B)
Class com.google.common.base.FunctionalEquivalence                                    : loaded 2 times (x 79B)
Class com.intellij.util.containers.IntObjectHashMap$ArrayProducer                     : loaded 2 times (x 66B)
Class com.amazon.ion.impl.bin.IonManagedBinaryWriter$ImportedSymbolResolverMode$1     : loaded 2 times (x 76B)
Class com.amazon.ion.impl.bin.utf8.Pool                                               : loaded 2 times (x 70B)
Class com.amazon.ion.impl._Private_SymtabExtendsCache                                 : loaded 2 times (x 68B)
Class org.jetbrains.plugins.gradle.tooling.serialization.internal.IdeaProjectSerializationService$WriteContext$2: loaded 2 times (x 79B)
Class kotlin.text.StringsKt                                                           : loaded 2 times (x 67B)
Class com.google.common.reflect.TypeResolver$TypeTable                                : loaded 2 times (x 69B)
Class com.google.common.collect.ImmutableMultiset                                     : loaded 2 times (x 159B)
Class org.objectweb.asm.RecordComponentVisitor                                        : loaded 2 times (x 73B)
Class com.google.common.cache.CacheLoader$SupplierToCacheLoader                       : loaded 2 times (x 71B)
Class com.amazon.ion.impl._Private_IonSymbol                                          : loaded 2 times (x 66B)
Class com.amazon.ion.impl.lite.IonValueLite                                           : loaded 2 times (x 143B)
Class com.amazon.ion.IonContainer                                                     : loaded 2 times (x 66B)
Class com.amazon.ion.impl.bin.PooledBlockAllocatorProvider                            : loaded 2 times (x 69B)
Class org.jetbrains.plugins.gradle.tooling.serialization.AnnotationProcessingModelSerializationService$ReadContext: loaded 2 times (x 68B)
Class org.jetbrains.plugins.gradle.tooling.serialization.internal.IdeaProjectSerializationService$WriteContext$3: loaded 2 times (x 79B)
Class kotlin.coroutines.jvm.internal.RestrictedContinuationImpl                       : loaded 2 times (x 83B)
Class org.gradle.util.internal.DefaultGradleVersion$Stage                             : loaded 2 times (x 71B)
Class com.google.common.reflect.TypeResolver$TypeTable$1                              : loaded 2 times (x 69B)
Class org.jetbrains.kotlin.idea.gradleTooling.AndroidAwareGradleModelProvider         : loaded 2 times (x 75B)
Class org.jetbrains.plugins.gradle.tooling.serialization.internal.IdeaProjectSerializationService$WriteContext$4: loaded 2 times (x 79B)
Class com.intellij.gradle.toolingExtension.impl.model.sourceSetDependencyModel.GradleSourceSetDependencySerialisationService$Companion: loaded 2 times (x 67B)
Class [Lkotlin.Pair;                                                                  : loaded 2 times (x 65B)
Class kotlin.text.StringsKt__StringNumberConversionsKt                                : loaded 2 times (x 67B)
Class kotlin.io.FilesKt__FileReadWriteKt                                              : loaded 2 times (x 67B)
Class com.google.common.collect.UsingToStringOrdering                                 : loaded 2 times (x 110B)
Class kotlin.text.MatchNamedGroupCollection                                           : loaded 2 times (x 66B)
Class kotlin.jvm.internal.markers.KMutableList                                        : loaded 2 times (x 66B)
Class org.gradle.internal.time.MonotonicClock                                         : loaded 2 times (x 73B)
Class org.gradle.internal.service.ServiceLookupException                              : loaded 2 times (x 78B)
Class com.google.common.collect.Lists$ReverseList                                     : loaded 2 times (x 196B)
Class com.amazon.ion.impl.lite.IonSymbolLite                                          : loaded 2 times (x 242B)
Class [Lcom.google.common.cache.LocalCache$EntryFactory;                              : loaded 2 times (x 65B)
Class com.amazon.ion.BufferConfiguration$Builder                                      : loaded 2 times (x 74B)
Class org.jetbrains.plugins.gradle.tooling.serialization.internal.IdeaProjectSerializationService$WriteContext$5: loaded 2 times (x 79B)
Class com.intellij.gradle.toolingExtension.impl.model.sourceSetDependencyModel.GradleSourceSetDependencySerialisationService$SourceSetDependencyModelWriteContext: loaded 2 times (x 68B)
Class kotlin.sequences.SequencesKt___SequencesKt$sortedWith$1                         : loaded 2 times (x 71B)
Class org.gradle.internal.classloader.ClassLoaderFactory                              : loaded 2 times (x 66B)
Class com.android.builder.model.v2.ide.LibraryInfo                                    : loaded 2 times (x 66B)
Class [Lcom.amazon.ion.impl.bin.IonRawBinaryWriter$StreamCloseMode;                   : loaded 2 times (x 65B)
Class org.jetbrains.kotlin.idea.gradleTooling.AndroidAwareGradleModelProvider$Companion: loaded 2 times (x 67B)
Class com.google.common.cache.LocalCache$LocalManualCache                             : loaded 2 times (x 95B)
Class com.amazon.ion.impl.bin.IntList                                                 : loaded 2 times (x 73B)
Class com.amazon.ion.impl._Private_RecyclingQueue$ElementIterator                     : loaded 2 times (x 78B)
Class com.amazon.ion.impl.lite._Private_LiteDomTrampoline                             : loaded 2 times (x 67B)
Class com.amazon.ion.IonType                                                          : loaded 2 times (x 75B)
Class org.jetbrains.plugins.gradle.tooling.serialization.internal.IdeaProjectSerializationService$WriteContext$6: loaded 2 times (x 79B)
Class org.jetbrains.plugins.gradle.tooling.util.IntObjectMap                          : loaded 2 times (x 69B)
Class com.google.common.collect.ImmutableMap$SerializedForm                           : loaded 2 times (x 69B)
Class org.gradle.internal.service.CachingServiceLocator                               : loaded 2 times (x 78B)
Class com.google.common.collect.Streams                                               : loaded 2 times (x 67B)
Class com.google.common.collect.AbstractMapBasedMultimap$KeySet                       : loaded 2 times (x 133B)
Class com.google.common.base.Suppliers                                                : loaded 2 times (x 67B)
Class com.google.common.math.IntMath                                                  : loaded 2 times (x 67B)
Class com.amazon.ion.impl.lite.ValueFactoryLite                                       : loaded 2 times (x 214B)
Class org.jetbrains.plugins.gradle.tooling.serialization.internal.IdeaProjectSerializationService$WriteContext$7: loaded 2 times (x 79B)
Class org.jetbrains.plugins.gradle.model.RepositoryModels                             : loaded 2 times (x 66B)
Class kotlin.collections.AbstractList$SubList                                         : loaded 2 times (x 194B)
Class kotlin.jvm.internal.CallableReference                                           : loaded 2 times (x 102B)
Class com.google.common.reflect.Types$TypeVariableInvocationHandler                   : loaded 2 times (x 71B)
Class [Lcom.google.common.cache.CacheBuilder$OneWeigher;                              : loaded 2 times (x 65B)
Class com.amazon.ion.impl.bin.WriteBuffer                                             : loaded 2 times (x 74B)
Class com.amazon.ion.impl.bin.IonManagedBinaryWriter                                  : loaded 2 times (x 162B)
Class org.jetbrains.plugins.gradle.tooling.serialization.internal.IdeaProjectSerializationService$WriteContext$8: loaded 2 times (x 79B)
Class [Lorg.gradle.api.JavaVersion;                                                   : loaded 2 times (x 65B)
Class kotlin.ranges.IntRange                                                          : loaded 2 times (x 89B)
Class org.gradle.tooling.model.idea.IdeaDependencyScope                               : loaded 2 times (x 66B)
Class org.gradle.internal.time.TimeSource                                             : loaded 2 times (x 66B)
Class org.gradle.tooling.model.kotlin.dsl.KotlinDslScriptsModel                       : loaded 2 times (x 66B)
Class org.objectweb.asm.MethodTooLargeException                                       : loaded 2 times (x 79B)
Class com.android.builder.model.v2.ide.TestInfo                                       : loaded 2 times (x 66B)
Class com.google.common.base.Equivalence                                              : loaded 2 times (x 78B)
Class com.google.common.base.Platform$JdkPatternCompiler                              : loaded 2 times (x 71B)
Class org.gradle.internal.operations.MultipleBuildOperationFailures                   : loaded 2 times (x 91B)
Class com.amazon.ion.impl.lite.IonBlobLite                                            : loaded 2 times (x 215B)
Class com.amazon.ion.impl.LocalSymbolTable                                            : loaded 2 times (x 117B)
Class org.jetbrains.plugins.gradle.tooling.serialization.SerializationService         : loaded 2 times (x 66B)
Class org.gradle.tooling.internal.gradle.GradleBuildIdentity                          : loaded 2 times (x 66B)
Class kotlin.enums.EnumEntries                                                        : loaded 2 times (x 66B)
Class com.android.builder.model.v2.ide.JavaCompileOptions                             : loaded 2 times (x 66B)
Class com.google.common.collect.IndexedImmutableSet$1                                 : loaded 2 times (x 209B)
Class com.google.common.cache.CacheBuilder$OneWeigher                                 : loaded 2 times (x 78B)
Class org.gradle.tooling.internal.adapter.MethodInvocation                            : loaded 2 times (x 81B)
Class com.amazon.ion.IonList                                                          : loaded 2 times (x 66B)
Class org.jetbrains.plugins.gradle.tooling.serialization.internal.adapter.Supplier    : loaded 2 times (x 66B)
Class org.gradle.tooling.internal.adapter.ProtocolToModelAdapter$MixInMappingAction   : loaded 2 times (x 76B)
Class org.gradle.internal.exceptions.ResolutionProvider                               : loaded 2 times (x 66B)
Class kotlin.sequences.TransformingSequence                                           : loaded 2 times (x 71B)
Class com.google.common.reflect.Types$ClassOwnership$1LocalClass                      : loaded 2 times (x 67B)
Class com.amazon.ion.IonSystem                                                        : loaded 2 times (x 66B)
Class com.amazon.ion.impl.bin.IonManagedBinaryWriter$ImportedSymbolContext            : loaded 2 times (x 68B)
Class kotlin.text.MatchResult$DefaultImpls                                            : loaded 2 times (x 67B)
Class org.gradle.tooling.model.idea.IdeaCompilerOutput                                : loaded 2 times (x 66B)
Class org.gradle.tooling.model.ProjectIdentifier                                      : loaded 2 times (x 66B)
Class org.gradle.internal.classloader.ClasspathUtil                                   : loaded 2 times (x 67B)
Class com.android.builder.model.v2.ide.ComponentInfo                                  : loaded 2 times (x 66B)
Class org.jetbrains.kotlin.tooling.core.HasExtras                                     : loaded 2 times (x 66B)
Class com.google.common.util.concurrent.Uninterruptibles                              : loaded 2 times (x 67B)
Class com.android.builder.model.v2.ide.ProjectType                                    : loaded 2 times (x 75B)
Class com.intellij.gradle.toolingExtension.impl.model.sourceSetModel.GradleSourceSetSerialisationService: loaded 2 times (x 73B)
Class kotlin.io.FileSystemException                                                   : loaded 2 times (x 78B)
Class com.android.builder.model.v2.dsl.BaseConfig                                     : loaded 2 times (x 66B)
Class com.google.common.util.concurrent.LazyLogger                                    : loaded 2 times (x 68B)
Class com.google.common.collect.Maps                                                  : loaded 2 times (x 67B)
Class com.amazon.ion.impl.lite.IonIntLite                                             : loaded 2 times (x 185B)
Class com.amazon.ion.util._Private_FastAppendable                                     : loaded 2 times (x 66B)
Class [Lcom.amazon.ion.impl.bin.IonRawBinaryWriter$PreallocationMode;                 : loaded 2 times (x 65B)
Class org.gradle.internal.time.TimeSource$1                                           : loaded 2 times (x 73B)
Class kotlin.jvm.internal.DefaultConstructorMarker                                    : loaded 2 times (x 67B)
Class org.gradle.api.specs.Spec                                                       : loaded 2 times (x 66B)
Class com.google.common.reflect.Types$JavaVersion                                     : loaded 2 times (x 79B)
Class com.intellij.util.ThrowableConsumer                                             : loaded 2 times (x 66B)
Class com.amazon.ion.impl.lite.IonSexpLite                                            : loaded 2 times (x 486B)
Class com.amazon.ion.impl.lite.IonListLite                                            : loaded 2 times (x 486B)
Class com.amazon.ion.IonFloat                                                         : loaded 2 times (x 66B)
Class ijInit5_cdf29jrnf6ppf17ku4dr8nws                                                : loaded 2 times (x 167B)
Class com.google.common.cache.LocalCache$LoadingValueReference                        : loaded 2 times (x 92B)
Class com.amazon.ion.impl.LocalSymbolTable$Factory                                    : loaded 2 times (x 73B)
Class com.amazon.ion.impl.bin.IonManagedBinaryWriter$ImportedSymbolResolverMode       : loaded 2 times (x 76B)
Class com.intellij.gradle.toolingExtension.impl.model.buildScriptClasspathModel.GradleBuildScriptClasspathSerializationService: loaded 2 times (x 73B)
Class org.objectweb.asm.ClassVisitor                                                  : loaded 2 times (x 84B)
Class com.google.common.reflect.Invokable$MethodInvokable                             : loaded 2 times (x 103B)
Class com.google.common.base.Platform                                                 : loaded 2 times (x 67B)
Class org.jetbrains.plugins.gradle.model.FileCollectionDependency                     : loaded 2 times (x 66B)
Class com.amazon.ion.impl.LocalSymbolTableAsStruct                                    : loaded 2 times (x 122B)
Class com.amazon.ion.impl.lite.IonTimestampLite                                       : loaded 2 times (x 188B)
Class org.gradle.internal.impldep.gnu.trove.TObjectHashingStrategy                    : loaded 2 times (x 66B)
Class com.intellij.gradle.toolingExtension.impl.model.utilDummyModel.DummyModel       : loaded 2 times (x 66B)
Class kotlin.collections.EmptyIterator                                                : loaded 2 times (x 85B)
Class kotlin.text.StringsKt__RegexExtensionsKt                                        : loaded 2 times (x 67B)
Class org.gradle.internal.time.Clock                                                  : loaded 2 times (x 66B)
Class com.android.builder.model.v2.dsl.ProductFlavor                                  : loaded 2 times (x 66B)
Class [Lcom.android.builder.model.v2.ide.TestInfo$Execution;                          : loaded 2 times (x 65B)
Class [Lorg.objectweb.asm.AnnotationWriter;                                           : loaded 2 times (x 65B)
Class com.google.common.collect.Maps$8                                                : loaded 2 times (x 78B)
Class com.amazon.ion.IonString                                                        : loaded 2 times (x 66B)
Class org.jetbrains.plugins.gradle.model.GradleSourceSetDependencyModel               : loaded 2 times (x 66B)
Class kotlin.io.FilePathComponents                                                    : loaded 2 times (x 68B)
Class com.google.common.collect.CompoundOrdering                                      : loaded 2 times (x 111B)
Class kotlin.sequences.SequencesKt__SequencesJVMKt                                    : loaded 2 times (x 67B)
Class kotlin.coroutines.jvm.internal.RestrictedSuspendLambda                          : loaded 2 times (x 87B)
Class org.gradle.tooling.internal.adapter.TypeInspector                               : loaded 2 times (x 69B)
Class org.gradle.tooling.internal.adapter.ProtocolToModelAdapter$NoOpDecoration       : loaded 2 times (x 75B)
Class org.gradle.tooling.model.Element                                                : loaded 2 times (x 66B)
Class kotlin.collections.AbstractList                                                 : loaded 2 times (x 193B)
Class kotlin.collections.AbstractCollection                                           : loaded 2 times (x 113B)
Class com.google.common.collect.Lists$ReverseList$1                                   : loaded 2 times (x 95B)
Class [Lorg.objectweb.asm.Symbol;                                                     : loaded 2 times (x 65B)
Class org.jetbrains.kotlin.tooling.core.Extras                                        : loaded 2 times (x 66B)
Class com.google.common.collect.Sets$SetView                                          : loaded 2 times (x 134B)
Class com.google.common.cache.LocalCache$StrongValueReference                         : loaded 2 times (x 86B)
Class com.amazon.ion.BufferConfiguration                                              : loaded 2 times (x 69B)
Class com.amazon.ion.system.SimpleCatalog                                             : loaded 2 times (x 87B)
Class com.intellij.gradle.toolingExtension.impl.model.taskModel.GradleTaskSerialisationService: loaded 2 times (x 72B)
Class com.android.ide.gradle.model.LegacyV1AgpVersionModel                            : loaded 2 times (x 66B)
Class kotlin.text.StringsKt__StringBuilderJVMKt                                       : loaded 2 times (x 67B)
Class kotlin.text.Regex                                                               : loaded 2 times (x 68B)
Class kotlin.sequences.SequencesKt__SequenceBuilderKt$sequence$$inlined$Sequence$1    : loaded 2 times (x 71B)
Class org.objectweb.asm.Type                                                          : loaded 2 times (x 68B)
Class org.jetbrains.plugins.gradle.tooling.util.IntObjectMap$1                        : loaded 2 times (x 73B)
Class org.gradle.internal.impldep.com.google.common.base.Preconditions                : loaded 2 times (x 67B)
Class org.gradle.tooling.model.internal.ImmutableDomainObjectSet                      : loaded 2 times (x 151B)
Class org.gradle.internal.classloader.VisitableURLClassLoader$InstrumentingVisitableURLClassLoader: loaded 2 times (x 119B)
Class com.android.utils.FileUtils                                                     : loaded 2 times (x 67B)
Class com.android.builder.model.v2.ide.AndroidGradlePluginProjectFlags                : loaded 2 times (x 66B)
Class [Lcom.android.builder.model.v2.ide.AndroidGradlePluginProjectFlags$BooleanFlag; : loaded 2 times (x 65B)
Class com.android.builder.model.v2.ide.BasicVariant                                   : loaded 2 times (x 66B)
Class org.objectweb.asm.ByteVector                                                    : loaded 2 times (x 75B)
Class [Lcom.google.common.cache.CacheBuilder$NullListener;                            : loaded 2 times (x 65B)
Class com.google.common.math.IntMath$1                                                : loaded 2 times (x 67B)
Class [Lcom.amazon.ion.impl.bin.IonRawBinaryWriter$StreamFlushMode;                   : loaded 2 times (x 65B)
Class com.amazon.ion.UnsupportedIonVersionException                                   : loaded 2 times (x 81B)
Class kotlin.comparisons.ComparisonsKt__ComparisonsKt                                 : loaded 2 times (x 67B)
Class kotlin.ranges.RangesKt__RangesKt                                                : loaded 2 times (x 67B)
Class kotlin.collections.SetsKt___SetsKt                                              : loaded 2 times (x 67B)
Class kotlin.sequences.SequencesKt__SequencesKt                                       : loaded 2 times (x 67B)
Class kotlin.coroutines.Continuation                                                  : loaded 2 times (x 66B)
Class org.gradle.internal.classloader.VisitableURLClassLoader$Spec                    : loaded 2 times (x 70B)
Class org.gradle.internal.classpath.DefaultClassPath                                  : loaded 2 times (x 86B)
Class com.google.common.reflect.Types$ClassOwnership                                  : loaded 2 times (x 76B)
Class com.android.builder.model.v2.ide.BundleInfo                                     : loaded 2 times (x 66B)
Class com.android.builder.model.v2.ide.SourceProvider                                 : loaded 2 times (x 66B)
Class org.objectweb.asm.Symbol                                                        : loaded 2 times (x 69B)
Class com.amazon.ion.impl.bin.IonManagedBinaryWriter$SymbolState                      : loaded 2 times (x 76B)
Class com.amazon.ion.IonStruct                                                        : loaded 2 times (x 66B)
Class org.jetbrains.plugins.gradle.model.GradleBuildScriptClasspathModel              : loaded 2 times (x 66B)
Class sync_studio_tooling2_c5g5szanv3jjtrezommsbi3me                                  : loaded 2 times (x 167B)
Class kotlin.sequences.FilteringSequence                                              : loaded 2 times (x 71B)
Class kotlin.text.CharsKt__CharJVMKt                                                  : loaded 2 times (x 67B)
Class kotlin.comparisons.ComparisonsKt                                                : loaded 2 times (x 67B)
Class kotlin.comparisons.ComparisonsKt___ComparisonsKt                                : loaded 2 times (x 67B)
Class kotlin.coroutines.jvm.internal.BaseContinuationImpl                             : loaded 2 times (x 83B)
Class kotlin.Result$Companion                                                         : loaded 2 times (x 67B)
Class org.gradle.util.internal.DefaultGradleVersion                                   : loaded 2 times (x 76B)
Class com.android.builder.model.v2.ide.AaptOptions$Namespacing                        : loaded 2 times (x 75B)
Class com.google.common.reflect.TypeCapture                                           : loaded 2 times (x 67B)
Class org.gradle.tooling.internal.adapter.TargetTypeProvider                          : loaded 2 times (x 66B)
Class org.gradle.internal.classloader.ClassLoaderSpec                                 : loaded 2 times (x 67B)
Class org.objectweb.asm.AnnotationWriter                                              : loaded 2 times (x 75B)
Class com.google.common.cache.CacheStats                                              : loaded 2 times (x 67B)
Class com.amazon.ion.impl.IonWriterSystemTextMarkup                                   : loaded 2 times (x 188B)
Class com.amazon.ion.impl.bin.BlockAllocator                                          : loaded 2 times (x 76B)
Class kotlin.jvm.internal.FunctionReferenceImpl                                       : loaded 2 times (x 118B)
Class kotlin.collections.CollectionsKt___CollectionsJvmKt                             : loaded 2 times (x 67B)
Class com.google.common.collect.ImmutableMultisetGwtSerializationDependencies         : loaded 2 times (x 121B)
Class org.objectweb.asm.RecordComponentWriter                                         : loaded 2 times (x 74B)
Class [Lcom.android.builder.model.v2.ide.ProjectType;                                 : loaded 2 times (x 65B)
Class com.google.common.util.concurrent.AbstractFuture$Listener                       : loaded 2 times (x 68B)
Class kotlin.ranges.IntProgression$Companion                                          : loaded 2 times (x 67B)
Class Settings_gradle$1$1                                                             : loaded 2 times (x 70B)
Class com.amazon.ion.impl._Private_RecyclingQueue                                     : loaded 2 times (x 76B)
Class com.amazon.ion.system.IonWriterBuilderBase                                      : loaded 2 times (x 79B)
Class kotlin.TuplesKt                                                                 : loaded 2 times (x 67B)
Class kotlin.jvm.internal.markers.KMutableIterable                                    : loaded 2 times (x 66B)
Class kotlin.sequences.SequencesKt___SequencesJvmKt                                   : loaded 2 times (x 67B)
Class org.gradle.tooling.internal.adapter.ProtocolToModelAdapter$DefaultViewBuilder   : loaded 2 times (x 76B)
Class kotlin.Unit                                                                     : loaded 2 times (x 67B)
Class [Lcom.android.builder.model.v2.ide.AaptOptions$Namespacing;                     : loaded 2 times (x 65B)
Class com.android.ide.common.gradle.Version$Companion$ParseState                      : loaded 2 times (x 66B)
Class org.objectweb.asm.Attribute                                                     : loaded 2 times (x 73B)
Class com.google.common.base.Supplier                                                 : loaded 2 times (x 66B)
Class kotlin.ranges.RangesKt                                                          : loaded 2 times (x 67B)
Class org.gradle.tooling.internal.adapter.ProtocolToModelAdapter$ViewGraphDetails$1   : loaded 2 times (x 73B)
Class org.gradle.internal.classloader.VisitableURLClassLoader                         : loaded 2 times (x 113B)
Class com.android.ide.common.repository.AgpVersion$Companion                          : loaded 2 times (x 67B)
Class Settings_gradle                                                                 : loaded 2 times (x 120B)
Class com.amazon.ion.impl.bin.IonRawBinaryWriter$1                                    : loaded 2 times (x 73B)
Class [Lcom.amazon.ion.SymbolTable;                                                   : loaded 2 times (x 65B)
Class com.amazon.ion.impl.bin.IonBinaryWriterAdapter$Factory                          : loaded 2 times (x 66B)
Class com.amazon.ion.impl.BlockedBuffer$BufferedOutputStream                          : loaded 2 times (x 86B)
Class org.jetbrains.plugins.gradle.tooling.serialization.ExternalTestsSerializationService$ReadContext: loaded 2 times (x 68B)
Class com.google.common.collect.ImmutableList$SerializedForm                          : loaded 2 times (x 69B)
Class kotlin.collections.ArraysUtilJVM                                                : loaded 2 times (x 67B)
Class kotlin.sequences.FlatteningSequence$iterator$1                                  : loaded 2 times (x 75B)
Class kotlin.jvm.functions.Function0                                                  : loaded 2 times (x 66B)
Class org.jetbrains.plugins.gradle.model.AnnotationProcessingModel                    : loaded 2 times (x 66B)
Class org.jetbrains.plugins.gradle.model.GradleExtensions                             : loaded 2 times (x 66B)
Class org.gradle.tooling.model.idea.IdeaDependency                                    : loaded 2 times (x 66B)
Class com.android.builder.model.v2.ide.AaptOptions                                    : loaded 2 times (x 66B)
Class [Lcom.android.builder.model.v2.ide.BytecodeTransformation;                      : loaded 2 times (x 65B)
Class com.google.common.base.Strings                                                  : loaded 2 times (x 67B)
Class com.android.ide.common.gradle.Version$Companion                                 : loaded 2 times (x 67B)
Class com.google.common.collect.Sets                                                  : loaded 2 times (x 67B)
Class org.objectweb.asm.Handler                                                       : loaded 2 times (x 68B)
Class com.amazon.ion.system.IonBinaryWriterBuilder                                    : loaded 2 times (x 95B)
Class com.google.common.base.Ticker                                                   : loaded 2 times (x 68B)
Class com.amazon.ion.impl.bin.AbstractIonWriter$WriteValueOptimization                : loaded 2 times (x 75B)
Class kotlin.collections.AbstractMutableList                                          : loaded 2 times (x 202B)
Class kotlin.jvm.functions.Function1                                                  : loaded 2 times (x 66B)
Class org.gradle.kotlin.dsl.Accessors5iza8034tv8d6jw3ub2uvdo04Kt                      : loaded 2 times (x 67B)
Class com.android.builder.model.v2.models.ndk.NativeModelBuilderParameter             : loaded 2 times (x 66B)
Class [Lcom.google.common.cache.LocalCache$Segment;                                   : loaded 2 times (x 65B)
Class com.amazon.ion.impl.bin.IonManagedBinaryWriter$UserState$4                      : loaded 2 times (x 81B)
Class [Lcom.google.common.cache.LocalCache$Strength;                                  : loaded 2 times (x 65B)
Class com.google.common.cache.CacheBuilder$1                                          : loaded 2 times (x 81B)
Class org.jetbrains.plugins.gradle.model.UnresolvedExternalDependency                 : loaded 2 times (x 66B)
Class com.amazon.ion.impl.bin.BlockAllocatorProvider                                  : loaded 2 times (x 68B)
Class org.jetbrains.plugins.gradle.tooling.serialization.internal.IdeaProjectSerializationService$WriteContext: loaded 2 times (x 68B)
Class com.intellij.gradle.toolingExtension.impl.model.sourceSetDependencyModel.GradleSourceSetDependencySerialisationService: loaded 2 times (x 73B)
Class org.jetbrains.plugins.gradle.model.GradleSourceSetModel                         : loaded 2 times (x 66B)
Class kotlin.KotlinNothingValueException                                              : loaded 2 times (x 78B)
Class kotlin.jvm.functions.Function2                                                  : loaded 2 times (x 66B)
Class org.gradle.internal.classpath.DefaultClassPath$ImmutableUniqueList$Builder      : loaded 2 times (x 71B)
Class com.android.builder.model.v2.ide.AndroidArtifact                                : loaded 2 times (x 66B)
Class org.gradle.api.internal.classpath.ManifestUtil                                  : loaded 2 times (x 67B)
Class com.google.common.cache.LocalCache                                              : loaded 2 times (x 183B)
Class com.google.common.cache.CacheBuilder$2                                          : loaded 2 times (x 75B)
Class com.amazon.ion.impl.lite.IonSequenceLite                                        : loaded 2 times (x 428B)
Class com.amazon.ion.impl._Private_Utils$1                                            : loaded 2 times (x 85B)
Class com.amazon.ion.impl.SymbolTableAsStruct                                         : loaded 2 times (x 66B)
Class com.android.ide.gradle.model.dependencies.Coordinates                           : loaded 2 times (x 66B)
Class kotlin.collections.MapsKt___MapsJvmKt                                           : loaded 2 times (x 67B)
Class org.gradle.tooling.internal.adapter.WeakIdentityHashMap$AbsentValueProvider     : loaded 2 times (x 66B)
Class com.google.common.collect.ArrayListMultimap                                     : loaded 2 times (x 168B)
Class com.google.common.cache.CacheBuilder$3                                          : loaded 2 times (x 68B)
Class org.gradle.tooling.internal.adapter.ProtocolToModelAdapter$InvocationHandlerImpl: loaded 2 times (x 73B)
Class org.gradle.tooling.model.build.GradleEnvironment                                : loaded 2 times (x 66B)
Class com.amazon.ion.impl.bin.AbstractIonWriter                                       : loaded 2 times (x 157B)
Class org.jetbrains.plugins.gradle.tooling.util.ObjectCollector$Processor             : loaded 2 times (x 66B)
Class kotlin.jvm.functions.Function4                                                  : loaded 2 times (x 66B)
Class kotlin.collections.EmptySet                                                     : loaded 2 times (x 118B)
Class kotlin.annotation.Target                                                        : loaded 2 times (x 66B)
Class kotlin.collections.CollectionsKt___CollectionsKt                                : loaded 2 times (x 67B)
Class org.jetbrains.plugins.gradle.tooling.util.IntObjectMap$ObjectFactory            : loaded 2 times (x 66B)
Class org.gradle.internal.exceptions.NonGradleCauseExceptionsHolder                   : loaded 2 times (x 66B)
Class org.gradle.tooling.model.idea.IdeaModuleDependency                              : loaded 2 times (x 66B)
Class org.gradle.tooling.internal.adapter.ViewBuilder                                 : loaded 2 times (x 66B)
Class com.android.builder.model.v2.ide.AndroidLibraryData                             : loaded 2 times (x 66B)
Class com.android.builder.model.v2.ide.ApiVersion                                     : loaded 2 times (x 66B)
Class com.android.ide.common.gradle.Version                                           : loaded 2 times (x 71B)
Class com.google.common.collect.CollectPreconditions                                  : loaded 2 times (x 67B)
Class com.amazon.ion.system.IonReaderBuilder                                          : loaded 2 times (x 89B)
Class org.jetbrains.plugins.gradle.model.AnnotationProcessingConfig                   : loaded 2 times (x 66B)
Class com.amazon.ion.IonReader                                                        : loaded 2 times (x 66B)
Class kotlin.text.StringsKt___StringsJvmKt                                            : loaded 2 times (x 67B)
Class kotlin.reflect.KDeclarationContainer                                            : loaded 2 times (x 66B)
Class kotlin.annotation.Retention                                                     : loaded 2 times (x 66B)
Class com.android.builder.model.v2.models.Versions$Version                            : loaded 2 times (x 66B)
Class com.google.common.collect.SortedMapDifference                                   : loaded 2 times (x 66B)
Class com.amazon.ion.IonClob                                                          : loaded 2 times (x 66B)
Class org.jetbrains.plugins.gradle.tooling.ModelBuilderService$Parameter              : loaded 2 times (x 66B)
Class kotlin.io.FilesKt                                                               : loaded 2 times (x 67B)
Class kotlin.collections.MapsKt___MapsKt                                              : loaded 2 times (x 67B)
Class kotlin.collections.ArraysKt___ArraysKt                                          : loaded 2 times (x 67B)
Class com.google.common.cache.LocalCache$WriteThroughEntry                            : loaded 2 times (x 75B)
Class com.google.common.cache.LocalCache$HashIterator                                 : loaded 2 times (x 82B)
Class com.google.common.cache.LocalCache$EntryFactory                                 : loaded 2 times (x 79B)
Class com.amazon.ion.impl.lite.IonLobLite                                             : loaded 2 times (x 180B)
Class com.amazon.ion.impl.lite.IonTextLite                                            : loaded 2 times (x 177B)
Class com.amazon.ion.IonNumber                                                        : loaded 2 times (x 66B)
Class org.gradle.internal.impldep.gnu.trove.TObjectIntProcedure                       : loaded 2 times (x 66B)
Class kotlin.collections.MapsKt__MapWithDefaultKt                                     : loaded 2 times (x 67B)
Class org.gradle.tooling.internal.adapter.ProtocolToModelAdapter$ReflectionMethodInvoker: loaded 2 times (x 72B)
Class com.google.common.reflect.Types$NativeTypeVariableEquals                        : loaded 2 times (x 67B)
Class com.google.common.reflect.TypeParameter                                         : loaded 2 times (x 68B)
Class [Lcom.android.ide.common.gradle.Separator;                                      : loaded 2 times (x 65B)
Class org.jetbrains.kotlin.tooling.core.HasMutableExtras                              : loaded 2 times (x 66B)
Class com.google.common.cache.LocalCache$AbstractReferenceEntry                       : loaded 2 times (x 103B)
Class [Lcom.amazon.ion.impl.bin.IonManagedBinaryWriter$UserState;                     : loaded 2 times (x 65B)
Class com.amazon.ion.impl.bin.utf8.Utf8StringEncoder                                  : loaded 2 times (x 76B)
Class com.amazon.ion.IonBool                                                          : loaded 2 times (x 66B)
Class sync_studio_tooling2_c5g5szanv3jjtrezommsbi3me$_run_closure1                    : loaded 2 times (x 135B)
Class kotlin.text.StringsKt___StringsKt                                               : loaded 2 times (x 67B)
Class com.google.common.collect.NullsLastOrdering                                     : loaded 2 times (x 111B)
Class kotlin.collections.CollectionsKt__MutableCollectionsJVMKt                       : loaded 2 times (x 67B)
Class com.amazon.ion.IonException                                                     : loaded 2 times (x 80B)
Class kotlin.enums.EnumEntriesKt                                                      : loaded 2 times (x 67B)
Class com.android.builder.model.v2.models.VariantDependencies                         : loaded 2 times (x 66B)
Class com.amazon.ion.impl.bin.IonManagedBinaryWriter$UserState$3                      : loaded 2 times (x 81B)
Class org.objectweb.asm.SymbolTable                                                   : loaded 2 times (x 68B)
Class com.google.common.cache.CacheLoader$InvalidCacheLoadException                   : loaded 2 times (x 78B)
Class com.google.common.util.concurrent.ExecutionError                                : loaded 2 times (x 78B)
Class com.amazon.ion.IonLoader                                                        : loaded 2 times (x 66B)
Class org.jetbrains.plugins.gradle.model.GradleProperty                               : loaded 2 times (x 66B)
Class org.gradle.internal.classloader.SystemClassLoaderSpec                           : loaded 2 times (x 67B)
Class Build_gradle$1$4                                                                : loaded 2 times (x 70B)
Class com.android.builder.model.v2.ide.TestedTargetVariant                            : loaded 2 times (x 66B)
Class com.google.common.cache.LocalCache$StrongEntry                                  : loaded 2 times (x 104B)
Class com.google.common.util.concurrent.AbstractFuture$TrustedFuture                  : loaded 2 times (x 110B)
Class com.google.common.cache.LoadingCache                                            : loaded 2 times (x 66B)
Class com.amazon.ion.impl._Private_Utils                                              : loaded 2 times (x 67B)
Class kotlin.ranges.IntRange$Companion                                                : loaded 2 times (x 67B)
Class kotlin.text.MatcherMatchResult$groups$1                                         : loaded 2 times (x 147B)
Class kotlin.collections.EmptyMap                                                     : loaded 2 times (x 105B)
Class kotlin.reflect.KAnnotatedElement                                                : loaded 2 times (x 66B)
Class kotlin.jvm.internal.markers.KMutableCollection                                  : loaded 2 times (x 66B)
Class kotlin.coroutines.intrinsics.IntrinsicsKt                                       : loaded 2 times (x 67B)
Class org.gradle.internal.exceptions.MultiCauseException                              : loaded 2 times (x 66B)
Class org.gradle.internal.time.CountdownTimer                                         : loaded 2 times (x 66B)
Class kotlin.jvm.internal.Intrinsics                                                  : loaded 2 times (x 67B)
Class com.google.common.collect.ImmutableEnumSet                                      : loaded 2 times (x 142B)
Class org.objectweb.asm.MethodWriter                                                  : loaded 2 times (x 102B)
Class [Lcom.google.common.cache.Weigher;                                              : loaded 2 times (x 65B)
Class com.android.builder.model.v2.models.VariantDependenciesAdjacencyList            : loaded 2 times (x 66B)
Class com.intellij.gradle.toolingExtension.impl.model.projectModel.GradleExternalProjectSerializationService$ReadContext: loaded 2 times (x 69B)
Class com.intellij.gradle.toolingExtension.impl.model.dependencyModel.DependencyWriteContext: loaded 2 times (x 68B)
Class kotlin.collections.MapsKt                                                       : loaded 2 times (x 67B)
Class kotlin.coroutines.intrinsics.CoroutineSingletons                                : loaded 2 times (x 75B)
Class kotlin.collections.CollectionsKt__IterablesKt                                   : loaded 2 times (x 67B)
Class org.gradle.tooling.model.ProjectModel                                           : loaded 2 times (x 66B)
Class com.google.common.collect.ImmutableMultimap$1                                   : loaded 2 times (x 78B)
Class com.android.ide.common.gradle.Version$Companion$ParseState$EMPTY                : loaded 2 times (x 70B)
Class org.jetbrains.plugins.gradle.model.GradleConfiguration                          : loaded 2 times (x 66B)
Class com.amazon.ion.impl.bin.utf8.Utf8StringEncoderPool                              : loaded 2 times (x 70B)
Class com.amazon.ion.impl._Private_IonSystem                                          : loaded 2 times (x 66B)
Class com.amazon.ion.BufferConfiguration$OversizedValueHandler                        : loaded 2 times (x 66B)
Class kotlin.ranges.OpenEndRange                                                      : loaded 2 times (x 66B)
Class kotlin.sequences.SequenceBuilderIterator                                        : loaded 2 times (x 81B)
Class kotlin.KotlinNullPointerException                                               : loaded 2 times (x 79B)
Class com.google.common.reflect.Types$JavaVersion$1                                   : loaded 2 times (x 79B)
Class com.google.common.collect.ImmutableMultimap$2                                   : loaded 2 times (x 77B)
Class com.google.common.collect.RegularImmutableBiMap                                 : loaded 2 times (x 145B)
Class org.gradle.internal.classloader.ClassLoaderHierarchy                            : loaded 2 times (x 66B)
Class kotlin.collections.CollectionsKt__ReversedViewsKt                               : loaded 2 times (x 67B)
Class com.google.common.cache.LocalCache$ValueReference                               : loaded 2 times (x 66B)
Class com.android.ide.common.repository.AgpVersion$Companion$WhenMappings             : loaded 2 times (x 67B)
Class com.amazon.ion.IonDecimal                                                       : loaded 2 times (x 66B)
Class org.jetbrains.plugins.gradle.model.tests.ExternalTestsModel                     : loaded 2 times (x 66B)
Class kotlin.ranges.RangesKt___RangesKt                                               : loaded 2 times (x 67B)
Class org.gradle.tooling.model.idea.IdeaLanguageLevel                                 : loaded 2 times (x 66B)
Class org.gradle.tooling.internal.adapter.ProtocolToModelAdapter$SafeMethodInvoker    : loaded 2 times (x 72B)
Class org.gradle.tooling.internal.adapter.WeakIdentityHashMap$WeakKey                 : loaded 2 times (x 75B)
Class org.gradle.internal.exceptions.DefaultMultiCauseException                       : loaded 2 times (x 91B)
Class com.google.common.reflect.Types$JavaVersion$2                                   : loaded 2 times (x 79B)
Class com.google.common.reflect.Types                                                 : loaded 2 times (x 67B)
Class com.google.common.hash.PrimitiveSink                                            : loaded 2 times (x 66B)
Class com.android.builder.model.v2.ide.ProjectInfo                                    : loaded 2 times (x 66B)
Class com.google.common.base.PatternCompiler                                          : loaded 2 times (x 66B)
Class com.google.common.util.concurrent.AbstractFuture$Failure                        : loaded 2 times (x 68B)
Class com.google.common.base.Equivalence$Equals                                       : loaded 2 times (x 78B)
Class com.google.common.collect.Hashing                                               : loaded 2 times (x 67B)
Class kotlin.sequences.SequencesKt__SequenceBuilderKt                                 : loaded 2 times (x 67B)
Class com.amazon.ion.impl.bin.IonRawBinaryWriter$StreamCloseMode                      : loaded 2 times (x 75B)
Class com.amazon.ion.impl._Private_IonBinaryWriterBuilder$Mutable                     : loaded 2 times (x 111B)
Class com.intellij.gradle.toolingExtension.impl.model.projectModel.GradleExternalProjectSerializationService: loaded 2 times (x 73B)
Class kotlin.text.CharsKt__CharKt                                                     : loaded 2 times (x 67B)
Class kotlin.collections.ArraysKt                                                     : loaded 2 times (x 67B)
Class kotlin.collections.ArrayDeque$Companion                                         : loaded 2 times (x 67B)
Class org.gradle.tooling.model.HierarchicalElement                                    : loaded 2 times (x 66B)
Class com.google.common.reflect.Types$JavaVersion$3                                   : loaded 2 times (x 79B)
Class com.android.builder.model.v2.dsl.DependenciesInfo                               : loaded 2 times (x 66B)
Class kotlin.jvm.internal.CollectionToArray                                           : loaded 2 times (x 67B)
Class org.objectweb.asm.Label                                                         : loaded 2 times (x 69B)
Class org.objectweb.asm.CurrentFrame                                                  : loaded 2 times (x 69B)
Class org.objectweb.asm.ClassTooLargeException                                        : loaded 2 times (x 79B)
Class kotlin.io.FilesKt__FileTreeWalkKt                                               : loaded 2 times (x 67B)
Class kotlin.sequences.FilteringSequence$iterator$1                                   : loaded 2 times (x 75B)
Class com.amazon.ion.impl.bin.IonRawBinaryWriter$PatchPoint                           : loaded 2 times (x 69B)
Class com.amazon.ion.IonBlob                                                          : loaded 2 times (x 66B)
Class com.amazon.ion.IonLob                                                           : loaded 2 times (x 66B)
Class com.amazon.ion.IonSequence                                                      : loaded 2 times (x 66B)
Class org.jetbrains.plugins.gradle.tooling.serialization.ExternalTestsSerializationService: loaded 2 times (x 73B)
Class com.google.common.collect.ImmutableSetMultimap                                  : loaded 2 times (x 176B)
Class com.google.common.collect.ByFunctionOrdering                                    : loaded 2 times (x 111B)
Class kotlin.collections.SetsKt__SetsKt                                               : loaded 2 times (x 67B)
Class kotlin.coroutines.EmptyCoroutineContext                                         : loaded 2 times (x 73B)
Class org.gradle.internal.time.Time                                                   : loaded 2 times (x 67B)
Class com.google.common.reflect.Types$JavaVersion$4                                   : loaded 2 times (x 79B)
Class com.android.builder.model.v2.models.ProjectGraph                                : loaded 2 times (x 66B)
Class com.google.common.collect.Maps$IteratorBasedAbstractMap                         : loaded 2 times (x 121B)
Class com.android.ide.common.gradle.Version$Companion$ParseState$NUMERIC              : loaded 2 times (x 70B)
Class com.intellij.gradle.toolingExtension.impl.model.sourceSetModel.GradleSourceSetSerialisationService$Companion: loaded 2 times (x 67B)
Class com.amazon.ion.impl._Private_IonValue                                           : loaded 2 times (x 66B)
Class org.objectweb.asm.Frame                                                         : loaded 2 times (x 69B)
Class org.objectweb.asm.MethodVisitor                                                 : loaded 2 times (x 101B)
Class com.amazon.ion.impl.bin.IonManagedBinaryWriter$UserState$2                      : loaded 2 times (x 81B)
Class org.gradle.internal.classloader.FilteringClassLoader                            : loaded 2 times (x 101B)
Class com.google.common.cache.LocalCache$EntryFactory$1                               : loaded 2 times (x 79B)
Class [Lcom.google.common.cache.RemovalListener;                                      : loaded 2 times (x 65B)
Class com.android.ide.common.repository.AgpVersion$PreviewKind                        : loaded 2 times (x 75B)
Class com.amazon.ion.system.IonTextWriterBuilder                                      : loaded 2 times (x 94B)
Class com.amazon.ion.impl.bin.IonManagedBinaryWriter$ImportedSymbolResolverMode$1$1$1 : loaded 2 times (x 72B)
Class com.amazon.ion.impl._Private_LocalSymbolTableFactory                            : loaded 2 times (x 66B)
Class org.jetbrains.plugins.gradle.tooling.serialization.AnnotationProcessingModelSerializationService: loaded 2 times (x 73B)
Class kotlin.collections.ArraysKt__ArraysJVMKt                                        : loaded 2 times (x 67B)
Class com.google.common.reflect.Types$JavaVersion$5                                   : loaded 2 times (x 67B)
Class [Lcom.google.common.reflect.Types$ClassOwnership;                               : loaded 2 times (x 65B)
Class kotlin.NotImplementedError                                                      : loaded 2 times (x 78B)
Class com.google.common.cache.LocalCache$EntryFactory$2                               : loaded 2 times (x 79B)
Class com.amazon.ion.impl.lite.IonNullLite                                            : loaded 2 times (x 171B)
Class [Lcom.intellij.openapi.externalSystem.model.project.dependencies.ResolutionState;: loaded 2 times (x 65B)
Class org.gradle.internal.impldep.gnu.trove.TObjectHash                               : loaded 2 times (x 90B)
Class org.jetbrains.plugins.gradle.model.DependencyAccessorsModel                     : loaded 2 times (x 66B)
Class kotlin.text.StringsKt__StringBuilderKt                                          : loaded 2 times (x 67B)
Class kotlin.jvm.internal.CallableReference$NoReceiver                                : loaded 2 times (x 67B)
Class org.gradle.api.internal.classpath.GlobalCacheRootsProvider                      : loaded 2 times (x 66B)
Class com.google.common.collect.CollectCollectors                                     : loaded 2 times (x 67B)
Class org.objectweb.asm.ModuleWriter                                                  : loaded 2 times (x 78B)
Class com.google.common.cache.LocalCache$EntryFactory$3                               : loaded 2 times (x 79B)
Class com.google.common.base.Ticker$1                                                 : loaded 2 times (x 68B)
Class com.google.common.collect.Maps$BiMapConverter                                   : loaded 2 times (x 86B)
Class kotlin.sequences.FlatteningSequence                                             : loaded 2 times (x 71B)
Class com.amazon.ion.impl.lite.IonClobLite                                            : loaded 2 times (x 216B)
Class com.amazon.ion.impl._Private_ValueFactory                                       : loaded 2 times (x 66B)
Class com.amazon.ion.impl.bin.IonRawBinaryWriter$PreallocationMode$1                  : loaded 2 times (x 78B)
Class [Lcom.amazon.ion.impl.bin._Private_IonManagedBinaryWriterBuilder$AllocatorMode; : loaded 2 times (x 65B)
Class org.jetbrains.kotlin.idea.gradleTooling.KotlinMPPGradleModel                    : loaded 2 times (x 66B)
Class com.intellij.gradle.toolingExtension.impl.model.dependencyDownloadPolicyModel.GradleDependencyDownloadPolicy: loaded 2 times (x 66B)
Class kotlin.NoWhenBranchMatchedException                                             : loaded 2 times (x 78B)
Class org.gradle.tooling.model.BuildIdentifier                                        : loaded 2 times (x 66B)
Class com.android.builder.model.v2.ide.VectorDrawablesOptions                         : loaded 2 times (x 66B)
Class kotlin.text.MatcherMatchResult                                                  : loaded 2 times (x 76B)
Class com.google.common.cache.LocalCache$EntryFactory$4                               : loaded 2 times (x 79B)
Class kotlin.text.MatchGroupCollection                                                : loaded 2 times (x 66B)
Class com.amazon.ion.IonInt                                                           : loaded 2 times (x 66B)
Class com.amazon.ion.impl.bin.IonRawBinaryWriter$PreallocationMode$2                  : loaded 2 times (x 78B)
Class org.jetbrains.kotlin.idea.gradleTooling.PrepareKotlinIdeImportTaskModel         : loaded 2 times (x 66B)
Class com.google.common.collect.SetMultimap                                           : loaded 2 times (x 66B)
Class com.android.builder.model.v2.ide.Edge                                           : loaded 2 times (x 66B)
Class com.android.builder.model.v2.models.VariantDependenciesFlatList                 : loaded 2 times (x 66B)
Class com.google.common.cache.LocalCache$EntryFactory$5                               : loaded 2 times (x 79B)
Class com.amazon.ion.impl.bin.IonRawBinaryWriter$PreallocationMode$3                  : loaded 2 times (x 78B)
Class com.android.ide.gradle.model.GradlePluginModel                                  : loaded 2 times (x 66B)
Class com.google.common.collect.ReverseOrdering                                       : loaded 2 times (x 111B)
Class org.gradle.tooling.model.build.JavaEnvironment                                  : loaded 2 times (x 66B)
Class kotlin.text.StringsKt__StringsKt                                                : loaded 2 times (x 67B)
Class com.android.builder.model.v2.ide.SourceSetContainer                             : loaded 2 times (x 66B)
Class com.google.common.cache.LocalCache$EntryFactory$6                               : loaded 2 times (x 79B)
Class org.jetbrains.plugins.gradle.model.GradleExtension                              : loaded 2 times (x 66B)
Class com.amazon.ion.impl.lite.IonDecimalLite                                         : loaded 2 times (x 184B)
Class com.amazon.ion.IonBufferConfiguration$Builder                                   : loaded 2 times (x 74B)
Class ijInit5_cdf29jrnf6ppf17ku4dr8nws$_run_closure1                                  : loaded 2 times (x 136B)
Class org.gradle.internal.time.Timer                                                  : loaded 2 times (x 66B)
Class kotlin.jvm.internal.markers.KMappedMarker                                       : loaded 2 times (x 66B)
Class org.gradle.internal.installation.CurrentGradleInstallationLocator               : loaded 2 times (x 67B)
Class com.google.common.collect.ImmutableMultimap$Builder                             : loaded 2 times (x 82B)
Class com.android.builder.model.v2.ide.LintOptions                                    : loaded 2 times (x 66B)
Class com.google.common.collect.Maps$KeySet                                           : loaded 2 times (x 133B)
Class com.google.common.cache.LocalCache$EntryFactory$7                               : loaded 2 times (x 79B)
Class com.google.common.collect.ImmutableSet$EmptySetBuilderImpl                      : loaded 2 times (x 72B)
Class com.android.ide.gradle.model.dependencies.DeclaredDependencies                  : loaded 2 times (x 66B)
Class [Lcom.amazon.ion.impl.bin.IonRawBinaryWriter$ContainerType;                     : loaded 2 times (x 65B)
Class org.gradle.tooling.internal.adapter.ProtocolToModelAdapter$ViewGraphDetails     : loaded 2 times (x 68B)
Class org.gradle.tooling.model.idea.IdeaProject                                       : loaded 2 times (x 66B)
Class org.gradle.tooling.model.DomainObjectSet                                        : loaded 2 times (x 66B)
Class org.gradle.internal.service.DefaultServiceLocator                               : loaded 2 times (x 79B)
Class com.google.common.collect.ImmutableMultimap$EntryCollection                     : loaded 2 times (x 124B)
Class com.android.builder.model.v2.ide.BasicArtifact                                  : loaded 2 times (x 66B)
Class com.google.common.cache.LocalCache$EntryFactory$8                               : loaded 2 times (x 79B)
Class org.jetbrains.plugins.gradle.tooling.serialization.internal.IdeaProjectSerializationService$ReadContext: loaded 2 times (x 68B)
Class com.amazon.ion.impl.bin.utf8.Utf8StringEncoder$Result                           : loaded 2 times (x 70B)
Class com.amazon.ion.impl.bin.utf8.Pool$Allocator                                     : loaded 2 times (x 66B)
Class com.amazon.ion.IonText                                                          : loaded 2 times (x 66B)
Class com.amazon.ion.impl.SymbolTokenImpl                                             : loaded 2 times (x 77B)
Class com.amazon.ion.SubstituteSymbolTableException                                   : loaded 2 times (x 80B)
Class kotlin.coroutines.jvm.internal.SuspendFunction                                  : loaded 2 times (x 66B)
Class org.gradle.util.GradleVersion                                                   : loaded 2 times (x 75B)
Class org.gradle.internal.installation.CurrentGradleInstallation                      : loaded 2 times (x 69B)
Class com.google.common.cache.CacheLoader$1                                           : loaded 2 times (x 71B)
Class com.amazon.ion.impl.bin.IonManagedBinaryWriter$UserState$1                      : loaded 2 times (x 81B)
Class com.google.common.base.Equivalence$Identity                                     : loaded 2 times (x 78B)
Class com.amazon.ion.impl.bin.IonManagedBinaryWriter$ImportDescriptor                 : loaded 2 times (x 72B)
Class com.amazon.ion.SymbolTable                                                      : loaded 2 times (x 66B)
Class org.jetbrains.plugins.gradle.tooling.serialization.GradleExtensionsSerializationService$WriteContext: loaded 2 times (x 68B)
Class com.intellij.gradle.toolingExtension.impl.model.taskModel.GradleTaskSerialisationService$Companion: loaded 2 times (x 67B)
Class org.jetbrains.plugins.gradle.javaModel.JavaGradleManifestModel                  : loaded 2 times (x 66B)
Class kotlin.jvm.internal.Ref$BooleanRef                                              : loaded 2 times (x 67B)
Class kotlin.jvm.internal.StringCompanionObject                                       : loaded 2 times (x 67B)
Class kotlin.coroutines.intrinsics.IntrinsicsKt__IntrinsicsJvmKt                      : loaded 2 times (x 67B)
Class kotlin.coroutines.jvm.internal.CoroutineStackFrame                              : loaded 2 times (x 66B)
Class org.gradle.tooling.internal.adapter.ProtocolToModelAdapter$MethodInvocationCache$MethodInvocationKey: loaded 2 times (x 69B)
Class org.gradle.util.internal.GUtil                                                  : loaded 2 times (x 67B)
Class com.android.utils.StringHelper                                                  : loaded 2 times (x 67B)
Class com.google.common.cache.AbstractCache$StatsCounter                              : loaded 2 times (x 66B)
Class [Lcom.amazon.ion.impl.bin.IonManagedBinaryWriter$SymbolState;                   : loaded 2 times (x 65B)
Class com.amazon.ion.impl._Private_IonWriterBase                                      : loaded 2 times (x 158B)
Class com.amazon.ion.system.IonSystemBuilder                                          : loaded 2 times (x 71B)
Class com.amazon.ion.IonCatalog                                                       : loaded 2 times (x 66B)
Class com.intellij.gradle.toolingExtension.impl.model.sourceSetModel.GradleSourceSetSerialisationService$SourceSetModelReadContext: loaded 2 times (x 68B)
Class com.intellij.gradle.toolingExtension.impl.model.utilTurnOffDefaultTasksModel.TurnOffDefaultTasks: loaded 2 times (x 66B)
Class kotlin.io.NoSuchFileException                                                   : loaded 2 times (x 78B)
Class kotlin.collections.CollectionsKt                                                : loaded 2 times (x 67B)
Class com.google.common.reflect.Types$TypeVariableImpl                                : loaded 2 times (x 68B)
Class com.android.builder.model.v2.dsl.BuildType                                      : loaded 2 times (x 66B)
Class com.google.common.base.PairwiseEquivalence                                      : loaded 2 times (x 79B)
Class com.google.common.base.CommonPattern                                            : loaded 2 times (x 70B)
Class com.intellij.gradle.toolingExtension.impl.model.sourceSetModel.GradleSourceSetSerialisationService$SourceSetModelWriteContext: loaded 2 times (x 68B)
Class kotlin.ranges.IntProgressionIterator                                            : loaded 2 times (x 78B)
Class kotlin.coroutines.CoroutineContext                                              : loaded 2 times (x 66B)
Class kotlin.coroutines.jvm.internal.DebugProbesKt                                    : loaded 2 times (x 67B)
Class org.gradle.tooling.internal.adapter.WeakIdentityHashMap                         : loaded 2 times (x 72B)
Class org.gradle.tooling.GradleConnectionException                                    : loaded 2 times (x 79B)
Class org.gradle.tooling.internal.adapter.ProtocolToModelAdapter$1                    : loaded 2 times (x 71B)
Class org.gradle.tooling.internal.adapter.ProtocolToModelAdapter$ViewDecoration       : loaded 2 times (x 66B)
Class org.gradle.internal.installation.GradleInstallation                             : loaded 2 times (x 71B)
Class com.android.builder.model.v2.ide.ViewBindingOptions                             : loaded 2 times (x 66B)
Class com.amazon.ion.impl._Private_RecyclingQueue$Recycler                            : loaded 2 times (x 66B)
Class com.amazon.ion.impl.lite.ContainerlessContext                                   : loaded 2 times (x 76B)
Class org.jetbrains.plugins.gradle.tooling.serialization.GradleExtensionsSerializationService$ReadContext: loaded 2 times (x 68B)
Class com.google.common.collect.ForwardingCollection                                  : loaded 2 times (x 126B)
Class com.google.common.collect.LexicographicalOrdering                               : loaded 2 times (x 111B)
Class org.gradle.tooling.internal.adapter.MethodInvoker                               : loaded 2 times (x 66B)
Class com.android.ide.common.gradle.Part                                              : loaded 2 times (x 73B)
Class com.google.common.collect.Lists$RandomAccessReverseList                         : loaded 2 times (x 196B)
Class com.amazon.ion.UnexpectedEofException                                           : loaded 2 times (x 80B)
Class com.amazon.ion.IonSexp                                                          : loaded 2 times (x 66B)
Class com.amazon.ion.ReadOnlyValueException                                           : loaded 2 times (x 80B)
Class com.amazon.ion.impl._Private_LocalSymbolTable                                   : loaded 2 times (x 66B)
Class com.amazon.ion.BufferConfiguration$DataHandler                                  : loaded 2 times (x 66B)
Class com.amazon.ion.impl._Private_IonBinaryWriterBuilder                             : loaded 2 times (x 111B)
Class org.jetbrains.plugins.gradle.tooling.serialization.RepositoriesModelSerializationService$WriteContext: loaded 2 times (x 68B)
Class com.android.ide.gradle.model.LegacyAndroidGradlePluginProperties                : loaded 2 times (x 66B)
Class kotlin.ranges.IntProgression                                                    : loaded 2 times (x 77B)
Class kotlin.jvm.KotlinReflectionNotSupportedError                                    : loaded 2 times (x 78B)
Class org.gradle.tooling.model.gradle.GradleScript                                    : loaded 2 times (x 66B)

---------------  S Y S T E M  ---------------

OS:
 Windows 11 , 64 bit Build 26100 (10.0.26100.7920)
OS uptime: 0 days 1:28 hours

CPU: total 8 (initial active 8) (4 cores per cpu, 2 threads per core) family 6 model 126 stepping 5 microcode 0xb0, cx8, cmov, fxsr, ht, mmx, 3dnowpref, sse, sse2, sse3, ssse3, sse4.1, sse4.2, popcnt, lzcnt, tsc, tscinvbit, avx, avx2, aes, erms, clmul, bmi1, bmi2, adx, avx512f, avx512dq, avx512cd, avx512bw, avx512vl, sha, fma, vzeroupper, avx512_vpopcntdq, avx512_vpclmulqdq, avx512_vaes, avx512_vnni, clflush, clflushopt, avx512_vbmi2, avx512_vbmi, rdtscp, rdpid, fsrm, gfni, avx512_bitalg, f16c, pku, avx512_ifma
Processor Information for the first 8 processors :
  Max Mhz: 1190, Current Mhz: 991, Mhz Limit: 987

Memory: 4k page, system-wide physical 16122M (3963M free)
TotalPageFile size 18426M (AvailPageFile size 4087M)
current process WorkingSet (physical memory assigned to process): 576M, peak: 806M
current process commit charge ("private bytes"): 869M, peak: 870M

vm_info: OpenJDK 64-Bit Server VM (21.0.6+-13391695-b895.109) for windows-amd64 JRE (21.0.6+-13391695-b895.109), built on 2025-04-22T21:19:17Z by "builder" with MS VC++ 16.10 / 16.11 (VS2019)

END.
